Date,Close_BBAS3,Volume_BBAS3,Close_Dolar,Close_Petroleo,Close_Ibovespa,Close_Minerio
2021-08-02,12.124319076538086,23384600,5.1379,71.26000213623047,122516.0,60.64411926269531
2021-08-03,12.056249618530273,16356000,5.2464,70.55999755859375,123577.0,62.09596252441406
2021-08-04,11.87850570678711,17454200,5.2091,68.1500015258789,121801.0,61.49855041503906
2021-08-05,11.666727066040039,38815000,5.1464,69.08999633789062,121633.0,58.86577606201172
2021-08-06,12.022212028503418,23521600,5.241,68.27999877929688,122810.0,59.02553939819336
2021-08-09,11.912540435791016,20401000,5.2774,66.4800033569336,123019.0,59.44234085083008
2021-08-10,11.610000610351562,45841200,5.2217,68.29000091552734,122202.0,60.39404296875
2021-08-11,11.496546745300293,45073400,5.2013,69.25,122056.0,59.810516357421875
2021-08-12,11.246950149536133,43326800,5.2351,69.08999633789062,120701.0,58.82221984863281
2021-08-13,11.156189918518066,50579000,5.2474,68.44000244140625,121194.0,59.0302848815918
2021-08-16,11.137284278869629,32244400,5.2495,67.29000091552734,119180.0,57.9825439453125
2021-08-17,11.091899871826172,32961000,5.2585,66.58999633789062,117904.0,57.09084701538086
2021-08-18,11.144845008850098,32465800,5.3025,65.45999908447266,116643.0,55.08452606201172
2021-08-19,11.220479965209961,24213600,5.418,63.689998626708984,117165.0,53.81386184692383
2021-08-20,11.23560905456543,20974400,5.4274,62.31999969482422,118053.0,53.888160705566406
2021-08-23,11.337715148925781,37757000,5.3686,65.63999938964844,117472.0,54.244850158691406
2021-08-24,11.708200454711914,31057600,5.3017,67.54000091552734,120211.0,55.797889709472656
2021-08-25,11.669939994812012,16490000,5.2465,68.36000061035156,120818.0,56.02824783325195
2021-08-26,11.505410194396973,15668000,5.2429,67.41999816894531,118724.0,55.00278854370117
2021-08-27,11.681418418884277,12122600,5.22,68.73999786376953,120678.0,56.3477668762207
2021-08-30,11.570457458496094,13065600,5.1952,69.20999908447266,119740.0,56.518672943115234
2021-08-31,11.643153190612793,27641400,5.1433,68.5,118781.0,55.78302764892578
2021-09-01,11.654635429382324,13138200,5.1576,68.58999633789062,119396.0,55.66413497924805
2021-09-02,11.17253303527832,29610200,5.1735,69.98999786376953,116677.0,55.939064025878906
2021-09-03,11.14574909210205,28068800,5.1685,69.29000091552734,116933.0,56.37749481201172
2021-09-08,10.866434097290039,26706800,5.2524,69.30000305175781,113413.0,54.6535530090332
2021-09-09,11.057744979858398,27122600,5.2825,68.13999938964844,115361.0,53.546356201171875
2021-09-10,11.092179298400879,34482800,5.2158,69.72000122070312,114286.0,54.378597259521484
2021-09-13,11.337057113647461,20121200,5.219,70.44999694824219,116404.0,54.82444763183594
2021-09-14,11.254179954528809,16357000,5.226,70.45999908447266,116181.0,54.02192306518555
2021-09-15,11.165624618530273,16628800,5.2576,72.61000061035156,115063.0,54.660980224609375
2021-09-16,11.346585273742676,30809000,5.2594,72.61000061035156,113794.0,52.11963653564453
2021-09-17,11.142522811889648,37796400,5.3103,71.97000122070312,111439.0,50.55916976928711
2021-09-20,10.78060245513916,31646200,5.3332,70.29000091552734,108844.0,49.09531021118164
2021-09-21,11.053966522216797,27290800,5.3044,70.55999755859375,110250.0,48.57514953613281
2021-09-22,11.311930656433105,49030800,5.2783,72.2300033569336,112282.0,49.48169708251953
2021-09-23,11.338888168334961,32272200,5.2891,73.30000305175781,114064.0,49.823524475097656
2021-09-24,11.250326156616211,24134400,5.3435,73.9800033569336,113283.0,49.615455627441406
2021-09-27,11.500594139099121,37552400,5.3478,75.44999694824219,113583.0,50.18763732910156
2021-09-28,11.265730857849121,31860200,5.4206,75.29000091552734,110124.0,48.916961669921875
2021-09-29,11.327330589294434,23874000,5.4173,74.83000183105469,111107.0,48.85009002685547
2021-09-30,11.127120971679688,23068800,5.4394,75.02999877929688,110979.0,49.65261459350586
2021-10-01,11.377385139465332,18931200,5.3911,75.87999725341797,112900.0,49.64518737792969
2021-10-04,11.242629051208496,19529200,5.4204,77.62000274658203,110393.0,49.45941162109375
2021-10-05,11.777806282043457,58411600,5.4611,78.93000030517578,110458.0,49.32565689086914
2021-10-06,11.79705810546875,31716600,5.5097,77.43000030517578,110560.0,49.83837890625
2021-10-07,11.673852920532227,23374400,5.514,78.30000305175781,110585.0,50.62604522705078
2021-10-08,11.920266151428223,26906200,5.5084,79.3499984741211,112833.0,50.878692626953125
2021-10-11,11.827859878540039,15460000,5.5161,80.5199966430664,112180.0,51.87441635131836
2021-10-13,11.843263626098633,20400800,5.5471,80.44000244140625,113456.0,51.30968475341797
2021-10-14,11.785507202148438,21292800,5.4988,81.30999755859375,113185.0,52.825565338134766
2021-10-15,12.158978462219238,28465800,5.451,82.27999877929688,114648.0,52.335140228271484
2021-10-18,12.401542663574219,29963800,5.5193,82.44000244140625,114428.0,52.14935302734375
2021-10-19,11.793210983276367,45746800,5.5521,82.95999908447266,110673.0,52.67694091796875
2021-10-20,12.012670516967773,25801000,5.5571,83.87000274658203,110786.0,50.62604522705078
2021-10-21,11.481342315673828,51418400,5.6423,82.5,107735.0,48.70146560668945
2021-10-22,11.130973815917969,65578200,5.7117,83.76000213623047,106296.0,48.9541130065918
2021-10-25,11.361987113952637,22095800,5.5973,83.76000213623047,108715.0,49.6600456237793
2021-10-26,11.242629051208496,22256000,5.58,84.6500015258789,106420.0,49.065582275390625
2021-10-27,11.2310791015625,15202400,5.5667,82.66000366210938,106363.0,47.88408660888672
2021-10-28,11.130973815917969,18392400,5.6124,82.80999755859375,105705.0,47.92866516113281
2021-10-29,10.973114967346191,22352000,5.643,83.56999969482422,103501.0,47.014678955078125
2021-11-01,11.22337818145752,17584200,5.6694,84.05000305175781,105551.0,47.103851318359375
2021-11-03,11.296530723571777,22166400,5.6672,80.86000061035156,105617.0,46.152706146240234
2021-11-04,11.030868530273438,22132200,5.5942,78.80999755859375,103412.0,45.22385787963867
2021-11-05,11.277276992797852,15278200,5.5455,81.2699966430664,104824.0,45.04551696777344
2021-11-08,11.350433349609375,15958800,5.5627,81.93000030517578,104781.0,46.28646469116211
2021-11-09,11.335031509399414,41557200,5.4957,84.1500015258789,105535.0,45.625118255615234
2021-11-10,11.854812622070312,40790400,5.459,81.33999633789062,105968.0,44.83744812011719
2021-11-11,11.627650260925293,42865600,5.4171,81.58999633789062,107725.0,46.814048767089844
2021-11-12,11.608399391174316,17486800,5.4199,80.79000091552734,106312.0,46.32361602783203
2021-11-16,11.446688652038574,17540200,5.4772,80.76000213623047,104508.0,44.993499755859375
2021-11-17,11.284981727600098,27624000,5.4993,78.36000061035156,102945.0,45.08267593383789
2021-11-18,11.200274467468262,38862200,5.547,79.01000213623047,102524.0,44.510501861572266
2021-11-19,11.184874534606934,37276400,5.5584,76.0999984741211,103035.0,45.11239242553711
2021-11-22,11.123269081115723,31387400,5.5841,76.75,102122.0,46.07839584350586
2021-11-23,11.588340759277344,32655800,5.6456,78.5,103663.0,47.43824005126953
2021-11-24,11.803011894226074,27828200,5.6027,78.38999938964844,104514.0,47.37135314941406
2021-11-26,12.005973815917969,26635000,5.5865,68.1500015258789,102224.0,46.31618118286133
2021-11-29,12.025489807128906,23346400,5.6118,69.94999694824219,102814.0,46.76945877075195
2021-11-30,12.427510261535645,65184800,5.6199,66.18000030517578,101915.0,46.58368682861328
2021-12-01,12.216740608215332,51792200,5.6168,65.56999969482422,100775.0,46.18986129760742
2021-12-02,12.552411079406738,35298200,5.6345,66.5,104466.0,47.653724670410156
2021-12-03,12.568023681640625,34640600,5.6432,66.26000213623047,105070.0,45.57310485839844
2021-12-06,12.907591819763184,42535800,5.6877,69.48999786376953,106859.0,46.137847900390625
2021-12-07,12.724145889282227,25386200,5.6411,72.05000305175781,107558.0,47.676021575927734
2021-12-08,12.782693862915039,20586600,5.5779,72.36000061035156,108096.0,47.46795654296875
2021-12-09,12.497763633728027,19433200,5.5564,70.94000244140625,106291.0,47.54226303100586
2021-12-10,12.685115814208984,16587600,5.5931,71.66999816894531,107758.0,47.63886260986328
2021-12-13,12.579730033874512,24086800,5.6357,71.29000091552734,107383.0,47.713172912597656
2021-12-14,12.58169174194336,29018600,5.6461,70.7300033569336,106760.0,48.0772819519043
2021-12-15,12.365846633911133,44818600,5.7127,70.87000274658203,107370.0,47.965824127197266
2021-12-16,12.326603889465332,31537600,5.6963,72.37999725341797,108212.0,48.89467239379883
2021-12-17,11.902763366699219,45895200,5.6959,70.86000061035156,107201.0,48.233333587646484
2021-12-20,11.545642852783203,42582800,5.7055,68.2300033569336,105020.0,47.80234909057617
2021-12-21,11.577037811279297,23533800,5.7372,71.12000274658203,105500.0,49.05072021484375
2021-12-22,11.510323524475098,24956400,5.7201,72.76000213623047,105244.0,48.9541130065918
2021-12-23,11.467154502868652,14675600,5.691,73.79000091552734,104891.0,49.19933319091797
2021-12-27,11.490702629089355,11492400,5.665,75.56999969482422,105531.0,49.347957611083984
2021-12-28,11.42398738861084,17281400,5.6438,75.9800033569336,104864.0,48.98384094238281
2021-12-29,11.365119934082031,15332800,5.6619,76.55999755859375,104107.0,49.13246154785156
2021-12-30,11.321949005126953,25165600,5.5805,76.98999786376953,104822.0,49.615455627441406
2022-01-03,11.310178756713867,32338600,5.6309,76.08000183105469,103922.0,49.58573532104492
2022-01-04,11.321949005126953,23429600,5.6776,76.98999786376953,103514.0,50.17277145385742
2022-01-05,11.133580207824707,26325600,5.6628,77.8499984741211,101006.0,51.057029724121094
2022-01-06,11.223840713500977,20271000,5.7042,79.45999908447266,101561.0,52.04533386230469
2022-01-07,11.235612869262695,16377400,5.6753,78.9000015258789,102719.0,53.680110931396484
2022-01-10,11.294482231140137,18347400,5.6736,78.2300033569336,101945.0,54.029354095458984
2022-01-11,11.341572761535645,25298400,5.6351,81.22000122070312,103779.0,55.30001449584961
2022-01-12,11.451457023620605,28332200,5.5611,82.63999938964844,105686.0,56.526100158691406
2022-01-13,11.635904312133789,34316200,5.5246,82.12000274658203,105530.0,56.221439361572266
2022-01-14,11.934159278869629,34041800,5.5349,83.81999969482422,106928.0,56.02824783325195
2022-01-18,12.063665390014648,24899800,5.5213,85.43000030517578,106522.0,56.27346420288086
2022-01-19,12.169628143310547,26745600,5.4978,86.95999908447266,108013.0,57.90080261230469
2022-01-20,12.24418830871582,22722000,5.4166,86.9000015258789,109102.0,56.59299087524414
2022-01-21,12.24418830871582,28721400,5.4401,85.13999938964844,108942.0,55.25543975830078
2022-01-24,12.303057670593262,31500600,5.491,83.30999755859375,107752.0,54.44547653198242
2022-01-25,12.620936393737793,33262000,5.4971,85.5999984741211,109845.0,54.750144958496094
2022-01-26,12.499276161193848,39544600,5.4324,87.3499984741211,111573.0,55.01021957397461
2022-01-27,12.671952247619629,30914000,5.3812,86.61000061035156,112315.0,55.797889709472656
2022-01-28,12.750439643859863,29160000,5.3954,86.81999969482422,111478.0,54.34144592285156
2022-01-31,12.817155838012695,22021200,5.3574,88.1500015258789,112388.0,53.05592727661133
2022-02-01,12.797534942626953,16596200,5.281,88.19999694824219,113147.0,55.13654708862305
2022-02-02,12.585615158081055,23883800,5.2956,88.26000213623047,112161.0,55.203426361083984
2022-02-03,12.671952247619629,23502600,5.3025,90.2699966430664,111696.0,54.594093322753906
2022-02-04,12.648404121398926,14768400,5.3284,92.30999755859375,112245.0,54.906192779541016
2022-02-07,12.503202438354492,17111400,5.2913,91.31999969482422,111996.0,56.94966125488281
2022-02-08,12.636631965637207,23846800,5.2699,89.36000061035156,112234.0,58.03455352783203
2022-02-09,12.526748657226562,32754200,5.2735,89.66000366210938,112461.0,58.205474853515625
2022-02-10,12.664105415344238,28688600,5.2101,89.87999725341797,113359.0,58.67361068725586
2022-02-11,13.107563972473145,64663600,5.1987,93.0999984741211,113572.0,57.80419921875
2022-02-14,13.162504196166992,32971000,5.2106,95.45999908447266,113807.0,58.235191345214844
2022-02-15,13.786490440368652,98196600,5.1881,92.06999969482422,114660.0,57.31377029418945
2022-02-16,13.864975929260254,35496200,5.163,93.66000366210938,115181.0,58.37636947631836
2022-02-17,13.864975929260254,28766200,5.1565,91.76000213623047,113528.0,56.97938537597656
2022-02-18,14.147533416748047,42354200,5.1339,91.06999969482422,112768.0,57.685306549072266
2022-02-22,13.974862098693848,59700800,5.0611,92.3499984741211,112892.0,57.789337158203125
2022-02-23,14.045499801635742,26680600,5.0143,92.0999984741211,112008.0,57.58871078491211
2022-02-24,13.598116874694824,46761400,5.1174,92.80999755859375,111592.0,56.0431022644043
2022-02-25,13.817883491516113,34731400,5.1394,91.58999633789062,113142.0,57.93052291870117
2022-03-02,13.970934867858887,25371800,5.1347,110.5999984741211,115174.0,62.076904296875
2022-03-03,13.97248363494873,25667200,5.0479,107.66999816894531,115166.0,62.418739318847656
2022-03-04,13.622872352600098,31877600,5.0758,115.68000030517578,114474.0,60.84339904785156
2022-03-07,13.040183067321777,30754600,5.0579,119.4000015258789,111593.0,59.104591369628906
2022-03-08,13.14064884185791,17963600,5.0903,123.69999694824219,111203.0,57.611000061035156
2022-03-09,13.884077072143555,55673000,5.0094,108.69999694824219,113900.0,57.75218963623047
2022-03-10,13.703243255615234,21721800,5.0513,106.0199966430664,113663.0,59.27260208129883
2022-03-11,13.429978370666504,24482400,5.0255,109.33000183105469,111713.0,57.58588409423828
2022-03-14,13.51436996459961,21501000,5.0647,103.01000213623047,109928.0,54.933082580566406
2022-03-15,13.360957145690918,20883800,5.1314,96.44000244140625,108959.0,54.70343017578125
2022-03-16,13.538888931274414,23502600,5.1287,95.04000091552734,111112.0,57.58588409423828
2022-03-17,13.664246559143066,21021400,5.0764,102.9800033569336,113076.0,59.26468276977539
2022-03-18,13.635941505432129,28675400,5.0411,104.69999694824219,115311.0,59.731903076171875
2022-03-21,13.914965629577637,18357400,4.9666,112.12000274658203,116155.0,61.52156066894531
2022-03-22,14.193994522094727,23499800,4.9208,111.76000213623047,117272.0,60.55546951293945
2022-03-23,14.121206283569336,16116200,4.8704,114.93000030517578,117457.0,61.67201614379883
2022-03-24,14.282960891723633,16706200,4.8067,112.33999633789062,119053.0,62.00461196899414
2022-03-25,14.274873733520508,15335400,4.7782,113.9000015258789,119081.0,62.97071075439453
2022-03-28,14.137380599975586,13350400,4.7905,105.95999908447266,118738.0,62.18674087524414
2022-03-29,14.198039054870605,18239600,4.7486,104.23999786376953,120014.0,62.067962646484375
2022-03-30,14.113120079040527,13437000,4.7497,107.81999969482422,120260.0,63.74675750732422
2022-03-31,14.032240867614746,45229200,4.7378,100.27999877929688,119999.0,63.66756820678711
2022-04-01,14.024151802062988,52307800,4.6984,99.2699966430664,121570.0,65.47306823730469
2022-04-04,13.894746780395508,19774800,4.6175,103.27999877929688,121280.0,64.44361877441406
2022-04-05,13.52675724029541,29155400,4.64,101.95999908447266,118885.0,63.73884963989258
2022-04-06,13.595501899719238,26493400,4.6967,96.2300033569336,118228.0,63.80218505859375
2022-04-07,13.846219062805176,30086000,4.7422,96.02999877929688,118862.0,64.02391815185547
2022-04-08,14.09289836883545,26147800,4.7513,98.26000213623047,118322.0,63.572540283203125
2022-04-11,14.181864738464355,20869200,4.7025,94.29000091552734,116953.0,63.144927978515625
2022-04-12,14.15355396270752,24837400,4.6483,100.5999984741211,116147.0,63.73884963989258
2022-04-13,14.22230339050293,25615800,4.6811,104.25,116782.0,64.88706970214844
2022-04-14,14.23443603515625,21384200,4.7158,106.94999694824219,116182.0,64.8316421508789
2022-04-18,14.760136604309082,45145200,4.6746,108.20999908447266,115687.0,65.25133514404297
2022-04-19,14.238478660583496,35773000,4.6664,102.55999755859375,115057.0,63.905120849609375
2022-04-20,14.218257904052734,22592400,4.6397,102.75,114344.0,62.22633743286133
2022-04-22,13.923054695129395,21846800,4.7326,102.06999969482422,111078.0,57.546295166015625
2022-04-25,14.032240867614746,22644800,4.8818,98.54000091552734,110685.0,56.09714126586914
2022-04-26,13.716816902160645,27945400,4.9666,101.69999694824219,108213.0,54.43418502807617
2022-04-27,13.777478218078613,19436600,5.0167,102.0199966430664,109349.0,56.9365348815918
2022-04-28,13.753213882446289,19950800,5.011,105.36000061035156,109919.0,56.627708435058594
2022-04-29,13.433747291564941,34448000,4.9191,104.69000244140625,107876.0,56.318870544433594
2022-05-02,13.33669376373291,21440400,5.0266,105.16999816894531,106639.0,56.18425369262695
2022-05-03,13.611676216125488,25805000,5.0167,102.41000366210938,106528.0,56.318870544433594
2022-05-04,14.007975578308105,26092000,5.0093,107.80999755859375,108344.0,56.865272521972656
2022-05-05,13.644030570983887,28301400,5.0051,108.26000213623047,105304.0,54.61632537841797
2022-05-06,13.68851089477539,27666800,5.075,109.7699966430664,105135.0,53.903621673583984
2022-05-09,13.724905014038086,20204000,5.134,103.08999633789062,103250.0,51.44878005981445
2022-05-10,13.567194938659668,18495200,5.139,99.76000213623047,103110.0,51.551727294921875
2022-05-11,13.866442680358887,27256600,5.1244,105.70999908447266,104397.0,51.80513000488281
2022-05-12,14.218257904052734,49017800,5.1482,106.12999725341797,105688.0,51.01324462890625
2022-05-13,14.198039054870605,71424800,5.1075,110.48999786376953,106924.0,52.113956451416016
2022-05-16,14.198039054870605,0,5.0666,114.19999694824219,108233.0,52.71579360961914
2022-05-17,14.731833457946777,44380000,4.9676,112.4000015258789,108789.0,54.608402252197266
2022-05-18,14.5215482711792,24974400,4.9592,109.58999633789062,106247.0,52.79498291015625
2022-05-19,14.436625480651855,18866200,4.9198,112.20999908447266,107005.0,53.79276657104492
2022-05-20,14.962329864501953,51585000,4.8777,113.2300033569336,108488.0,55.06769561767578
2022-05-23,15.593174934387207,50806000,4.7973,110.29000091552734,110346.0,56.010047912597656
2022-05-24,15.347671508789062,47841000,4.8106,109.7699966430664,110581.0,56.437652587890625
2022-05-25,15.254288673400879,34721600,4.8359,110.33000183105469,110580.0,56.92862319946289
2022-05-26,15.209622383117676,25567800,4.7967,114.08999633789062,111890.0,57.11867141723633
2022-05-27,15.0431547164917,26784000,4.7434,115.06999969482422,111942.0,57.95808029174805
2022-05-31,14.868565559387207,67388800,4.7289,114.66999816894531,111351.0,58.15604782104492
2022-06-01,14.89698600769043,26949600,4.7765,115.26000213623047,111360.0,57.98976135253906
2022-06-02,14.90916919708252,19103200,4.7879,116.87000274658203,112393.0,60.040733337402344
2022-06-03,14.702095985412598,17798400,4.7956,118.87000274658203,111102.0,59.28052520751953
2022-06-06,14.51938533782959,16750000,4.7839,118.5,110186.0,60.11199951171875
2022-06-07,14.417879104614258,15000600,4.8909,119.41000366210938,110070.0,62.083797454833984
2022-06-08,14.28795051574707,16033600,4.8711,122.11000061035156,108368.0,60.57130813598633
2022-06-09,14.267653465270996,21941200,4.8951,121.51000213623047,107094.0,58.924171447753906
2022-06-10,14.028098106384277,67795400,4.9836,120.66999816894531,105481.0,56.77025604248047
2022-06-13,13.707335472106934,28855400,5.1033,120.93000030517578,102598.0,54.4896240234375
2022-06-14,13.7115478515625,26059000,5.1203,118.93000030517578,102063.0,53.38889694213867
2022-06-15,13.928346633911133,27449200,5.1119,115.30999755859375,102807.0,55.051856994628906
2022-06-17,13.961069107055664,58546600,5.1313,109.55999755859375,99825.0,51.108272552490234
2022-06-21,13.490656852722168,51527600,5.1462,110.6500015258789,99685.0,51.7892951965332
2022-06-22,13.441570281982422,49448000,5.1509,106.19000244140625,99522.0,49.65911865234375
2022-06-23,13.355669021606445,30994000,5.1833,104.2699966430664,98080.0,48.154537200927734
2022-06-24,13.277947425842285,18258200,5.2334,107.62000274658203,98672.0,49.66704177856445
2022-06-27,13.552016258239746,18872000,5.2214,109.56999969482422,100764.0,49.904605865478516
2022-06-28,13.60110092163086,24111000,5.2179,111.76000213623047,100591.0,50.09465408325195
2022-06-29,13.531562805175781,16232200,5.2268,109.77999877929688,99622.0,49.833335876464844
2022-06-30,13.654281616210938,36974000,5.238,105.76000213623047,98542.0,48.30500030517578
2022-07-01,13.560196876525879,16754000,5.3142,108.43000030517578,98954.0,47.37849426269531
2022-07-05,13.441570281982422,17375800,5.3899,99.5,98295.0,45.35918045043945
2022-07-06,13.355669021606445,21683600,5.4321,98.52999877929688,98719.0,45.34334182739258
2022-07-07,13.552016258239746,19425200,5.364,102.7300033569336,100730.0,47.109249114990234
2022-07-08,13.682910919189453,17998200,5.3086,104.79000091552734,100289.0,46.80833053588867
2022-07-11,13.457935333251953,14107400,5.3477,104.08999633789062,98212.0,45.77888870239258
2022-07-12,13.502928733825684,14764600,5.412,95.83999633789062,98271.0,45.31167221069336
2022-07-13,13.355669021606445,25347000,5.3992,96.30000305175781,97881.0,46.00852966308594
2022-07-14,13.339306831359863,24568600,5.4568,95.77999877929688,96121.0,43.30028533935547
2022-07-15,13.613372802734375,24545600,5.4014,97.58999633789062,96551.0,43.878360748291016
2022-07-18,13.805630683898926,21789200,5.3675,102.5999984741211,96916.0,44.852378845214844
2022-07-19,14.177871704101562,30828800,5.3904,104.22000122070312,98245.0,45.493804931640625
2022-07-20,14.181960105895996,19149200,5.4288,102.26000213623047,98287.0,45.37501907348633
2022-07-21,14.280133247375488,17517400,5.475,96.3499984741211,99033.0,45.557151794433594
2022-07-22,14.181960105895996,13262000,5.4522,94.69999694824219,98925.0,45.53339767456055
2022-07-25,14.398761749267578,24344400,5.4144,96.69999694824219,100270.0,47.25178909301758
2022-07-26,14.447848320007324,22242600,5.3608,94.9800033569336,99772.0,46.80833053588867
2022-07-27,14.5419282913208,14388600,5.3074,97.26000213623047,101438.0,47.0538215637207
2022-07-28,14.811906814575195,16259600,5.2149,96.41999816894531,102597.0,47.4180908203125
2022-07-29,14.713736534118652,23704200,5.1884,98.62000274658203,103165.0,48.32875061035156
2022-08-01,14.595107078552246,22649400,5.1606,93.88999938964844,102225.0,47.711082458496094
2022-08-02,14.791455268859863,19655200,5.2329,94.41999816894531,103362.0,46.95878601074219
2022-08-03,14.893716812133789,15138800,5.2846,90.66000366210938,103775.0,46.863765716552734
2022-08-04,15.175969123840332,23298200,5.2409,88.54000091552734,105892.0,46.97462844848633
2022-08-05,15.45821475982666,21754000,5.2165,89.01000213623047,106472.0,48.059513092041016
2022-08-08,15.944992065429688,38957600,5.1247,90.76000213623047,108402.0,48.1466178894043
2022-08-09,16.21088218688965,34672600,5.1224,90.5,108651.0,48.57423782348633
2022-08-10,16.349958419799805,28315800,5.0497,91.93000030517578,110236.0,48.86723327636719
2022-08-11,17.073986053466797,124169000,5.1127,94.33999633789062,109718.0,49.64527130126953
2022-08-12,18.039356231689453,90489400,5.1023,92.08999633789062,112764.0,49.82736587524414
2022-08-15,17.585308074951172,38795200,5.0925,89.41000366210938,113032.0,48.428558349609375
2022-08-16,17.67120361328125,42526400,5.134,86.52999877929688,113512.0,50.47296905517578
2022-08-17,17.511674880981445,50055000,5.1784,88.11000061035156,113708.0,49.38040542602539
2022-08-18,17.106708526611328,31663000,5.1773,90.5,113813.0,50.06740188598633
2022-08-19,16.791736602783203,54949600,5.1961,90.7699966430664,111496.0,48.69342041015625
2022-08-22,16.96354103088379,53275000,5.1709,90.2300033569336,110501.0,48.776187896728516
2022-08-23,17.06821060180664,27895600,5.103,93.73999786376953,112857.0,50.572288513183594
2022-08-24,16.784563064575195,21973200,5.105,94.88999938964844,112898.0,48.933448791503906
2022-08-25,17.183311462402344,36882800,5.1173,92.5199966430664,113532.0,49.80253219604492
2022-08-26,17.09698486328125,22573800,5.0903,93.05999755859375,112299.0,49.42179489135742
2022-08-29,17.450515747070312,26342400,5.0428,97.01000213623047,112323.0,49.032779693603516
2022-08-30,17.40118408203125,33588200,5.0617,91.63999938964844,110431.0,46.98836135864258
2022-08-31,17.13809585571289,35911000,5.179,89.55000305175781,109523.0,46.591068267822266
2022-09-01,17.40118408203125,32369000,5.2007,86.61000061035156,110405.0,44.9770622253418
2022-09-02,17.483400344848633,25208800,5.1878,86.87000274658203,110864.0,45.10121536254883
2022-09-06,16.2912654876709,67883800,5.2228,86.87999725341797,109764.0,45.42401885986328
2022-09-08,16.22137451171875,34886400,5.2155,83.54000091552734,109916.0,45.804752349853516
2022-09-09,16.66946029663086,45153800,5.1633,86.79000091552734,112300.0,47.948490142822266
2022-09-12,16.92844009399414,26211200,5.1183,87.77999877929688,113407.0,48.701698303222656
2022-09-13,16.64444351196289,32529800,5.1794,87.30999755859375,110794.0,46.91387176513672
2022-09-14,16.660991668701172,30654000,5.1774,88.4800033569336,110547.0,46.516578674316406
2022-09-15,16.491321563720703,42610400,5.2211,85.0999984741211,109954.0,45.81303024291992
2022-09-16,16.305099487304688,72317400,5.2882,85.11000061035156,109280.0,45.66404342651367
2022-09-19,16.627887725830078,31859000,5.2367,85.7300033569336,111824.0,46.60762405395508
2022-09-20,16.880327224731445,34701400,5.1705,84.44999694824219,112517.0,45.61438751220703
2022-09-21,16.760316848754883,24569000,5.1692,82.94000244140625,111936.0,44.05003356933594
2022-09-22,17.066553115844727,28798000,5.1677,83.48999786376953,114070.0,45.81303024291992
2022-09-23,16.855497360229492,34142400,5.2257,78.73999786376953,111716.0,43.17267990112305
2022-09-26,16.1519775390625,17178800,5.3548,76.70999908447266,109114.0,42.3946418762207
2022-09-27,15.949198722839355,22239600,5.3508,78.5,108376.0,43.354774475097656
2022-09-28,15.953335762023926,22874200,5.3594,82.1500015258789,108451.0,44.58803939819336
2022-09-29,15.866433143615723,37109600,5.3916,81.2300033569336,107664.0,45.672325134277344
2022-09-30,15.940923690795898,41095600,5.4066,79.48999786376953,110037.0,45.57300567626953
2022-10-03,17.1575984954834,90279400,5.2002,83.62999725341797,116134.0,47.178733825683594
2022-10-04,16.2347469329834,55373800,5.1411,86.5199966430664,116230.0,49.04104995727539
2022-10-05,16.49545669555664,44850000,5.2144,87.76000213623047,117198.0,48.618927001953125
2022-10-06,16.789283752441406,36355600,5.2009,88.44999694824219,117561.0,47.31944274902344
2022-10-07,16.82653045654297,27124000,5.2221,92.63999938964844,116375.0,47.42703628540039
2022-10-10,16.582368850708008,23049200,5.1941,91.12999725341797,115941.0,47.559471130371094
2022-10-11,16.18508529663086,29225800,5.2068,89.3499984741211,114827.0,46.48346710205078
2022-10-13,16.29682159423828,30284800,5.3017,89.11000061035156,114300.0,46.70694351196289
2022-10-14,16.20577621459961,25022800,5.2824,85.61000061035156,112072.0,44.455604553222656
2022-10-17,16.342344284057617,20077200,5.2713,85.45999908447266,113624.0,45.672325134277344
2022-10-18,16.532711029052734,43483200,5.2697,82.81999969482422,115743.0,45.28330612182617
2022-10-19,17.23622703552246,25457000,5.2808,85.55000305175781,116274.0,44.48044204711914
2022-10-20,18.043201446533203,70753200,5.2176,85.9800033569336,117171.0,44.141090393066406
2022-10-21,18.49014663696289,64165600,5.1919,85.05000305175781,119929.0,45.98685073852539
2022-10-24,16.636165618896484,75329200,5.2744,84.58000183105469,116013.0,44.77013397216797
2022-10-25,16.35062026977539,42736400,5.3091,85.31999969482422,114626.0,45.56472396850586
2022-10-26,15.77125072479248,64148400,5.3248,87.91000366210938,112764.0,47.10424041748047
2022-10-27,15.96988582611084,41654200,5.3003,89.08000183105469,114641.0,45.31641387939453
2022-10-28,16.06507110595703,40856000,5.3454,87.9000015258789,114539.0,43.72723388671875
2022-10-31,15.320175170898438,101533600,5.257,86.52999877929688,116037.0,44.15763854980469
2022-11-01,15.684342384338379,49280600,5.15,88.37000274658203,116929.0,45.498504638671875
2022-11-03,16.011274337768555,60835800,5.1349,88.16999816894531,116896.0,43.884498596191406
2022-11-04,16.247159957885742,54580800,5.036,92.61000061035156,118155.0,48.287845611572266
2022-11-07,15.680209159851074,47342400,5.0886,91.79000091552734,115342.0,48.387168884277344
2022-11-08,15.754697799682617,29484600,5.1744,88.91000366210938,116160.0,49.264530181884766
2022-11-09,15.336725234985352,37975000,5.1629,85.83000183105469,113580.0,48.29612731933594
2022-11-10,15.034623146057129,129116200,5.3064,86.47000122070312,109775.0,50.3322639465332
2022-11-11,14.699417114257812,108313600,5.3051,88.95999908447266,112253.0,53.56027603149414
2022-11-14,15.063591957092285,46067800,5.3013,85.87000274658203,113161.0,53.171260833740234
2022-11-16,14.587682723999023,45099200,5.3204,85.58999633789062,110243.0,53.39473342895508
2022-11-17,14.27730655670166,80265400,5.4655,81.63999938964844,109703.0,53.742374420166016
2022-11-18,14.227645874023438,45290400,5.3477,80.08000183105469,108880.0,53.95757293701172
2022-11-21,14.566990852355957,42765800,5.3259,79.7300033569336,109748.0,53.204368591308594
2022-11-22,14.345519065856934,26437600,5.3339,80.94999694824219,109037.0,53.96584701538086
2022-11-23,14.5225191116333,26649000,5.393,77.94000244140625,108683.0,54.74388122558594
2022-11-25,14.417159080505371,19184600,5.3508,76.27999877929688,108977.0,54.40453338623047
2022-11-28,14.678450584411621,16474600,5.3796,77.23999786376953,108782.0,53.96584701538086
2022-11-29,14.855454444885254,18270400,5.3076,78.19999694824219,110910.0,56.16752624511719
2022-11-30,14.868090629577637,25598000,5.2941,80.55000305175781,112486.0,56.81312561035156
2022-12-01,14.851238250732422,18236800,5.1948,81.22000122070312,110926.0,57.26008605957031
2022-12-02,15.18416690826416,27612800,5.1974,79.9800033569336,111924.0,57.78981399536133
2022-12-05,14.83437728881836,20721200,5.2464,76.93000030517578,109401.0,57.49183654785156
2022-12-06,14.986095428466797,17258800,5.2396,74.25,109533.0,58.22020721435547
2022-12-07,14.952381134033203,13206600,5.2208,72.01000213623047,109361.0,57.814632415771484
2022-12-08,14.762736320495605,24538200,5.2091,71.45999908447266,107245.0,59.428653717041016
2022-12-09,14.74166488647461,14063800,5.2396,71.0199966430664,107689.0,59.999755859375
2022-12-12,14.240159034729004,53108400,5.3066,73.16999816894531,105264.0,58.87409210205078
2022-12-13,13.565515518188477,43709800,5.2669,75.38999938964844,103892.0,59.271385192871094
2022-12-14,13.229144096374512,80022400,5.3406,77.27999877929688,103803.0,58.53474426269531
2022-12-15,13.603836059570312,94932200,5.3183,76.11000061035156,103738.0,58.31126022338867
2022-12-16,13.880595207214355,43696800,5.2806,74.29000091552734,102825.0,57.467010498046875
2022-12-19,14.029621124267578,31158000,5.316,75.19000244140625,104530.0,56.99522018432617
2022-12-20,14.39154052734375,26498000,5.2427,76.08999633789062,106979.0,57.63254165649414
2022-12-21,14.527789115905762,17495000,5.2031,78.29000091552734,107313.0,58.55129623413086
2022-12-22,14.659782409667969,14796600,5.1871,77.48999786376953,107317.0,58.178829193115234
2022-12-23,15.021698951721191,17488800,5.1445,79.55999755859375,109698.0,58.59267807006836
2022-12-27,14.502243995666504,17731600,5.2832,79.52999877929688,108347.0,59.122398376464844
2022-12-28,14.761970520019531,21450400,5.2736,78.95999908447266,110237.0,58.46023941040039
2022-12-29,14.787517547607422,18673000,5.2177,78.4000015258789,110031.0,58.840980529785156
2023-01-03,13.897627830505371,21547400,5.3759,76.93000030517578,104166.0,58.81615447998047
2023-01-04,14.076457977294922,19519000,5.4459,72.83999633789062,105334.0,59.21344757080078
2023-01-05,14.719391822814941,33937600,5.4026,73.66999816894531,107518.0,59.552799224853516
2023-01-06,14.923771858215332,29504600,5.2855,73.7699966430664,108836.0,61.30751419067383
2023-01-09,14.779001235961914,20027200,5.2967,74.62999725341797,109227.0,61.37372970581055
2023-01-10,15.030218124389648,19309600,5.2395,75.12000274658203,110912.0,62.58217239379883
2023-01-11,15.243111610412598,29084800,5.202,77.41000366210938,111763.0,62.366973876953125
2023-01-12,15.145177841186523,20173200,5.14,78.38999938964844,111877.0,64.2955093383789
2023-01-13,15.179242134094238,20087000,5.1146,79.86000061035156,110916.0,64.18791198730469
2023-01-17,16.052099227905273,52121000,5.1203,80.18000030517578,111439.0,62.88014221191406
2023-01-18,16.282026290893555,46469200,5.0909,79.4800033569336,112452.0,63.236053466796875
2023-01-19,16.6524600982666,46824200,5.2144,80.33000183105469,113006.0,63.997528076171875
2023-01-20,17.061214447021484,61422400,5.1986,81.30999755859375,112301.0,64.87489318847656
2023-01-23,16.9334774017334,58229000,5.1922,81.62000274658203,111709.0,65.18942260742188
2023-01-24,16.848318099975586,33155800,5.1696,80.12999725341797,113028.0,65.37979125976562
2023-01-25,17.308168411254883,30466000,5.1042,80.1500015258789,114195.0,66.11644744873047
2023-01-26,17.299650192260742,26301400,5.0951,81.01000213623047,114109.0,66.5468521118164
2023-01-27,17.108043670654297,24856600,5.0767,79.68000030517578,112502.0,65.8929672241211
2023-01-30,17.376293182373047,28495800,5.0959,77.9000015258789,111888.0,65.33013916015625
2023-01-31,17.329458236694336,29569200,5.0993,78.87000274658203,113532.0,65.67776489257812
2023-02-01,17.120820999145508,26311400,5.0721,76.41000366210938,112303.0,65.4625473022461
2023-02-02,16.797224044799805,37048600,4.9901,75.87999725341797,109935.0,62.201438903808594
2023-02-03,16.690776824951172,24334800,5.103,73.38999938964844,108490.0,61.83724594116211
2023-02-06,16.78445053100586,27313800,5.1763,74.11000061035156,108456.0,61.15026092529297
2023-02-07,16.554527282714844,24883800,5.1695,77.13999938964844,107920.0,61.779300689697266
2023-02-08,16.94624900817871,44485600,5.2036,78.47000122070312,109882.0,61.53927230834961
2023-02-09,16.856834411621094,21309200,5.2315,78.05999755859375,107783.0,61.55583953857422
2023-02-10,17.188945770263672,29831400,5.2526,79.72000122070312,108150.0,60.68675994873047
2023-02-13,17.2868709564209,32489600,5.1834,80.13999938964844,108846.0,61.24958038330078
2023-02-14,17.691370010375977,118462000,5.1507,79.05999755859375,107659.0,61.8289680480957
2023-02-15,17.853174209594727,49143800,5.2243,78.58999633789062,109442.0,61.60548782348633
2023-02-16,18.05328941345215,43014800,5.2432,78.48999786376953,109905.0,62.00279235839844
2023-02-17,18.232118606567383,44727400,5.2012,76.33999633789062,109303.0,61.61377716064453
2023-02-22,17.780786514282227,22328200,5.173,73.94999694824219,107152.0,60.297725677490234
2023-02-23,17.925552368164062,48294200,5.133,75.38999938964844,107720.0,59.172061920166016
2023-02-24,17.581090927124023,24550800,5.1791,76.31999969482422,105873.0,57.0283317565918
2023-02-27,17.34221839904785,22472400,5.196,75.68000030517578,105711.0,57.243534088134766
2023-02-28,17.502920150756836,33330200,5.2078,77.05000305175781,104932.0,57.71532440185547
2023-03-01,16.938302993774414,54529600,5.207,77.69000244140625,104385.0,60.18185043334961
2023-03-02,16.256431579589844,34978600,5.208,78.16000366210938,103326.0,61.03437805175781
2023-03-03,16.4388370513916,33717800,5.2037,79.68000030517578,103866.0,62.22626876831055
2023-03-06,16.812353134155273,20465200,5.197,80.45999908447266,104700.0,60.18185043334961
2023-03-07,17.198894500732422,38627000,5.1901,77.58000183105469,104228.0,58.451969146728516
2023-03-08,17.37261962890625,26042600,5.1387,76.66000366210938,106540.0,59.246551513671875
2023-03-09,16.994768142700195,24777400,5.1353,75.72000122070312,105071.0,58.29800033569336
2023-03-10,16.673372268676758,25785800,5.1822,76.68000030517578,103618.0,57.71689987182617
2023-03-13,16.569137573242188,18280400,5.24,74.80000305175781,103121.0,58.460365295410156
2023-03-14,16.442901611328125,22174800,5.2362,71.33000183105469,102932.0,59.29782485961914
2023-03-15,16.46043586730957,23139000,5.2981,67.61000061035156,102675.0,56.2897834777832
2023-03-16,16.635787963867188,25555600,5.2892,68.3499984741211,103435.0,55.315589904785156
2023-03-17,16.350849151611328,42093400,5.2679,66.73999786376953,101982.0,55.26430892944336
2023-03-20,16.258792877197266,20987400,5.2467,67.63999938964844,100923.0,56.79397201538086
2023-03-21,16.451671600341797,17838800,5.2444,69.33000183105469,100998.0,56.383785247802734
2023-03-22,16.49112319946289,23718400,5.2648,70.9000015258789,100221.0,55.589046478271484
2023-03-23,16.311397552490234,22840800,5.2632,69.95999908447266,97926.0,55.20449447631836
2023-03-24,16.47797393798828,15880600,5.2921,69.26000213623047,98829.0,55.26430892944336
2023-03-27,16.486738204956055,13828800,5.2306,72.80999755859375,99670.0,55.623226165771484
2023-03-28,16.60071563720703,15889400,5.1733,73.19999694824219,101185.0,56.4521484375
2023-03-29,16.79359245300293,14395600,5.1493,72.97000122070312,101793.0,57.110164642333984
2023-03-30,17.100444793701172,26295200,5.1254,74.37000274658203,103713.0,58.20399475097656
2023-03-31,17.1442813873291,16900200,5.0804,75.66999816894531,101882.0,58.62272262573242
2023-04-03,16.94264030456543,17920600,5.0637,80.41999816894531,101506.0,58.1869010925293
2023-04-04,17.223186492919922,16471600,5.0762,80.70999908447266,101869.0,57.195613861083984
2023-04-05,17.161819458007812,15532400,5.0447,80.61000061035156,100978.0,57.127254486083984
2023-04-06,17.104829788208008,13361800,5.0683,80.69999694824219,100822.0,57.04179382324219
2023-04-10,17.113595962524414,21916800,5.0834,79.73999786376953,101847.0,57.41780471801758
2023-04-11,17.508121490478516,26685800,5.0128,81.52999877929688,106214.0,59.48583221435547
2023-04-12,18.726762771606445,127943200,4.9496,83.26000213623047,106890.0,59.33201217651367
2023-04-13,18.71799659729004,36793600,4.9097,82.16000366210938,106458.0,59.7336540222168
2023-04-14,19.038002014160156,42258000,4.9455,82.5199966430664,106279.0,58.60563659667969
2023-04-17,19.08183479309082,24098000,4.9421,80.83000183105469,106016.0,59.144004821777344
2023-04-18,19.116907119750977,17350600,4.9678,80.86000061035156,106163.0,60.16948318481445
2023-04-19,18.893339157104492,21009600,5.0467,79.16000366210938,103913.0,59.144004821777344
2023-04-20,19.073068618774414,20726200,5.0497,77.29000091552734,104367.0,57.51179885864258
2023-04-24,19.033611297607422,20519600,5.0595,78.76000213623047,103947.0,55.08485412597656
2023-04-25,18.858272552490234,23691200,5.0613,77.06999969482422,103220.0,53.102272033691406
2023-04-26,18.704845428466797,23633000,5.0585,74.30000305175781,102312.0,53.78592300415039
2023-04-27,18.726762771606445,12372800,5.015,74.76000213623047,102923.0,54.43539047241211
2023-04-28,18.788131713867188,20796000,5.0007,76.77999877929688,104432.0,54.68321228027344
2023-05-02,18.341007232666016,25239200,5.0334,71.66000366210938,101927.0,53.08518600463867
2023-05-03,18.28401756286621,11261800,5.0227,68.5999984741211,101797.0,52.99118423461914
2023-05-04,18.490049362182617,14752000,5.0106,68.55999755859375,102174.0,52.53826904296875
2023-05-05,18.959095001220703,14382200,4.9696,71.33999633789062,105148.0,54.40975570678711
2023-05-08,18.88457489013672,16195200,4.9696,73.16000366210938,106042.0,54.58066177368164
2023-05-09,18.82758903503418,20231600,5.0007,73.70999908447266,107114.0,54.555030822753906
2023-05-10,19.073068618774414,21044400,4.9547,72.55999755859375,107448.0,53.99102020263672
2023-05-11,19.463212966918945,27159800,4.9696,70.87000274658203,108256.0,52.452816009521484
2023-05-12,19.38869285583496,24417400,4.9234,70.04000091552734,108464.0,52.76045608520508
2023-05-15,19.480743408203125,17265000,4.9103,71.11000061035156,109029.0,53.760292053222656
2023-05-16,18.919645309448242,43215400,4.9122,70.86000061035156,108194.0,52.478450775146484
2023-05-17,18.950326919555664,35046200,4.9513,72.83000183105469,109460.0,53.52955627441406
2023-05-18,18.937179565429688,23424000,4.9647,71.86000061035156,110108.0,52.91427230834961
2023-05-19,19.305400848388672,67932000,4.9858,71.55000305175781,110745.0,53.17064666748047
2023-05-22,19.0511474609375,16150800,4.968,71.98999786376953,110213.0,52.905731201171875
2023-05-23,19.49827766418457,25822400,4.9674,72.91000366210938,109929.0,51.97426223754883
2023-05-24,19.555265426635742,21842800,4.9474,74.33999633789062,108800.0,50.495872497558594
2023-05-25,19.577186584472656,23390800,4.999,71.83000183105469,110054.0,50.75224685668945
2023-05-26,19.463212966918945,19180600,5.0114,72.66999816894531,110906.0,52.230628967285156
2023-05-30,19.59471893310547,36854000,5.0593,69.45999908447266,108967.0,51.444435119628906
2023-05-31,19.559654235839844,34850800,5.0959,68.08999633789062,108335.0,50.461692810058594
2023-06-01,19.612255096435547,20393800,5.035,70.0999984741211,110565.0,52.162261962890625
2023-06-02,19.66632652282715,0,4.9558,71.73999786376953,112558.0,53.98247146606445
2023-06-05,19.789400100708008,27334000,4.9236,72.1500015258789,112696.0,53.768829345703125
2023-06-06,20.017976760864258,22932200,4.9292,71.73999786376953,114610.0,54.40975570678711
2023-06-07,20.00918960571289,22222000,4.9119,72.52999877929688,115488.0,54.41830062866211
2023-06-09,20.985029220581055,36932200,4.8922,70.16999816894531,117019.0,55.178855895996094
2023-06-12,21.745485305786133,77115600,4.8832,67.12000274658203,117336.0,54.469573974609375
2023-06-13,21.519155502319336,26532200,4.8533,69.41999816894531,116743.0,56.059051513671875
2023-06-14,21.625377655029297,26083800,4.8462,68.2699966430664,119069.0,57.47761917114258
2023-06-15,22.067977905273438,41930800,4.8222,70.62000274658203,119221.0,58.40908432006836
2023-06-16,21.904216766357422,30393800,4.8286,71.77999877929688,118758.0,57.72544479370117
2023-06-20,22.30698013305664,17141000,4.793,70.5,119622.0,56.34105682373047
2023-06-21,23.01071548461914,27413000,4.7795,72.52999877929688,120420.0,55.88814163208008
2023-06-22,22.57253646850586,18000800,4.775,69.51000213623047,118934.0,55.631771087646484
2023-06-23,22.581390380859375,13483800,4.7799,69.16000366210938,118977.0,54.26447677612305
2023-06-26,22.634504318237305,16848400,4.7698,69.37000274658203,118243.0,54.469573974609375
2023-06-27,22.218461990356445,25779000,4.7903,67.69999694824219,117523.0,55.46086120605469
2023-06-28,21.948471069335938,15524200,4.8563,69.55999755859375,116681.0,54.20465850830078
2023-06-29,22.152069091796875,16565200,4.8584,69.86000061035156,118383.0,54.520843505859375
2023-06-30,21.8643798828125,28009000,4.8192,70.63999938964844,118087.0,54.555030822753906
2023-07-03,22.302553176879883,26031200,4.7876,69.79000091552734,119673.0,55.401039123535156
2023-07-05,22.014862060546875,11332400,4.8577,71.79000091552734,119549.0,54.7003059387207
2023-07-06,21.69176483154297,19116000,4.8977,71.80000305175781,117426.0,53.78592300415039
2023-07-07,22.11223602294922,23079200,4.8799,73.86000061035156,118898.0,54.161930084228516
2023-07-10,21.705045700073242,17806000,4.8735,72.98999786376953,117942.0,53.99102020263672
2023-07-11,21.395227432250977,24673600,4.8949,74.83000183105469,117220.0,55.153221130371094
2023-07-12,21.050003051757812,24458200,4.8058,75.75,117666.0,57.18706512451172
2023-07-13,21.24916648864746,14068400,4.8038,76.88999938964844,119264.0,58.97310256958008
2023-07-14,21.107534408569336,26211600,4.7957,75.41999816894531,117711.0,58.56291198730469
2023-07-17,21.293424606323242,10774000,4.8302,74.1500015258789,118219.0,57.528892517089844
2023-07-18,21.364242553710938,9060600,4.804,75.75,117841.0,57.39216995239258
2023-07-19,20.992462158203125,16210800,4.8,75.3499984741211,117552.0,56.59742736816406
2023-07-20,21.222610473632812,13507600,4.7888,75.62999725341797,118083.0,56.913604736328125
2023-07-21,21.47489356994629,20264400,4.7732,77.06999969482422,120217.0,56.81106948852539
2023-07-24,21.054426193237305,35741000,4.7457,78.73999786376953,121342.0,57.281070709228516
2023-07-25,20.943777084350586,21533400,4.7496,79.62999725341797,122008.0,59.656742095947266
2023-07-26,21.120817184448242,24767000,4.7368,78.77999877929688,122560.0,58.06725311279297
2023-07-27,20.687068939208984,23501400,4.7202,80.08999633789062,119990.0,57.29816436767578
2023-07-28,20.92607307434082,14552200,4.7253,80.58000183105469,120187.0,56.486328125
2023-07-31,21.32883644104004,20779800,4.7415,81.80000305175781,121943.0,56.87088394165039
2023-08-01,20.96147918701172,25360200,4.7752,81.37000274658203,121248.0,56.03341293334961
2023-08-02,21.054426193237305,11204000,4.8083,79.48999786376953,120859.0,54.53793716430664
2023-08-03,21.089834213256836,16752600,4.8797,81.55000305175781,120586.0,54.7430305480957
2023-08-04,20.979185104370117,22979000,4.8609,82.81999969482422,119508.0,54.72593688964844
2023-08-07,20.943777084350586,11456400,4.901,81.94000244140625,119380.0,54.7344856262207
2023-08-08,20.797718048095703,23776200,4.9217,82.91999816894531,119090.0,54.32429504394531
2023-08-09,20.68264389038086,15315400,4.9015,84.4000015258789,118409.0,54.43539047241211
2023-08-10,20.788864135742188,24978000,4.8518,82.81999969482422,118350.0,53.925575256347656
2023-08-11,21.01459312438965,17290800,4.8918,83.19000244140625,118065.0,53.63551712036133
2023-08-14,20.806568145751953,13148400,4.9481,82.51000213623047,116810.0,52.68621063232422
2023-08-15,20.6959228515625,17451800,4.9812,80.98999786376953,116171.0,51.631439208984375
2023-08-16,20.872957229614258,23000000,4.9772,79.37999725341797,115592.0,51.29741668701172
2023-08-17,21.06770133972168,18367600,4.9816,80.38999938964844,114982.0,52.352203369140625
2023-08-18,21.151798248291016,20640200,4.9724,81.25,115409.0,52.1500358581543
2023-08-21,21.07655906677246,15745000,4.9847,80.72000122070312,114429.0,52.69500732421875
2023-08-22,21.297136306762695,15715200,4.9431,80.3499984741211,116156.0,53.020233154296875
2023-08-23,21.390369415283203,15535200,4.8977,78.88999938964844,118135.0,54.224430084228516
2023-08-24,21.110673904418945,12775200,4.8748,79.05000305175781,117026.0,53.433349609375
2023-08-25,20.835412979125977,17948200,4.8772,79.83000183105469,115837.0,53.3630256652832
2023-08-28,21.434768676757812,15418400,4.8938,80.0999984741211,117121.0,54.25080490112305
2023-08-29,21.554637908935547,19569600,4.8706,81.16000366210938,118404.0,54.78697967529297
2023-08-30,21.243860244750977,11510800,4.8653,81.62999725341797,117535.0,55.156158447265625
2023-08-31,20.910884857177734,26407200,4.9219,83.62999725341797,115742.0,54.936405181884766
2023-09-01,21.052955627441406,11074000,4.9318,85.55000305175781,117893.0,56.1230354309082
2023-09-05,20.910884857177734,15288200,4.9705,86.69000244140625,117331.0,55.72749328613281
2023-09-06,20.768814086914062,14183600,4.9762,87.54000091552734,115985.0,55.64838409423828
2023-09-08,20.7066593170166,15485200,4.9835,87.51000213623047,115313.0,53.811309814453125
2023-09-11,21.03519630432129,14399800,4.9366,87.29000091552734,116883.0,55.622013092041016
2023-09-12,21.148853302001953,15370400,4.9505,88.83999633789062,117968.0,55.54290771484375
2023-09-13,21.13096809387207,14725600,4.9171,88.5199966430664,118176.0,55.47258758544922
2023-09-14,21.18909454345703,14569800,4.8751,90.16000366210938,119392.0,58.03921890258789
2023-09-15,21.260637283325195,21606000,4.8689,90.7699966430664,118758.0,57.88099670410156
2023-09-18,21.171205520629883,20200800,4.8535,91.4800033569336,118288.0,57.37118911743164
2023-09-19,21.139911651611328,15278200,4.8575,91.19999694824219,117846.0,57.4942512512207
2023-09-20,21.32770538330078,14760600,4.8487,90.27999877929688,118695.0,57.59093475341797
2023-09-21,20.840341567993164,16633600,4.9229,89.62999725341797,116145.0,56.026344299316406
2023-09-22,20.876110076904297,10722800,4.9131,90.02999877929688,116009.0,56.31641387939453
2023-09-25,20.75538444519043,18254000,4.9606,89.68000030517578,115925.0,55.43743133544922
2023-09-26,20.460289001464844,23590000,4.9717,90.38999938964844,114193.0,54.50570297241211
2023-09-27,20.639135360717773,22109000,5.0289,93.68000030517578,114327.0,54.77819061279297
2023-09-28,21.300874710083008,23827200,5.0475,91.70999908447266,115731.0,56.07029724121094
2023-09-29,21.095197677612305,10906400,5.0076,90.79000091552734,116565.0,55.93844985961914
2023-10-02,21.037071228027344,9462400,5.0679,88.81999969482422,115057.0,55.112205505371094
2023-10-03,20.768800735473633,12873200,5.11,89.2300033569336,113419.0,53.96073913574219
2023-10-04,20.925294876098633,16379400,5.1526,84.22000122070312,113607.0,53.160865783691406
2023-10-05,20.987890243530273,15530000,5.1713,82.30999755859375,113284.0,53.53003692626953
2023-10-06,21.841894149780273,41413600,5.1918,82.79000091552734,114170.0,54.496917724609375
2023-10-09,21.725643157958984,19707000,5.1666,86.37999725341797,115156.0,53.872840881347656
2023-10-10,21.68987274169922,19682000,5.0862,85.97000122070312,116737.0,54.95398712158203
2023-10-11,21.89554786682129,16514000,5.0496,83.48999786376953,117051.0,55.34074020385742
2023-10-13,21.828479766845703,21928200,5.0625,87.69000244140625,115754.0,54.8309326171875
2023-10-16,22.27113151550293,15472400,5.0618,86.66000366210938,116534.0,56.3779411315918
2023-10-17,22.069929122924805,16189200,5.0384,86.66000366210938,115908.0,56.580108642578125
2023-10-18,21.962614059448242,22840800,5.0568,88.31999969482422,114060.0,54.8660888671875
2023-10-19,22.132524490356445,16271800,5.054,89.37000274658203,114004.0,54.409019470214844
2023-10-20,22.060983657836914,19846600,5.0528,88.75,113155.0,53.23118209838867
2023-10-23,22.02968406677246,15813600,5.0164,85.48999786376953,112785.0,53.055389404296875
2023-10-24,21.926849365234375,17053000,5.0065,83.73999786376953,113762.0,54.8660888671875
2023-10-25,21.931316375732422,12625200,4.9981,85.38999938964844,112830.0,55.47258758544922
2023-10-26,22.38738250732422,19577600,5.0055,83.20999908447266,114777.0,55.45500946044922
2023-10-27,21.819534301757812,20337800,4.948,85.54000091552734,113301.0,56.03513717651367
2023-10-30,21.667516708374023,18010200,5.0074,82.30999755859375,112532.0,56.43946838378906
2023-10-31,21.618330001831055,14087400,5.0575,81.0199966430664,113144.0,56.553733825683594
2023-11-01,21.64068603515625,21810000,5.0194,80.44000244140625,115053.0,57.204185485839844
2023-11-03,22.400793075561523,24765400,4.891,80.51000213623047,118160.0,58.27654266357422
2023-11-06,22.55728530883789,12216800,4.8999,80.81999969482422,118487.0,58.61055374145508
2023-11-07,22.812150955200195,29055000,4.867,77.37000274658203,119268.0,56.87016677856445
2023-11-08,23.10277557373047,18976000,4.8855,75.33000183105469,119099.0,56.77347946166992
2023-11-09,22.136991500854492,62427200,4.9007,75.73999786376953,119012.0,56.65921401977539
2023-11-10,22.46339225769043,17832400,4.9219,77.16999816894531,120636.0,57.5381965637207
2023-11-13,22.378435134887695,9641600,4.9247,78.26000213623047,120376.0,57.6436767578125
2023-11-14,22.485748291015625,37860000,4.8682,78.26000213623047,123328.0,59.60380554199219
2023-11-16,22.481277465820312,34225200,4.8575,72.9000015258789,124576.0,59.46316909790039
2023-11-17,22.651185989379883,24494200,4.8849,75.88999938964844,125062.0,59.937828063964844
2023-11-20,22.77190589904785,15070600,4.8723,77.5999984741211,126095.0,60.85196304321289
2023-11-21,22.932870864868164,20642000,4.8806,77.7699966430664,125607.0,61.73973083496094
2023-11-22,22.736135482788086,16195600,4.8968,77.0999984741211,126035.0,61.39692687988281
2023-11-24,22.78531837463379,8815000,4.8927,75.54000091552734,125542.0,61.28266906738281
2023-11-27,23.20561408996582,22614400,4.8951,74.86000061035156,125683.0,60.6761589050293
2023-11-28,23.54095458984375,19633200,4.8867,76.41000366210938,126538.0,61.02775955200195
2023-11-29,23.57672691345215,21020000,4.8933,77.86000061035156,126101.0,60.5355339050293
2023-11-30,24.265291213989258,35416400,4.9355,75.95999908447266,127331.0,60.72890090942383
2023-12-01,24.314476013183594,18946400,4.9191,74.06999969482422,128103.0,62.54840087890625
2023-12-04,24.220579147338867,13915800,4.9091,73.04000091552734,126803.0,60.69374465942383
2023-12-05,24.220579147338867,11725800,4.9522,72.31999969482422,126903.0,60.201515197753906
2023-12-06,23.70191764831543,17640200,4.9031,69.37999725341797,125623.0,60.64100646972656
2023-12-07,24.086444854736328,11561400,4.8949,69.33999633789062,126010.0,61.91554260253906
2023-12-08,24.345773696899414,20784200,4.9158,71.2300033569336,127094.0,61.678199768066406
2023-12-11,24.34130096435547,11474000,4.944,71.31999969482422,126916.0,60.781646728515625
2023-12-12,23.622419357299805,25063600,4.9476,68.61000061035156,126403.0,61.03654861450195
2023-12-13,23.838394165039062,36160000,4.958,69.47000122070312,129465.0,61.933109283447266
2023-12-14,23.995878219604492,36873200,4.8912,71.58000183105469,130842.0,63.44496536254883
2023-12-15,24.57181739807129,36441400,4.9397,71.43000030517578,130197.0,63.68227767944336
2023-12-18,24.589813232421875,15518200,4.9399,72.47000122070312,131084.0,64.01630401611328
2023-12-19,24.67980194091797,15467000,4.8663,73.44000244140625,131851.0,64.86012268066406
2023-12-20,24.391836166381836,15653800,4.8766,74.22000122070312,130804.0,63.69107437133789
2023-12-21,24.42782974243164,20008000,4.8755,73.88999938964844,132182.0,65.04470825195312
2023-12-22,24.49532127380371,14606400,4.8619,73.55999755859375,132753.0,64.89527893066406
2023-12-26,24.720298767089844,7966400,4.8368,75.56999969482422,133533.0,65.20292663574219
2023-12-27,24.684303283691406,6745000,4.8306,74.11000061035156,134194.0,65.72151947021484
2023-12-28,24.92277717590332,11680800,4.8413,71.7699966430664,134185.0,65.51936340332031
2024-01-02,24.63930892944336,16341000,4.8916,70.37999725341797,132697.0,65.27325439453125
2024-01-03,24.66180419921875,16296800,4.9212,72.69999694824219,132834.0,64.64917755126953
2024-01-04,24.400833129882812,16199800,4.9188,72.19000244140625,131226.0,64.20088195800781
2024-01-05,24.693300247192383,16455800,4.8899,73.80999755859375,132023.0,63.84929275512695
2024-01-08,24.904781341552734,18107600,4.885,70.7699966430664,132427.0,64.02508544921875
2024-01-09,24.531320571899414,15367600,4.8937,72.23999786376953,131447.0,62.28470230102539
2024-01-10,24.490825653076172,9878600,4.8901,71.37000274658203,130841.0,61.8012580871582
2024-01-11,24.657304763793945,13486200,4.8794,72.0199966430664,130649.0,61.581520080566406
2024-01-12,24.80129051208496,10126600,4.8543,72.68000030517578,130988.0,61.686988830566406
2024-01-16,25.143251419067383,17944400,4.9038,72.4000015258789,129294.0,60.72890090942383
2024-01-17,25.192750930786133,19366200,4.9346,72.55999755859375,128524.0,59.94660949707031
2024-01-18,24.90027618408203,14648800,4.9403,74.08000183105469,127316.0,60.799224853515625
2024-01-19,25.1612491607666,25325000,4.9223,73.41000366210938,127636.0,60.43004608154297
2024-01-22,24.994768142700195,13091400,4.949,75.19000244140625,126602.0,59.137939453125
2024-01-23,25.44021987915039,20134400,4.9715,74.37000274658203,128263.0,60.42125701904297
2024-01-24,25.489715576171875,13342600,4.9192,75.08999633789062,127816.0,61.133235931396484
2024-01-25,25.45821762084961,12011200,4.9232,77.36000061035156,128169.0,61.616676330566406
2024-01-26,25.633697509765625,16392200,4.9125,78.01000213623047,128967.0,62.205596923828125
2024-01-29,25.431224822998047,11264600,4.9225,76.77999877929688,128503.0,62.451717376708984
2024-01-30,25.300739288330078,11859800,4.9638,77.81999969482422,127402.0,61.704566955566406
2024-01-31,25.399723052978516,13112000,4.9535,75.8499984741211,127752.0,60.887115478515625
2024-02-01,25.980161666870117,22648600,4.935,73.81999969482422,128481.0,61.63425827026367
2024-02-02,25.971160888671875,14969000,4.9471,72.27999877929688,127182.0,60.19272994995117
2024-02-05,26.250131607055664,15148800,5.0053,72.77999877929688,127593.0,59.33132553100586
2024-02-06,26.817068099975586,16578000,4.9687,73.30999755859375,130416.0,60.05208206176758
2024-02-07,26.74507713317871,16353000,4.9608,73.86000061035156,129608.0,60.227882385253906
2024-02-08,26.340120315551758,21199200,4.9804,76.22000122070312,128217.0,59.86750030517578
2024-02-09,25.903669357299805,48132000,4.9717,76.83999633789062,128026.0,59.700496673583984
2024-02-14,26.25463104248047,17196600,4.9723,76.63999938964844,127018.0,58.96215057373047
2024-02-15,26.259130477905273,16017200,4.971,78.02999877929688,127804.0,59.36648178100586
2024-02-16,26.038654327392578,19018800,4.9761,79.19000244140625,128726.0,60.75527572631836
2024-02-20,26.68208122253418,36826400,4.9408,78.18000030517578,129916.0,57.942527770996094
2024-02-21,26.74507713317871,45832200,4.9303,77.91000366210938,130032.0,57.555782318115234
2024-02-22,26.14214324951172,19798400,4.9419,78.61000061035156,130241.0,57.7403678894043
2024-02-23,25.818178176879883,20556200,4.9851,76.48999786376953,129419.0,57.995269775390625
2024-02-26,26.065650939941406,13441800,4.9819,77.58000183105469,129609.0,56.82622528076172
2024-02-27,26.380615234375,13960200,4.9575,78.87000274658203,131689.0,57.11628723144531
2024-02-28,26.434614181518555,12335000,4.9557,78.54000091552734,130155.0,56.219722747802734
2024-02-29,26.03415298461914,20423600,4.9833,78.26000213623047,129020.0,56.720741271972656
2024-03-01,26.061153411865234,10255800,4.9596,79.97000122070312,129180.0,57.25692367553711
2024-03-04,25.953163146972656,12990200,4.9475,78.73999786376953,128341.0,57.00201416015625
2024-03-05,26.13314437866211,9412000,4.9488,78.1500015258789,128098.0,56.07908248901367
2024-03-06,26.52010154724121,12482600,4.9398,79.12999725341797,128890.0,57.00201416015625
2024-03-07,26.268129348754883,14857800,4.9364,78.93000030517578,128340.0,58.2835807800293
2024-03-08,26.01165771484375,40005000,4.9751,78.01000213623047,127071.0,57.3864860534668
2024-03-11,25.750686645507812,25163800,4.9777,77.93000030517578,126124.0,56.754859924316406
2024-03-12,26.104198455810547,22722000,4.9813,77.55999755859375,127668.0,57.4139518737793
2024-03-13,25.814151763916016,20799400,4.9803,79.72000122070312,128006.0,57.82588195800781
2024-03-14,25.700847625732422,20707800,4.9768,81.26000213623047,127690.0,56.80063247680664
2024-03-15,25.963706970214844,28391400,4.9937,81.04000091552734,126742.0,56.91963195800781
2024-03-18,25.39267349243164,22635600,5.0124,82.72000122070312,126954.0,57.00202178955078
2024-03-19,25.30203628540039,20241800,5.0352,83.47000122070312,127529.0,57.496337890625
2024-03-20,25.573957443237305,17687400,5.012,81.68000030517578,129125.0,58.46665954589844
2024-03-21,25.21592903137207,17742000,4.9807,81.06999969482422,128159.0,58.70466232299805
2024-03-22,25.111696243286133,13137600,4.9897,80.62999725341797,127027.0,57.670265197753906
2024-03-25,25.211397171020508,12901400,4.9869,81.94999694824219,126931.0,58.04557418823242
2024-03-26,25.34735870361328,15477000,4.987,81.62000274658203,126863.0,56.91047668457031
2024-03-27,25.3654842376709,15874600,4.9856,81.3499984741211,127691.0,58.091346740722656
2024-03-28,25.660062789916992,17073600,4.9962,83.16999816894531,128106.0,58.34765625
2024-04-01,25.41533851623535,10910800,5.0532,83.70999908447266,126990.0,58.75043869018555
2024-04-02,25.45612335205078,10513000,5.0476,85.1500015258789,127549.0,59.58344650268555
2024-04-03,25.555828094482422,14600800,5.0724,85.43000030517578,127318.0,59.13490295410156
2024-04-04,25.728044509887695,23352000,5.0237,86.58999633789062,127428.0,57.944881439208984
2024-04-05,25.836811065673828,12803800,5.052,86.91000366210938,126795.0,57.670265197753906
2024-04-08,26.240156173706055,19696000,5.0421,86.43000030517578,128857.0,60.48970413208008
2024-04-09,26.462223052978516,9392800,5.008,85.2300033569336,129890.0,61.56986999511719
2024-04-10,26.104198455810547,14139800,5.0654,86.20999908447266,128054.0,60.88331985473633
2024-04-11,26.167646408081055,12447600,5.0765,85.0199966430664,127396.0,60.66361618041992
2024-04-12,25.82775115966797,11304400,5.1364,85.66000366210938,125946.0,60.407310485839844
2024-04-15,25.58755111694336,14411400,5.1746,85.41000366210938,125334.0,61.12132263183594
2024-04-16,25.29750633239746,22923700,5.2635,85.36000061035156,124389.0,60.132694244384766
2024-04-17,25.35188865661621,17703800,5.2469,82.69000244140625,124171.0,61.13047790527344
2024-04-18,25.315631866455078,15349100,5.2512,82.7300033569336,124196.0,61.038936614990234
2024-04-19,25.11622428894043,18465200,5.2269,83.13999938964844,125124.0,61.304405212402344
2024-04-22,24.82617950439453,21288500,5.2043,82.8499984741211,125573.0,61.514949798583984
2024-04-23,25.01651954650879,21742700,5.1626,83.36000061035156,125148.0,61.0023193359375
2024-04-24,24.92588233947754,11037800,5.1592,82.80999755859375,124741.0,62.375423431396484
2024-04-25,24.817115783691406,11303300,5.1679,83.56999969482422,124646.0,62.04587936401367
2024-04-26,24.817115783691406,0,5.1184,83.8499984741211,126526.0,62.46696853637695
2024-04-29,24.971202850341797,8658100,5.1155,82.62999725341797,127352.0,63.17182540893555
2024-04-30,24.853370666503906,12221500,5.1718,81.93000030517578,125924.0,62.091651916503906
2024-05-02,25.11622428894043,14604400,5.1184,78.94999694824219,127122.0,62.503578186035156
2024-05-03,25.578487396240234,17315600,5.0668,78.11000061035156,128509.0,63.10774612426758
2024-05-06,25.7235107421875,10006000,5.0727,78.4800033569336,128466.0,63.913299560546875
2024-05-07,25.641935348510742,12606600,5.061,78.37999725341797,129210.0,64.11469268798828
2024-05-08,25.7235107421875,14023400,5.0887,78.98999786376953,129481.0,63.18097686767578
2024-05-09,24.599580764770508,56649000,5.1577,79.26000213623047,128188.0,64.07807159423828
2024-05-10,25.034650802612305,23660500,5.1464,78.26000213623047,127600.0,63.89499282836914
2024-05-13,25.224994659423828,14278500,5.1412,79.12000274658203,128155.0,63.931602478027344
2024-05-14,25.388145446777344,13200800,5.1356,78.0199966430664,128515.0,63.7943000793457
2024-05-15,25.061845779418945,20313600,5.1423,78.62999725341797,128028.0,64.38015747070312
2024-05-16,25.089035034179688,9827300,5.127,79.2300033569336,128284.0,65.82648468017578
2024-05-17,25.098098754882812,17116600,5.1157,80.05999755859375,128151.0,67.38267517089844
2024-05-20,25.306568145751953,16513000,5.1085,79.80000305175781,127751.0,67.1812744140625
2024-05-21,25.288440704345703,9999300,5.1037,79.26000213623047,127412.0,67.26366424560547
2024-05-22,24.92588233947754,15877800,5.1502,77.56999969482422,125650.0,66.11026000976562
2024-05-23,24.418302536010742,25677100,5.1443,76.87000274658203,124729.0,65.37794494628906
2024-05-24,24.545196533203125,13949800,5.1508,77.72000122070312,124306.0,65.77156066894531
2024-05-28,24.762731552124023,35304600,5.1538,79.83000183105469,123780.0,64.86531066894531
2024-05-29,24.762731552124023,25627500,5.1972,79.2300033569336,122707.0,63.6478271484375
2024-05-31,24.581453323364258,19114900,5.2416,76.98999786376953,122098.0,64.16960906982422
2024-06-03,24.608642578125,27700400,5.2373,74.22000122070312,122032.0,63.54713439941406
2024-06-04,24.6811580657959,18277800,5.2687,73.25,121802.0,62.53103256225586
2024-06-05,24.73554229736328,14021500,5.2841,74.06999969482422,121407.0,62.320499420166016
2024-06-06,25.061845779418945,13834300,5.2681,75.55000305175781,122899.0,63.34574890136719
2024-06-07,24.635835647583008,13651100,5.2802,75.52999877929688,120767.0,62.24726104736328
2024-06-10,24.663028717041016,12719000,5.3666,77.73999786376953,120760.0,62.47611618041992
2024-06-11,24.93494415283203,11037400,5.3524,77.9000015258789,121635.0,61.49664306640625
2024-06-12,24.462968826293945,19141600,5.3891,78.5,119936.0,61.40509796142578
2024-06-13,24.628881454467773,13566600,5.3974,78.62000274658203,119568.0,61.258628845214844
2024-06-14,24.567800521850586,11155000,5.363,78.44999694824219,119662.0,60.88331985473633
2024-06-17,24.567800521850586,10363900,5.413,80.33000183105469,119138.0,60.407310485839844
2024-06-18,24.224132537841797,22540300,5.4074,81.56999969482422,119630.0,60.65446853637695
2024-06-20,24.512069702148438,16467900,5.4254,82.16999816894531,120446.0,61.258628845214844
2024-06-21,24.716415405273438,34467200,5.4416,80.7300033569336,121341.0,60.782630920410156
2024-06-24,24.902179718017578,13258500,5.4,81.62999725341797,122637.0,60.828392028808594
2024-06-25,24.97648811340332,10743600,5.429,80.83000183105469,122331.0,60.8924674987793
2024-06-26,24.809297561645508,15089500,5.5097,80.9000015258789,122641.0,61.1487922668457
2024-06-27,24.800010681152344,17283200,5.5229,81.73999786376953,124308.0,60.25168991088867
2024-06-28,24.809297561645508,15567200,5.5589,81.54000091552734,123907.0,60.352386474609375
2024-07-01,24.48420524597168,20469000,5.5893,83.37999725341797,124718.0,60.79178237915039
2024-07-02,24.567800521850586,16107800,5.6677,82.80999755859375,124787.0,60.425621032714844
2024-07-03,24.809297561645508,14438300,5.5863,83.87999725341797,125662.0,62.155731201171875
2024-07-05,24.82787322998047,11971800,5.497,83.16000366210938,126267.0,61.917720794677734
2024-07-08,24.419187545776367,19760700,5.472,82.33000183105469,126548.0,61.487483978271484
2024-07-09,24.335590362548828,18032800,5.4387,81.41000366210938,127108.0,61.313560485839844
2024-07-10,24.716415405273438,20180600,5.3967,82.0999984741211,127218.0,61.78041458129883
2024-07-11,24.595666885375977,18918900,5.41,82.62000274658203,128294.0,62.320499420166016
2024-07-12,24.920757293701172,15241100,5.4529,82.20999908447266,128897.0,62.72327423095703
2024-07-15,25.0322208404541,11535200,5.4563,81.91000366210938,129321.0,61.83534240722656
2024-07-16,25.115816116333008,11135300,5.4274,80.76000213623047,129110.0,60.70939254760742
2024-07-17,25.366601943969727,9615100,5.467,82.8499984741211,129450.0,60.20592498779297
2024-07-18,25.25514030456543,10820600,5.5426,82.81999969482422,127652.0,58.92436218261719
2024-07-19,25.180835723876953,14144500,5.5543,80.12999725341797,127616.0,58.384273529052734
2024-07-22,25.208696365356445,11566500,5.5598,79.77999877929688,127860.0,58.57651138305664
2024-07-23,25.06008529663086,10978000,5.5807,76.95999908447266,126590.0,58.155426025390625
2024-07-24,24.957914352416992,9728400,5.6346,77.58999633789062,126423.0,58.118812561035156
2024-07-25,24.97648811340332,11896200,5.6402,78.27999877929688,125954.0,58.88774871826172
2024-07-26,25.190122604370117,10544500,5.6465,77.16000366210938,127492.0,59.55598449707031
2024-07-29,25.227275848388672,18350200,5.6479,75.80999755859375,126954.0,59.2264404296875
2024-07-30,25.0322208404541,10185700,5.6532,74.7300033569336,126139.0,58.155426025390625
2024-07-31,24.660686492919922,17872300,5.6621,77.91000366210938,127652.0,59.64753341674805
2024-08-01,24.493492126464844,22830700,5.6681,76.30999755859375,127395.0,58.118812561035156
2024-08-02,24.29843521118164,20402500,5.7366,73.5199966430664,125854.0,58.2835807800293
2024-08-05,24.335590362548828,20254500,5.7646,72.94000244140625,125270.0,57.64280319213867
2024-08-06,24.75356674194336,14827100,5.6528,73.19999694824219,126267.0,57.725189208984375
2024-08-07,24.42847442626953,18931200,5.6093,75.2300033569336,127514.0,57.24917984008789
2024-08-08,24.32630157470703,33846000,5.6172,76.19000244140625,128661.0,57.59702682495117
2024-08-09,24.660686492919922,13007300,5.5115,76.83999633789062,130615.0,57.889957427978516
2024-08-12,25.190122604370117,15568300,5.4911,80.05999755859375,131116.0,57.954036712646484
2024-08-13,25.515216827392578,12964400,5.4875,78.3499984741211,132398.0,58.3568115234375
2024-08-14,25.942481994628906,19387500,5.4502,76.9800033569336,133318.0,57.15763473510742
2024-08-15,26.146827697753906,11631000,5.4651,78.16000366210938,134153.0,57.44141387939453
2024-08-16,26.351171493530273,18682500,5.4632,76.6500015258789,133953.0,57.724002838134766
2024-08-19,27.057090759277344,19984500,5.4237,74.37000274658203,135778.0,58.854366302490234
2024-08-20,27.17783546447754,16156400,5.4547,74.04000091552734,136087.0,58.4022216796875
2024-08-21,27.057090759277344,21926500,5.4707,71.93000030517578,136464.0,59.71156311035156
2024-08-22,26.447738647460938,16022900,5.5524,73.01000213623047,135173.0,59.09928512573242
2024-08-23,26.646024703979492,12058300,5.5263,74.83000183105469,135608.0,59.363033294677734
2024-08-26,26.749889373779297,9358000,5.4921,77.41999816894531,136889.0,60.02241516113281
2024-08-27,26.447738647460938,8294500,5.4969,75.52999877929688,136776.0,60.28616714477539
2024-08-28,26.60825538635254,9415600,5.5315,74.5199966430664,137344.0,59.34419631958008
2024-08-29,26.721561431884766,13712600,5.6358,75.91000366210938,136041.0,59.645626068115234
2024-08-30,26.551605224609375,31814700,5.6562,73.55000305175781,136004.0,59.59852600097656
2024-09-03,27.080368041992188,14433300,5.6224,70.33999633789062,134353.0,56.83855056762695
2024-09-04,27.37308120727539,15514700,5.6359,69.19999694824219,136111.0,56.603057861328125
2024-09-05,27.618574142456055,8433600,5.6049,69.1500015258789,136502.0,56.88564682006836
2024-09-06,27.165348052978516,9653100,5.5702,67.66999816894531,134572.0,56.24510955810547
2024-09-09,27.505271911621094,14429900,5.6097,68.70999908447266,134737.0,56.5276985168457
2024-09-10,27.099254608154297,17718400,5.6254,65.75,134320.0,56.30162811279297
2024-09-11,27.10869789123535,10000400,5.6387,67.30999755859375,134677.0,57.65806579589844
2024-09-12,26.829851150512695,9920100,5.6554,68.97000122070312,134029.0,58.317447662353516
2024-09-13,27.010425567626953,9241700,5.5717,68.6500015258789,134882.0,58.92030715942383
2024-09-16,27.152984619140625,8948800,5.5207,70.08999633789062,135118.0,59.523170471191406
2024-09-17,26.98191261291504,7979400,5.501,71.19000244140625,134960.0,59.26883316040039
2024-09-18,26.848857879638672,8611400,5.4767,70.91000366210938,133748.0,59.25941848754883
2024-09-19,26.525720596313477,14963300,5.4189,71.94999694824219,133123.0,61.39768981933594
2024-09-20,26.13605499267578,24479500,5.4775,71.91999816894531,131065.0,59.8811149597168
2024-09-23,26.041015625,12354400,5.5446,70.37000274658203,130568.0,60.83251190185547
2024-09-24,26.022008895874023,15235800,5.4702,71.55999755859375,132156.0,63.50770568847656
2024-09-25,25.945974349975586,13854100,5.4736,69.69000244140625,131586.0,63.74319839477539
2024-09-26,26.117048263549805,13119200,5.4412,67.66999816894531,133010.0,66.64447784423828
2024-09-27,25.898456573486328,14855700,5.4431,68.18000030517578,132730.0,67.09661865234375
2024-09-30,25.831926345825195,14796200,5.4481,68.16999816894531,131816.0,67.04010009765625
2024-10-01,25.73688507080078,19254100,5.4521,69.83000183105469,132495.0,67.03068542480469
2024-10-02,25.80341339111328,12662400,5.4305,70.0999984741211,133515.0,66.71040344238281
2024-10-03,25.565814971923828,19101500,5.485,73.70999908447266,131672.0,65.77786254882812
2024-10-04,25.527799606323242,11911600,5.4686,74.37999725341797,131792.0,65.65540313720703
2024-10-07,25.651350021362305,9578500,5.4626,77.13999938964844,132018.0,65.58004760742188
2024-10-08,25.641847610473633,11728700,5.5197,73.56999969482422,131512.0,62.791812896728516
2024-10-09,25.119125366210938,19545500,5.5737,73.23999786376953,129962.0,62.49979782104492
2024-10-10,24.90053367614746,20486300,5.5819,75.8499984741211,130353.0,62.96136474609375
2024-10-11,25.024084091186523,12175400,5.6263,75.55999755859375,129992.0,63.328731536865234
2024-10-14,25.204660415649414,11953100,5.6045,73.83000183105469,131005.0,63.771453857421875
2024-10-15,25.157140731811523,14418700,5.6378,70.58000183105469,131043.0,62.61283874511719
2024-10-16,25.43276023864746,26028400,5.6749,70.38999938964844,131750.0,62.12300491333008
2024-10-17,25.394742965698242,12424800,5.6758,70.66999816894531,130793.0,61.31291198730469
2024-10-18,25.36623191833496,15980000,5.6672,69.22000122070312,130499.0,61.56724548339844
2024-10-21,25.29970359802246,25128900,5.7068,70.55999755859375,130362.0,61.18103790283203
2024-10-22,24.995573043823242,27391300,5.6958,72.08999633789062,129721.0,61.6802864074707
2024-10-23,25.024084091186523,12126400,5.7149,70.7699966430664,129233.0,60.74773025512695
2024-10-24,25.05259895324707,8727600,5.7087,70.19000244140625,130067.0,60.86077117919922
2024-10-25,25.062103271484375,7807800,5.6969,71.77999877929688,129893.0,61.49188995361328
2024-10-28,25.01457977294922,18192100,5.6988,67.37999725341797,131213.0,62.33966064453125
2024-10-29,24.872020721435547,13433400,5.714,67.20999908447266,130730.0,62.71644973754883
2024-10-30,25.062103271484375,14377600,5.7801,68.61000061035156,130639.0,62.07591247558594
2024-10-31,25.024084091186523,11163300,5.7779,69.26000213623047,129713.0,61.12451934814453
2024-11-01,24.795988082885742,15216400,5.8073,69.48999786376953,128121.0,61.53899002075195
2024-11-04,24.938549041748047,12169700,5.7898,71.47000122070312,130515.0,61.23755645751953
2024-11-05,24.94805335998535,14050600,5.7846,71.98999786376953,130661.0,61.69912338256836
2024-11-06,24.995573043823242,12445400,5.7648,71.69000244140625,130341.0,61.53899002075195
2024-11-07,24.891029357910156,11667700,5.6624,72.36000061035156,129682.0,63.5548095703125
2024-11-08,24.70094871520996,15878800,5.7648,70.37999725341797,127830.0,60.69121551513672
2024-11-11,24.71995735168457,10515100,5.798,68.04000091552734,127874.0,58.967403411865234
2024-11-12,24.662931442260742,15391500,5.7694,68.12000274658203,127698.0,57.64864730834961
2024-11-13,24.662931442260742,27198100,5.7713,68.43000030517578,127734.0,57.10230255126953
2024-11-14,24.1117000579834,80824400,5.7885,68.69999694824219,127792.0,56.9233283996582
2024-11-18,24.434837341308594,23386200,5.7603,69.16000366210938,127768.0,58.5152587890625
2024-11-19,24.567893981933594,29342400,5.7743,69.38999938964844,128197.0,58.807273864746094
2024-11-21,24.00715446472168,31594700,5.8173,70.0999984741211,126922.0,58.93914794921875
2024-11-22,24.330291748046875,13737200,5.8124,71.23999786376953,129126.0,58.731910705566406
2024-11-25,24.47285270690918,36581800,5.8002,68.94000244140625,129036.0,59.325355529785156
2024-11-26,24.86348533630371,22044000,5.799,68.7699966430664,129922.0,58.43048095703125
2024-11-27,24.427623748779297,20884000,5.8291,68.72000122070312,127669.0,58.703651428222656
2024-11-29,23.991762161254883,22743200,6.0535,68.0,125668.0,59.193477630615234
2024-12-02,23.798044204711914,21487000,6.0634,68.0999984741211,125236.0,59.59852600097656
2024-12-03,24.088621139526367,22179600,6.0707,69.94000244140625,126139.0,59.82460021972656
2024-12-04,24.379194259643555,19375200,6.0581,68.54000091552734,126087.0,59.71156311035156
2024-12-05,24.679452896118164,18238400,5.9849,68.30000305175781,127858.0,59.834022521972656
2024-12-06,23.953018188476562,33652400,6.0293,67.19999694824219,125946.0,58.50584411621094
2024-12-09,23.8949031829834,17774100,6.057,68.37000274658203,127210.0,61.12451934814453
2024-12-10,24.049875259399414,15266700,6.0529,68.58999633789062,128228.0,61.0585823059082
2024-12-11,24.5632266998291,29090900,6.032,70.29000091552734,129593.0,61.20930099487305
2024-12-12,24.237930297851562,19824400,5.9408,70.0199966430664,126042.0,59.76808166503906
2024-12-13,23.90630340576172,17217300,6.04,71.29000091552734,124612.0,58.60003662109375
2024-12-16,23.564924240112305,16061900,6.0509,70.70999908447266,123560.0,57.705162048339844
2024-12-17,23.81852149963379,27695800,6.1685,70.08000183105469,124698.0,57.893558502197266
2024-12-18,23.155269622802734,29428400,6.1624,70.58000183105469,120772.0,55.89657974243164
2024-12-19,23.301576614379883,16306300,6.1841,69.91000366210938,121188.0,55.32197570800781
2024-12-20,23.486894607543945,49200400,6.078,69.45999908447266,122102.0,55.23719787597656
2024-12-23,23.33083724975586,12708100,6.1612,69.23999786376953,120767.0,55.792964935302734
2024-12-26,23.603940963745117,15208900,6.1656,69.62000274658203,121078.0,55.81180191040039
2024-12-27,23.516157150268555,10465000,6.1991,70.5999984741211,120269.0,55.58572769165039
2024-12-30,23.57468032836914,27146200,6.1923,70.98999786376953,120283.0,55.190101623535156
2025-01-02,23.33083724975586,14492900,6.2086,73.12999725341797,120125.0,55.359657287597656
2025-01-03,23.155269622802734,13778900,6.1563,73.95999908447266,118533.0,55.199520111083984
2025-01-06,23.36985206604004,12112300,6.1119,73.55999755859375,120022.0,54.992286682128906
2025-01-07,23.6527099609375,15724400,6.0741,74.25,121163.0,54.81330871582031
2025-01-08,23.564924240112305,16417000,6.1321,73.31999969482422,119625.0,55.227779388427734
2025-01-10,23.613693237304688,17167200,6.0965,76.56999969482422,118856.0,55.425594329833984
2025-01-13,23.613693237304688,9941700,6.1079,78.81999969482422,119007.0,56.06613540649414
2025-01-14,24.04285430908203,18049200,6.0671,77.5,119299.0,56.87622833251953
2025-01-15,24.647584915161133,19626500,6.0377,80.04000091552734,122650.0,56.95158767700195
2025-01-16,24.75487518310547,13590200,6.0322,78.68000030517578,121234.0,56.320465087890625
2025-01-17,24.725614547729492,13271300,6.0609,77.87999725341797,122350.0,57.554447174072266
2025-01-21,25.027978897094727,10675500,6.044,75.88999938964844,123338.0,58.147891998291016
2025-01-22,25.48640251159668,19236600,5.9674,75.44000244140625,122972.0,57.57328796386719
2025-01-23,26.061870574951172,30067700,5.9399,74.62000274658203,122483.0,57.98775863647461
2025-01-24,25.964336395263672,9081200,5.8925,74.66000366210938,122447.0,58.487003326416016
2025-01-27,27.027484893798828,21719600,5.9272,73.16999816894531,124862.0,58.37396240234375
2025-01-28,26.85192108154297,13016900,5.893,73.7699966430664,124056.0,56.4240837097168
2025-01-29,26.764137268066406,11592900,5.8596,72.62000274658203,123432.0,56.25453186035156
2025-01-30,26.959209442138672,22311000,5.9006,72.7300033569336,126913.0,57.37547302246094
2025-01-31,26.998226165771484,19675000,5.8301,72.52999877929688,126135.0,56.90448760986328
2025-02-03,26.929950714111328,13290300,5.8687,73.16000366210938,125970.0,56.376983642578125
2025-02-04,27.086009979248047,16154100,5.7927,72.69999694824219,125147.0,57.64864730834961
2025-02-05,27.14453125,13663000,5.7997,71.02999877929688,125534.0,57.808780670166016
2025-02-06,27.456649780273438,13960200,5.7856,70.61000061035156,126225.0,58.58119583129883
2025-02-07,27.095762252807617,15270100,5.7557,71.0,124619.0,58.355125427246094
2025-02-10,27.134777069091797,10942700,5.7808,72.31999969482422,125572.0,58.637718200683594
2025-02-11,27.368865966796875,18486400,5.7788,73.31999969482422,126522.0,58.072532653808594
2025-02-12,26.920196533203125,18063900,5.7711,71.37000274658203,124380.0,58.439903259277344
2025-02-13,26.77389144897461,19004600,5.7788,71.29000091552734,124850.0,59.617366790771484
2025-02-14,28.0418701171875,35295700,5.7283,70.73999786376953,128219.0,59.68330764770508
2025-02-18,28.72463035583496,27342000,5.6979,71.8499984741211,128532.0,60.45572280883789
2025-02-19,28.14916229248047,22819400,5.7087,72.25,127309.0,59.11811828613281
2025-02-20,27.31034278869629,88971000,5.7019,72.56999969482422,127601.0,60.5593376159668
2025-02-21,27.290836334228516,20157500,5.7027,70.4000015258789,127128.0,59.843441009521484
2025-02-24,27.125024795532227,28014300,5.7258,70.69999694824219,125401.0,59.09928512573242
2025-02-25,27.534679412841797,16895800,5.7779,68.93000030517578,125980.0,58.50584411621094
2025-02-26,27.378618240356445,22481400,5.7757,68.62000274658203,124769.0,58.006595611572266
2025-02-27,27.27132797241211,31089200,5.8228,70.3499984741211,124799.0,57.187076568603516
2025-02-28,26.637338638305664,28266200,5.8488,69.76000213623047,122799.0,57.04578399658203
2025-03-05,27.086009979248047,18081300,5.7914,66.30999755859375,123047.0,60.0506706237793
2025-03-06,27.046995162963867,17819500,5.7489,66.36000061035156,123358.0,60.229644775390625
2025-03-07,27.368865966796875,16830600,5.7688,67.04000091552734,125035.0,60.8349723815918
2025-03-10,27.281082153320312,14457100,5.793,66.02999877929688,124519.0,60.73733901977539
2025-03-11,27.03723907470703,20095600,5.8346,66.25,123507.0,60.385860443115234
2025-03-12,26.661611557006836,15085100,5.8268,67.68000030517578,123864.0,59.341190338134766
2025-03-13,27.095293045043945,18344200,5.8131,66.55000305175781,125637.0,59.751251220703125
2025-03-14,27.479694366455078,22864700,5.7419,67.18000030517578,128957.0,61.547691345214844
2025-03-17,28.05136489868164,19847000,5.7082,67.58000183105469,130834.0,61.96751403808594
2025-03-18,28.090791702270508,16806400,5.6852,66.9000015258789,131475.0,62.62165069580078
2025-03-19,27.982370376586914,18962900,5.6657,67.16000366210938,132508.0,62.34828186035156
2025-03-20,27.84438133239746,14013900,5.6628,68.26000213623047,131955.0,61.4305305480957
2025-03-21,27.96265983581543,66960300,5.7241,68.27999877929688,132345.0,60.52254867553711
2025-03-24,27.952802658081055,13497500,5.7403,69.11000061035156,131321.0,60.69828414916992
2025-03-25,28.061222076416016,15292700,5.6992,69.0,132068.0,61.32313919067383
2025-03-26,28.39634132385254,11927300,5.7298,69.6500015258789,132520.0,61.3817138671875
2025-03-27,28.278064727783203,14399300,5.7474,69.91999816894531,133149.0,60.864261627197266
2025-03-28,28.22878074645996,12444500,5.766,69.36000061035156,131902.0,59.58527374267578
2025-03-31,27.78524398803711,17667600,5.7422,71.4800033569336,130260.0,58.65776443481445
2025-04-01,27.923233032226562,14219000,5.7051,71.19999694824219,131147.0,58.8042106628418
2025-04-02,27.942947387695312,9089100,5.6923,71.70999908447266,131190.0,58.482025146484375
2025-04-03,28.100648880004883,14824700,5.6067,66.94999694824219,131141.0,57.04682159423828
2025-04-04,27.578258514404297,15612700,5.7777,61.9900016784668,127256.0,53.37582778930664
2025-04-07,27.28256607055664,22342100,5.8877,60.70000076293945,125588.0,53.268436431884766
2025-04-08,27.23328399658203,21884600,5.9368,59.58000183105469,123932.0,51.081459045410156
2025-04-09,27.351560592651367,28796100,6.0605,62.349998474121094,127796.0,54.2935791015625
2025-04-10,27.164287567138672,18618400,5.9115,60.06999969482422,126355.0,53.57109451293945
2025-04-11,27.400842666625977,14793700,5.8737,61.5,127682.0,55.51398849487305
2025-04-14,27.66696548461914,13391400,5.8425,61.529998779296875,129454.0,55.66043472290039
2025-04-15,27.371274948120117,25468600,5.8707,61.33000183105469,129245.0,55.904518127441406
2025-04-16,27.25299644470215,21762700,5.8808,62.470001220703125,128317.0,55.806884765625
2025-04-17,27.036155700683594,17336900,5.8559,64.68000030517578,129650.0,56.79297637939453
2025-04-22,27.38113021850586,14220700,5.7496,64.30999755859375,130464.0,58.208648681640625
2025-04-23,27.63739776611328,13812200,5.688,62.27000045776367,132216.0,58.77492141723633
2025-04-24,27.30228042602539,37053800,5.6738,62.790000915527344,134580.0,60.22964859008789
2025-04-25,27.60782814025879,17884400,5.6846,63.02000045776367,134739.0,59.126399993896484
2025-04-28,27.942947387695312,14161300,5.6681,62.04999923706055,135016.0,59.42905807495117
2025-04-29,28.090791702270508,15861200,5.6467,60.41999816894531,135093.0,59.43882369995117
2025-04-30,28.514617919921875,15925000,5.6608,58.209999084472656,135067.0,57.99386215209961
2025-05-02,28.485048294067383,12319300,5.6394,58.290000915527344,135134.0,58.28675842285156
2025-05-05,28.70189094543457,19470000,5.652,57.130001068115234,133491.0,58.15983581542969
2025-05-06,28.485048294067383,20080000,5.721,59.09000015258789,133516.0,58.3843879699707
2025-05-07,28.889162063598633,31415700,5.7375,58.06999969482422,133398.0,58.59918212890625
2025-05-08,28.98772621154785,29500900,5.686,59.90999984741211,136232.0,57.77906799316406
2025-05-09,29.10600471496582,19842500,5.6511,61.02000045776367,136512.0,58.56012725830078
2025-05-12,28.652606964111328,20623700,5.6822,61.95000076293945,136563.0,59.956275939941406
2025-05-13,29.2341365814209,20288300,5.6262,63.66999816894531,138963.0,60.795921325683594
2025-05-14,29.332700729370117,19723000,5.61,63.150001525878906,138423.0,60.56159973144531
2025-05-15,28.977869033813477,40596400,5.6328,61.619998931884766,139334.0,61.264556884765625
2025-05-16,25.30142593383789,152180700,5.6925,62.4900016784668,139187.0,61.157161712646484
2025-05-19,24.68047332763672,60409800,5.6591,62.689998626708984,139636.0,60.91307830810547
2025-05-20,25.133867263793945,28138800,5.662,62.560001373291016,140110.0,60.766632080078125
2025-05-21,24.89731216430664,34009800,5.6571,61.56999969482422,137881.0,60.51278305053711
2025-05-22,24.690326690673828,61464900,5.639,61.20000076293945,137273.0,59.67314147949219
2025-05-23,24.069374084472656,35980700,5.6932,61.529998779296875,137824.0,60.12225341796875
2025-05-27,24.217220306396484,30416900,5.6539,60.88999938964844,139541.0,59.3607177734375
2025-05-28,23.734254837036133,31863700,5.6936,61.84000015258789,138888.0,58.53084182739258
2025-05-29,23.359712600708008,43563400,5.6559,60.939998626708984,138534.0,58.77492141723633
2025-05-30,23.08373260498047,53293100,5.7087,60.790000915527344,137027.0,58.02314758300781
2025-06-02,22.945743560791016,36268800,5.6937,62.52000045776367,136787.0,58.16960144042969
2025-06-03,22.979999542236328,20832400,5.6694,63.40999984741211,137546.0,57.456878662109375
2025-06-04,22.350000381469727,38469100,5.6332,62.849998474121094,137002.0,57.163978576660156
2025-06-05,22.239999771118164,40306500,5.5969,63.369998931884766,136236.0,57.837650299072266
2025-06-06,21.709999084472656,56659900,5.5947,64.58000183105469,136102.0,57.63261795043945
2025-06-09,21.729999542236328,47713300,5.576,65.29000091552734,135699.0,57.90599060058594
2025-06-10,21.540000915527344,43092300,5.5557,64.9800033569336,136436.0,58.06220245361328
2025-06-11,21.399999618530273,32228100,5.539,68.1500015258789,137128.0,57.437355041503906
2025-06-12,21.420000076293945,28710900,5.5388,68.04000091552734,137800.0,57.2909049987793
2025-06-13,21.59000015258789,33033700,5.5652,72.9800033569336,137213.0,56.62699890136719
2025-06-16,21.979999542236328,35118400,5.5123,71.7699966430664,139256.0,56.929664611816406
2025-06-17,21.899999618530273,33345300,5.4773,74.83999633789062,138840.0,55.66043472290039
2025-06-18,21.809999465942383,29776400,5.4879,75.13999938964844,138717.0,55.59209060668945
2025-06-20,21.350000381469727,32952400,5.4957,74.93000030517578,137116.0,54.56694793701172
2025-06-23,21.09000015258789,31206000,5.5213,68.51000213623047,136551.0,55.73854446411133
2025-06-24,21.440000534057617,19703100,5.4938,64.37000274658203,137165.0,55.83617401123047
2025-06-25,21.260000228881836,20659800,5.5427,64.91999816894531,135767.0,55.36753845214844
2025-06-26,21.600000381469727,34081400,5.5145,65.23999786376953,137114.0,57.19327163696289
2025-06-27,21.729999542236328,28128900,5.4759,65.5199966430664,136866.0,57.349483489990234
2025-06-30,22.09000015258789,28763500,5.4571,65.11000061035156,138855.0,56.94919204711914
2025-07-01,21.90999984741211,32448000,5.4511,65.44999694824219,139549.0,56.919898986816406
2025-07-02,21.989999771118164,22781500,5.4512,67.44999694824219,139051.0,58.755393981933594
2025-07-03,22.299999237060547,27335900,5.4208,67.0,140928.0,57.62285614013672
2025-07-07,22.059999465942383,18607600,5.4552,67.93000030517578,139490.0,56.295047760009766
2025-07-08,22.0,19468700,5.4571,68.33000183105469,139303.0,57.339717864990234
2025-07-09,21.450000762939453,30185400,5.4626,68.37999725341797,137481.0,57.320194244384766
2025-07-10,21.209999084472656,27565700,5.5433,66.56999969482422,136743.0,58.67728805541992
2025-07-11,21.139999389648438,26044900,5.5722,68.44999694824219,136187.0,59.65361404418945
2025-07-14,20.68000030517578,28395000,5.5595,66.9800033569336,135299.0,58.40391540527344
2025-07-15,20.899999618530273,30999200,5.5576,66.5199966430664,135250.0,57.08587646484375
2025-07-16,20.8799991607666,55147900,5.5722,66.37999725341797,135511.0,58.3062858581543
2025-07-17,20.739999771118164,28673400,5.5737,67.54000091552734,135565.0,58.608943939208984
2025-07-18,20.260000228881836,42591900,5.5466,67.33999633789062,133382.0,59.10687255859375
2025-07-21,19.860000610351562,42352600,5.5625,67.19999694824219,134167.0,60.58112716674805
2025-07-22,19.889999389648438,24707100,5.5709,66.20999908447266,134036.0,62.80715560913086
2025-07-23,20.209999084472656,35932600,5.5537,65.25,135368.0,63.090293884277344
2025-07-24,20.06999969482422,44775000,5.5239,66.02999877929688,133808.0,62.318992614746094
2025-07-25,20.239999771118164,38899700,5.5426,65.16000366210938,133524.0,61.60626983642578
2025-07-28,19.940000534057617,24985300,5.5877,66.70999908447266,132129.0,60.717811584472656
2025-07-29,19.950000762939453,37210200,5.5764,69.20999908447266,132726.0,60.795921325683594
2025-07-30,19.899999618530273,79807500,5.6034,70.0,133990.0,58.081729888916016
2025-07-31,19.700000762939453,37149600,5.6021,69.26000213623047,133071.0,58.3551025390625
2025-08-01,18.350000381469727,91196200,5.5436,67.33000183105469,132437.0,58.23794174194336
