Date,Close_SBSP3,Volume_SBSP3,Close_Dolar,Close_Petroleo,Close_Ibovespa,Close_Minerio
2021-08-02,32.43655776977539,2573800,5.1379,71.26000213623047,122516.0,60.64411926269531
2021-08-03,32.48183822631836,1831300,5.2464,70.55999755859375,123577.0,62.09596252441406
2021-08-04,32.038124084472656,1718700,5.2091,68.1500015258789,121801.0,61.49855041503906
2021-08-05,31.395185470581055,2469300,5.1464,69.08999633789062,121633.0,58.86577606201172
2021-08-06,32.16489791870117,3026900,5.241,68.27999877929688,122810.0,59.02553939819336
2021-08-09,32.282615661621094,1852900,5.2774,66.4800033569336,123019.0,59.44234085083008
2021-08-10,31.531015396118164,2263200,5.2217,68.29000091552734,122202.0,60.39404296875
2021-08-11,31.630624771118164,2571400,5.2013,69.25,122056.0,59.810516357421875
2021-08-12,31.195968627929688,1606100,5.2351,69.08999633789062,120701.0,58.82221984863281
2021-08-13,30.417198181152344,3381200,5.2474,68.44000244140625,121194.0,59.0302848815918
2021-08-16,30.770362854003906,2198500,5.2495,67.29000091552734,119180.0,57.9825439453125
2021-08-17,29.74709701538086,3070000,5.2585,66.58999633789062,117904.0,57.09084701538086
2021-08-18,28.69666862487793,5568300,5.3025,65.45999908447266,116643.0,55.08452606201172
2021-08-19,29.855764389038086,6563100,5.418,63.689998626708984,117165.0,53.81386184692383
2021-08-20,33.09761047363281,15471900,5.4274,62.31999969482422,118053.0,53.888160705566406
2021-08-23,32.75349807739258,6783300,5.3686,65.63999938964844,117472.0,54.244850158691406
2021-08-24,32.87122344970703,2804900,5.3017,67.54000091552734,120211.0,55.797889709472656
2021-08-25,32.78972244262695,2144200,5.2465,68.36000061035156,120818.0,56.02824783325195
2021-08-26,32.608612060546875,3185700,5.2429,67.41999816894531,118724.0,55.00278854370117
2021-08-27,33.523216247558594,4379300,5.22,68.73999786376953,120678.0,56.3477668762207
2021-08-30,33.19721984863281,1441700,5.1952,69.20999908447266,119740.0,56.518672943115234
2021-08-31,32.717281341552734,5890500,5.1433,68.5,118781.0,55.78302764892578
2021-09-01,33.01610565185547,2497300,5.1576,68.58999633789062,119396.0,55.66413497924805
2021-09-02,33.043277740478516,2806400,5.1735,69.98999786376953,116677.0,55.939064025878906
2021-09-03,32.23733901977539,6386200,5.1685,69.29000091552734,116933.0,56.37749481201172
2021-09-08,30.462478637695312,4949000,5.2524,69.30000305175781,113413.0,54.6535530090332
2021-09-09,31.042024612426758,3643000,5.2825,68.13999938964844,115361.0,53.546356201171875
2021-09-10,30.7794189453125,2283600,5.2158,69.72000122070312,114286.0,54.378597259521484
2021-09-13,31.648740768432617,2185100,5.219,70.44999694824219,116404.0,54.82444763183594
2021-09-14,31.775516510009766,2079700,5.226,70.45999908447266,116181.0,54.02192306518555
2021-09-15,31.630624771118164,1699600,5.2576,72.61000061035156,115063.0,54.660980224609375
2021-09-16,31.78456687927246,3763800,5.2594,72.61000061035156,113794.0,52.11963653564453
2021-09-17,31.938512802124023,5369100,5.3103,71.97000122070312,111439.0,50.55916976928711
2021-09-20,32.518062591552734,1981300,5.3332,70.29000091552734,108844.0,49.09531021118164
2021-09-21,32.68105697631836,2301800,5.3044,70.55999755859375,110250.0,48.57514953613281
2021-09-22,33.604713439941406,2788400,5.2783,72.2300033569336,112282.0,49.48169708251953
2021-09-23,33.74959945678711,2011500,5.2891,73.30000305175781,114064.0,49.823524475097656
2021-09-24,34.31103515625,3239600,5.3435,73.9800033569336,113283.0,49.615455627441406
2021-09-27,34.5555305480957,3188300,5.3478,75.44999694824219,113583.0,50.18763732910156
2021-09-28,34.12992477416992,2424600,5.4206,75.29000091552734,110124.0,48.916961669921875
2021-09-29,34.66419982910156,3545700,5.4173,74.83000183105469,111107.0,48.85009002685547
2021-09-30,34.92680740356445,9215400,5.4394,75.02999877929688,110979.0,49.65261459350586
2021-10-01,34.66419982910156,3337800,5.3911,75.87999725341797,112900.0,49.64518737792969
2021-10-04,33.849212646484375,2131000,5.4204,77.62000274658203,110393.0,49.45941162109375
2021-10-05,33.36021423339844,2067800,5.4611,78.93000030517578,110458.0,49.32565689086914
2021-10-06,33.23344039916992,3007000,5.5097,77.43000030517578,110560.0,49.83837890625
2021-10-07,33.81298828125,2189500,5.514,78.30000305175781,110585.0,50.62604522705078
2021-10-08,34.29292678833008,1937000,5.5084,79.3499984741211,112833.0,50.878692626953125
2021-10-11,34.39253616333008,1830900,5.5161,80.5199966430664,112180.0,51.87441635131836
2021-10-13,35.207523345947266,2395900,5.5471,80.44000244140625,113456.0,51.30968475341797
2021-10-14,35.49729537963867,1286900,5.4988,81.30999755859375,113185.0,52.825565338134766
2021-10-15,35.35240936279297,1112100,5.451,82.27999877929688,114648.0,52.335140228271484
2021-10-18,35.189414978027344,2206200,5.5193,82.44000244140625,114428.0,52.14935302734375
2021-10-19,34.42876052856445,2033200,5.5521,82.95999908447266,110673.0,52.67694091796875
2021-10-20,34.274810791015625,1468800,5.5571,83.87000274658203,110786.0,50.62604522705078
2021-10-21,33.052330017089844,3272400,5.6423,82.5,107735.0,48.70146560668945
2021-10-22,32.309783935546875,4660700,5.7117,83.76000213623047,106296.0,48.9541130065918
2021-10-25,32.73539352416992,2635200,5.5973,83.76000213623047,108715.0,49.6600456237793
2021-10-26,32.20112228393555,2927300,5.58,84.6500015258789,106420.0,49.065582275390625
2021-10-27,32.853111267089844,2519300,5.5667,82.66000366210938,106363.0,47.88408660888672
2021-10-28,32.70822525024414,2301700,5.6124,82.80999755859375,105705.0,47.92866516113281
2021-10-29,31.8751277923584,1902400,5.643,83.56999969482422,103501.0,47.014678955078125
2021-11-01,32.35506057739258,1550600,5.6694,84.05000305175781,105551.0,47.103851318359375
2021-11-03,33.142887115478516,2723700,5.6672,80.86000061035156,105617.0,46.152706146240234
2021-11-04,32.41844940185547,1915100,5.5942,78.80999755859375,103412.0,45.22385787963867
2021-11-05,32.75349807739258,1397200,5.5455,81.2699966430664,104824.0,45.04551696777344
2021-11-08,32.26450729370117,2913200,5.5627,81.93000030517578,104781.0,46.28646469116211
2021-11-09,32.79878234863281,1594900,5.4957,84.1500015258789,105535.0,45.625118255615234
2021-11-10,33.206268310546875,2052500,5.459,81.33999633789062,105968.0,44.83744812011719
2021-11-11,33.441715240478516,1401000,5.4171,81.58999633789062,107725.0,46.814048767089844
2021-11-12,32.644832611083984,1529700,5.4199,80.79000091552734,106312.0,46.32361602783203
2021-11-16,31.95662498474121,2858200,5.4772,80.76000213623047,104508.0,44.993499755859375
2021-11-17,31.42235565185547,1936100,5.4993,78.36000061035156,102945.0,45.08267593383789
2021-11-18,31.1778564453125,3503500,5.547,79.01000213623047,102524.0,44.510501861572266
2021-11-19,31.666852951049805,1333900,5.5584,76.0999984741211,103035.0,45.11239242553711
2021-11-22,31.005802154541016,2557600,5.5841,76.75,102122.0,46.07839584350586
2021-11-23,31.159744262695312,1978600,5.6456,78.5,103663.0,47.43824005126953
2021-11-24,30.987693786621094,1623900,5.6027,78.38999938964844,104514.0,47.37135314941406
2021-11-26,30.92430877685547,1874000,5.5865,68.1500015258789,102224.0,46.31618118286133
2021-11-29,31.060134887695312,1547700,5.6118,69.94999694824219,102814.0,46.76945877075195
2021-11-30,30.498699188232422,4607700,5.6199,66.18000030517578,101915.0,46.58368682861328
2021-12-01,30.75225257873535,2605700,5.6168,65.56999969482422,100775.0,46.18986129760742
2021-12-02,33.23344039916992,4260200,5.6345,66.5,104466.0,47.653724670410156
2021-12-03,33.79487991333008,2943400,5.6432,66.26000213623047,105070.0,45.57310485839844
2021-12-06,34.23859405517578,2920200,5.6877,69.48999786376953,106859.0,46.137847900390625
2021-12-07,34.40159225463867,2907600,5.6411,72.05000305175781,107558.0,47.676021575927734
2021-12-08,34.908695220947266,2550100,5.5779,72.36000061035156,108096.0,47.46795654296875
2021-12-09,34.67325210571289,2471600,5.5564,70.94000244140625,106291.0,47.54226303100586
2021-12-10,34.98114013671875,2236600,5.5931,71.66999816894531,107758.0,47.63886260986328
2021-12-13,35.49729537963867,3763400,5.6357,71.29000091552734,107383.0,47.713172912597656
2021-12-14,35.26185607910156,2879900,5.6461,70.7300033569336,106760.0,48.0772819519043
2021-12-15,35.87762451171875,2911900,5.7127,70.87000274658203,107370.0,47.965824127197266
2021-12-16,35.85045623779297,2097400,5.6963,72.37999725341797,108212.0,48.89467239379883
2021-12-17,36.19456481933594,7309800,5.6959,70.86000061035156,107201.0,48.233333587646484
2021-12-20,35.841407775878906,1831000,5.7055,68.2300033569336,105020.0,47.80234909057617
2021-12-21,36.22172927856445,1976100,5.7372,71.12000274658203,105500.0,49.05072021484375
2021-12-22,36.357566833496094,1890300,5.7201,72.76000213623047,105244.0,48.9541130065918
2021-12-23,36.12212371826172,2098900,5.691,73.79000091552734,104891.0,49.19933319091797
2021-12-27,36.26700973510742,1891600,5.665,75.56999969482422,105531.0,49.347957611083984
2021-12-28,36.257957458496094,735000,5.6438,75.9800033569336,104864.0,48.98384094238281
2021-12-29,36.08590316772461,1217400,5.6619,76.55999755859375,104107.0,49.13246154785156
2021-12-30,36.38473129272461,2020000,5.5805,76.98999786376953,104822.0,49.615455627441406
2022-01-03,36.17645263671875,1970000,5.6309,76.08000183105469,103922.0,49.58573532104492
2022-01-04,35.18035888671875,3520500,5.6776,76.98999786376953,103514.0,50.17277145385742
2022-01-05,33.6681022644043,2598600,5.6628,77.8499984741211,101006.0,51.057029724121094
2022-01-06,32.78972244262695,1492400,5.7042,79.45999908447266,101561.0,52.04533386230469
2022-01-07,32.110565185546875,3481000,5.6753,78.9000015258789,102719.0,53.680110931396484
2022-01-10,31.494794845581055,1984400,5.6736,78.2300033569336,101945.0,54.029354095458984
2022-01-11,31.52196502685547,1530700,5.6351,81.22000122070312,103779.0,55.30001449584961
2022-01-12,31.947566986083984,2175400,5.5611,82.63999938964844,105686.0,56.526100158691406
2022-01-13,31.920400619506836,2044500,5.5246,82.12000274658203,105530.0,56.221439361572266
2022-01-14,31.793628692626953,947200,5.5349,83.81999969482422,106928.0,56.02824783325195
2022-01-18,31.56723976135254,1185800,5.5213,85.43000030517578,106522.0,56.27346420288086
2022-01-19,32.31884002685547,1542200,5.4978,86.95999908447266,108013.0,57.90080261230469
2022-01-20,32.59955978393555,1577800,5.4166,86.9000015258789,109102.0,56.59299087524414
2022-01-21,32.59955978393555,1746700,5.4401,85.13999938964844,108942.0,55.25543975830078
2022-01-24,32.10151290893555,1645800,5.491,83.30999755859375,107752.0,54.44547653198242
2022-01-25,32.27356719970703,3186600,5.4971,85.5999984741211,109845.0,54.750144958496094
2022-01-26,32.80783462524414,4464900,5.4324,87.3499984741211,111573.0,55.01021957397461
2022-01-27,33.505104064941406,3127300,5.3812,86.61000061035156,112315.0,55.797889709472656
2022-01-28,33.052330017089844,2841200,5.3954,86.81999969482422,111478.0,54.34144592285156
2022-01-31,33.83109664916992,2584100,5.3574,88.1500015258789,112388.0,53.05592727661133
2022-02-01,33.523216247558594,2548400,5.281,88.19999694824219,113147.0,55.13654708862305
2022-02-02,32.979888916015625,2232300,5.2956,88.26000213623047,112161.0,55.203426361083984
2022-02-03,33.22438049316406,2632700,5.3025,90.2699966430664,111696.0,54.594093322753906
2022-02-04,32.48183822631836,1861800,5.3284,92.30999755859375,112245.0,54.906192779541016
2022-02-07,32.246402740478516,1242300,5.2913,91.31999969482422,111996.0,56.94966125488281
2022-02-08,32.42750549316406,1433900,5.2699,89.36000061035156,112234.0,58.03455352783203
2022-02-09,32.41844940185547,1976900,5.2735,89.66000366210938,112461.0,58.205474853515625
2022-02-10,32.58144760131836,1353100,5.2101,89.87999725341797,113359.0,58.67361068725586
2022-02-11,32.644832611083984,2420100,5.1987,93.0999984741211,113572.0,57.80419921875
2022-02-14,32.08340072631836,2170800,5.2106,95.45999908447266,113807.0,58.235191345214844
2022-02-15,32.98894119262695,1548800,5.1881,92.06999969482422,114660.0,57.31377029418945
2022-02-16,33.342105865478516,1986200,5.163,93.66000366210938,115181.0,58.37636947631836
2022-02-17,33.903541564941406,3942000,5.1565,91.76000213623047,113528.0,56.97938537597656
2022-02-18,34.2657585144043,2972900,5.1339,91.06999969482422,112768.0,57.685306549072266
2022-02-22,35.95912170410156,3156300,5.0611,92.3499984741211,112892.0,57.789337158203125
2022-02-23,35.96818161010742,2277700,5.0143,92.0999984741211,112008.0,57.58871078491211
2022-02-24,36.42095184326172,2874500,5.1174,92.80999755859375,111592.0,56.0431022644043
2022-02-25,37.49855041503906,4839100,5.1394,91.58999633789062,113142.0,57.93052291870117
2022-03-02,37.842655181884766,4681100,5.1347,110.5999984741211,115174.0,62.076904296875
2022-03-03,38.1414794921875,3828500,5.0479,107.66999816894531,115166.0,62.418739318847656
2022-03-04,38.385982513427734,2515300,5.0758,115.68000030517578,114474.0,60.84339904785156
2022-03-07,37.48949432373047,2899300,5.0579,119.4000015258789,111593.0,59.104591369628906
2022-03-08,37.22688674926758,3444300,5.0903,123.69999694824219,111203.0,57.611000061035156
2022-03-09,39.29152297973633,3852100,5.0094,108.69999694824219,113900.0,57.75218963623047
2022-03-10,38.29542541503906,2857700,5.0513,106.0199966430664,113663.0,59.27260208129883
2022-03-11,37.88793182373047,1948500,5.0255,109.33000183105469,111713.0,57.58588409423828
2022-03-14,38.42220687866211,2780900,5.0647,103.01000213623047,109928.0,54.933082580566406
2022-03-15,38.69386291503906,2310900,5.1314,96.44000244140625,108959.0,54.70343017578125
2022-03-16,39.19191360473633,2347300,5.1287,95.04000091552734,111112.0,57.58588409423828
2022-03-17,40.14273452758789,3704500,5.0764,102.9800033569336,113076.0,59.26468276977539
2022-03-18,40.89433288574219,5385300,5.0411,104.69999694824219,115311.0,59.731903076171875
2022-03-21,41.20222473144531,3045700,4.9666,112.12000274658203,116155.0,61.52156066894531
2022-03-22,41.65499496459961,2177300,4.9208,111.76000213623047,117272.0,60.55546951293945
2022-03-23,41.41049575805664,1778100,4.8704,114.93000030517578,117457.0,61.67201614379883
2022-03-24,41.79082489013672,3171400,4.8067,112.33999633789062,119053.0,62.00461196899414
2022-03-25,40.60456466674805,3750800,4.7782,113.9000015258789,119081.0,62.97071075439453
2022-03-28,39.916351318359375,3320100,4.7905,105.95999908447266,118738.0,62.18674087524414
2022-03-29,40.69511795043945,3115300,4.7486,104.23999786376953,120014.0,62.067962646484375
2022-03-30,40.96678161621094,2684400,4.7497,107.81999969482422,120260.0,63.74675750732422
2022-03-31,43.20347213745117,7498500,4.7378,100.27999877929688,119999.0,63.66756820678711
2022-04-01,46.427207946777344,10356300,4.6984,99.2699966430664,121570.0,65.47306823730469
2022-04-04,46.680755615234375,4801900,4.6175,103.27999877929688,121280.0,64.44361877441406
2022-04-05,46.28232192993164,3364300,4.64,101.95999908447266,118885.0,63.73884963989258
2022-04-06,45.56694030761719,3214100,4.6967,96.2300033569336,118228.0,63.80218505859375
2022-04-07,46.90714645385742,5951000,4.7422,96.02999877929688,118862.0,64.02391815185547
2022-04-08,46.77131271362305,2946000,4.7513,98.26000213623047,118322.0,63.572540283203125
2022-04-11,46.48154067993164,1976000,4.7025,94.29000091552734,116953.0,63.144927978515625
2022-04-12,45.738990783691406,3062000,4.6483,100.5999984741211,116147.0,63.73884963989258
2022-04-13,45.983489990234375,2121100,4.6811,104.25,116782.0,64.88706970214844
2022-04-14,45.53071975708008,2258700,4.7158,106.94999694824219,116182.0,64.8316421508789
2022-04-18,45.46732711791992,1550500,4.6746,108.20999908447266,115687.0,65.25133514404297
2022-04-19,43.719635009765625,4932600,4.6664,102.55999755859375,115057.0,63.905120849609375
2022-04-20,42.877471923828125,6468200,4.6397,102.75,114344.0,62.22633743286133
2022-04-22,42.0172119140625,3869000,4.7326,102.06999969482422,111078.0,57.546295166015625
2022-04-25,42.306983947753906,2910500,4.8818,98.54000091552734,110685.0,56.09714126586914
2022-04-26,41.79082489013672,2684300,4.9666,101.69999694824219,108213.0,54.43418502807617
2022-04-27,41.817989349365234,3320800,5.0167,102.0199966430664,109349.0,56.9365348815918
2022-04-28,41.926658630371094,2866800,5.011,105.36000061035156,109919.0,56.627708435058594
2022-04-29,41.161930084228516,3384300,4.9191,104.69000244140625,107876.0,56.318870544433594
2022-05-02,41.43924331665039,3735900,5.0266,105.16999816894531,106639.0,56.18425369262695
2022-05-03,41.30058670043945,3863200,5.0167,102.41000366210938,106528.0,56.318870544433594
2022-05-04,41.86444854736328,6425900,5.0093,107.80999755859375,108344.0,56.865272521972656
2022-05-05,40.56109619140625,3855800,5.0051,108.26000213623047,105304.0,54.61632537841797
2022-05-06,40.76445388793945,4248100,5.075,109.7699966430664,105135.0,53.903621673583984
2022-05-09,41.81822967529297,4866100,5.134,103.08999633789062,103250.0,51.44878005981445
2022-05-10,42.52998352050781,3066600,5.139,99.76000213623047,103110.0,51.551727294921875
2022-05-11,41.75352096557617,2219500,5.1244,105.70999908447266,104397.0,51.80513000488281
2022-05-12,41.6518440246582,3200000,5.1482,106.12999725341797,105688.0,51.01324462890625
2022-05-13,41.84595489501953,2587500,5.1075,110.48999786376953,106924.0,52.113956451416016
2022-05-16,41.87369155883789,2776400,5.0666,114.19999694824219,108233.0,52.71579360961914
2022-05-17,42.52074432373047,4634900,4.9676,112.4000015258789,108789.0,54.608402252197266
2022-05-18,41.19890594482422,3425100,4.9592,109.58999633789062,106247.0,52.79498291015625
2022-05-19,42.345115661621094,4681700,4.9198,112.20999908447266,107005.0,53.79276657104492
2022-05-20,42.48377227783203,3639100,4.8777,113.2300033569336,108488.0,55.06769561767578
2022-05-23,44.064430236816406,5797400,4.7973,110.29000091552734,110346.0,56.010047912597656
2022-05-24,44.48039245605469,4033600,4.8106,109.7699966430664,110581.0,56.437652587890625
2022-05-25,44.7577018737793,3192100,4.8359,110.33000183105469,110580.0,56.92862319946289
2022-05-26,44.48963928222656,3087400,4.7967,114.08999633789062,111890.0,57.11867141723633
2022-05-27,43.98124313354492,3787100,4.7434,115.06999969482422,111942.0,57.95808029174805
2022-05-31,42.317386627197266,9565200,4.7289,114.66999816894531,111351.0,58.15604782104492
2022-06-01,41.91990661621094,5246000,4.7765,115.26000213623047,111360.0,57.98976135253906
2022-06-02,42.43755340576172,3541500,4.7879,116.87000274658203,112393.0,60.040733337402344
2022-06-03,42.659400939941406,2202300,4.7956,118.87000274658203,111102.0,59.28052520751953
2022-06-06,41.95688247680664,3104400,4.7839,118.5,110186.0,60.11199951171875
2022-06-07,41.337562561035156,2471800,4.8909,119.41000366210938,110070.0,62.083797454833984
2022-06-08,40.819915771484375,1492600,4.8711,122.11000061035156,108368.0,60.57130813598633
2022-06-09,40.699745178222656,1961200,4.8951,121.51000213623047,107094.0,58.924171447753906
2022-06-10,39.79387283325195,2205000,4.9836,120.66999816894531,105481.0,56.77025604248047
2022-06-13,38.87874984741211,2977100,5.1033,120.93000030517578,102598.0,54.4896240234375
2022-06-14,38.9064826965332,3121300,5.1203,118.93000030517578,102063.0,53.38889694213867
2022-06-15,39.377906799316406,3069300,5.1119,115.30999755859375,102807.0,55.051856994628906
2022-06-17,38.01909255981445,7077300,5.1313,109.55999755859375,99825.0,51.108272552490234
2022-06-21,37.34430694580078,2419900,5.1462,110.6500015258789,99685.0,51.7892951965332
2022-06-22,38.37959671020508,3472700,5.1509,106.19000244140625,99522.0,49.65911865234375
2022-06-23,38.083797454833984,2698600,5.1833,104.2699966430664,98080.0,48.154537200927734
2022-06-24,38.65690231323242,2495000,5.2334,107.62000274658203,98672.0,49.66704177856445
2022-06-27,39.063621520996094,2327400,5.2214,109.56999969482422,100764.0,49.904605865478516
2022-06-28,38.943458557128906,3910500,5.2179,111.76000213623047,100591.0,50.09465408325195
2022-06-29,38.74934005737305,2457500,5.2268,109.77999877929688,99622.0,49.833335876464844
2022-06-30,38.980430603027344,4013700,5.238,105.76000213623047,98542.0,48.30500030517578
2022-07-01,39.747650146484375,4366500,5.3142,108.43000030517578,98954.0,47.37849426269531
2022-07-05,38.28715515136719,4315900,5.3899,99.5,98295.0,45.35918045043945
2022-07-06,38.38883590698242,2221900,5.4321,98.52999877929688,98719.0,45.34334182739258
2022-07-07,39.1005973815918,3587700,5.364,102.7300033569336,100730.0,47.109249114990234
2022-07-08,39.322444915771484,2366000,5.3086,104.79000091552734,100289.0,46.80833053588867
2022-07-11,39.230010986328125,1682000,5.3477,104.08999633789062,98212.0,45.77888870239258
2022-07-12,39.50732421875,1555700,5.412,95.83999633789062,98271.0,45.31167221069336
2022-07-13,39.24849319458008,1899200,5.3992,96.30000305175781,97881.0,46.00852966308594
2022-07-14,39.128334045410156,1772400,5.4568,95.77999877929688,96121.0,43.30028533935547
2022-07-15,39.941768646240234,2275400,5.4014,97.58999633789062,96551.0,43.878360748291016
2022-07-18,39.24849319458008,1601400,5.3675,102.5999984741211,96916.0,44.852378845214844
2022-07-19,39.38715362548828,1497300,5.3904,104.22000122070312,98245.0,45.493804931640625
2022-07-20,39.19303512573242,1846200,5.4288,102.26000213623047,98287.0,45.37501907348633
2022-07-21,39.17454528808594,2105700,5.475,96.3499984741211,99033.0,45.557151794433594
2022-07-22,40.25605392456055,2018800,5.4522,94.69999694824219,98925.0,45.53339767456055
2022-07-25,40.468658447265625,2044800,5.4144,96.69999694824219,100270.0,47.25178909301758
2022-07-26,40.08966827392578,1712600,5.3608,94.9800033569336,99772.0,46.80833053588867
2022-07-27,40.58882141113281,1259400,5.3074,97.26000213623047,101438.0,47.0538215637207
2022-07-28,41.31907272338867,1490000,5.2149,96.41999816894531,102597.0,47.4180908203125
2022-07-29,41.29133605957031,1710400,5.1884,98.62000274658203,103165.0,48.32875061035156
2022-08-01,41.42999267578125,2163900,5.1606,93.88999938964844,102225.0,47.711082458496094
2022-08-02,41.59638214111328,1117100,5.2329,94.41999816894531,103362.0,46.95878601074219
2022-08-03,41.97536849975586,2576900,5.2846,90.66000366210938,103775.0,46.863765716552734
2022-08-04,43.297210693359375,2650000,5.2409,88.54000091552734,105892.0,46.97462844848633
2022-08-05,42.97368240356445,2000000,5.2165,89.01000213623047,106472.0,48.059513092041016
2022-08-08,43.824100494384766,2692600,5.1247,90.76000213623047,108402.0,48.1466178894043
2022-08-09,43.05687713623047,3243600,5.1224,90.5,108651.0,48.57423782348633
2022-08-10,43.60224914550781,2078300,5.0497,91.93000030517578,110236.0,48.86723327636719
2022-08-11,42.409820556640625,2661700,5.1127,94.33999633789062,109718.0,49.64527130126953
2022-08-12,40.53335952758789,6398000,5.1023,92.08999633789062,112764.0,49.82736587524414
2022-08-15,41.245121002197266,4065300,5.0925,89.41000366210938,113032.0,48.428558349609375
2022-08-16,41.087982177734375,1875400,5.134,86.52999877929688,113512.0,50.47296905517578
2022-08-17,42.825782775878906,3345200,5.1784,88.11000061035156,113708.0,49.38040542602539
2022-08-18,42.94594955444336,1836000,5.1773,90.5,113813.0,50.06740188598633
2022-08-19,43.04763412475586,3577600,5.1961,90.7699966430664,111496.0,48.69342041015625
2022-08-22,42.853519439697266,1852200,5.1709,90.2300033569336,110501.0,48.776187896728516
2022-08-23,43.62073516845703,2794500,5.103,93.73999786376953,112857.0,50.572288513183594
2022-08-24,44.110652923583984,2978900,5.105,94.88999938964844,112898.0,48.933448791503906
2022-08-25,44.794681549072266,4352600,5.1173,92.5199966430664,113532.0,49.80253219604492
2022-08-26,44.064430236816406,2427200,5.0903,93.05999755859375,112299.0,49.42179489135742
2022-08-29,44.45266342163086,2509500,5.0428,97.01000213623047,112323.0,49.032779693603516
2022-08-30,44.27703857421875,2355500,5.0617,91.63999938964844,110431.0,46.98836135864258
2022-08-31,45.432491302490234,6535000,5.179,89.55000305175781,109523.0,46.591068267822266
2022-09-01,45.29383850097656,4224100,5.2007,86.61000061035156,110405.0,44.9770622253418
2022-09-02,45.64509963989258,4487100,5.1878,86.87000274658203,110864.0,45.10121536254883
2022-09-06,45.38627243041992,4497400,5.2228,86.87999725341797,109764.0,45.42401885986328
2022-09-08,47.66020965576172,6815000,5.2155,83.54000091552734,109916.0,45.804752349853516
2022-09-09,49.02827072143555,4671100,5.1633,86.79000091552734,112300.0,47.948490142822266
2022-09-12,48.251800537109375,3482300,5.1183,87.77999877929688,113407.0,48.701698303222656
2022-09-13,47.68793869018555,3627300,5.1794,87.30999755859375,110794.0,46.91387176513672
2022-09-14,47.3736572265625,3165100,5.1774,88.4800033569336,110547.0,46.516578674316406
2022-09-15,45.37703323364258,7019000,5.2211,85.0999984741211,109954.0,45.81303024291992
2022-09-16,43.53754806518555,17728400,5.2882,85.11000061035156,109280.0,45.66404342651367
2022-09-19,44.526615142822266,4819000,5.2367,85.7300033569336,111824.0,46.60762405395508
2022-09-20,44.267791748046875,3405800,5.1705,84.44999694824219,112517.0,45.61438751220703
2022-09-21,43.53754806518555,4685700,5.1692,82.94000244140625,111936.0,44.05003356933594
2022-09-22,43.935020446777344,3722100,5.1677,83.48999786376953,114070.0,45.81303024291992
2022-09-23,42.89049530029297,4521300,5.2257,78.73999786376953,111716.0,43.17267990112305
2022-09-26,40.72747802734375,5725100,5.3548,76.70999908447266,109114.0,42.3946418762207
2022-09-27,40.39470672607422,8089000,5.3508,78.5,108376.0,43.354774475097656
2022-09-28,42.603939056396484,7777900,5.3594,82.1500015258789,108451.0,44.58803939819336
2022-09-29,42.89049530029297,5434000,5.3916,81.2300033569336,107664.0,45.672325134277344
2022-09-30,45.848453521728516,10487100,5.4066,79.48999786376953,110037.0,45.57300567626953
2022-10-03,53.61311340332031,26067400,5.2002,83.62999725341797,116134.0,47.178733825683594
2022-10-04,53.52067565917969,9082900,5.1411,86.5199966430664,116230.0,49.04104995727539
2022-10-05,53.52067565917969,4668800,5.2144,87.76000213623047,117198.0,48.618927001953125
2022-10-06,52.87362289428711,4805800,5.2009,88.44999694824219,117561.0,47.31944274902344
2022-10-07,53.07698059082031,8293100,5.2221,92.63999938964844,116375.0,47.42703628540039
2022-10-10,53.733280181884766,3176100,5.1941,91.12999725341797,115941.0,47.559471130371094
2022-10-11,53.0954704284668,5252500,5.2068,89.3499984741211,114827.0,46.48346710205078
2022-10-13,51.94001388549805,11334300,5.3017,89.11000061035156,114300.0,46.70694351196289
2022-10-14,50.562713623046875,6795700,5.2824,85.61000061035156,112072.0,44.455604553222656
2022-10-17,51.87530517578125,5728600,5.2713,85.45999908447266,113624.0,45.672325134277344
2022-10-18,52.134132385253906,3920300,5.2697,82.81999969482422,115743.0,45.28330612182617
2022-10-19,52.51312255859375,2665400,5.2808,85.55000305175781,116274.0,44.48044204711914
2022-10-20,52.355979919433594,3527500,5.2176,85.9800033569336,117171.0,44.141090393066406
2022-10-21,54.29714584350586,6704000,5.1919,85.05000305175781,119929.0,45.98685073852539
2022-10-24,54.03832244873047,3310200,5.2744,84.58000183105469,116013.0,44.77013397216797
2022-10-25,53.54840850830078,3190200,5.3091,85.31999969482422,114626.0,45.56472396850586
2022-10-26,52.55009078979492,4622900,5.3248,87.91000366210938,112764.0,47.10424041748047
2022-10-27,53.733280181884766,5898800,5.3003,89.08000183105469,114641.0,45.31641387939453
2022-10-28,55.03663635253906,6506900,5.3454,87.9000015258789,114539.0,43.72723388671875
2022-10-31,55.55427551269531,12857800,5.257,86.52999877929688,116037.0,44.15763854980469
2022-11-01,55.720664978027344,5229500,5.15,88.37000274658203,116929.0,45.498504638671875
2022-11-03,55.46184158325195,2439500,5.1349,88.16999816894531,116896.0,43.884498596191406
2022-11-04,55.1383171081543,2908400,5.036,92.61000061035156,118155.0,48.287845611572266
2022-11-07,53.72403335571289,3964500,5.0886,91.79000091552734,115342.0,48.387168884277344
2022-11-08,53.98286056518555,3380600,5.1744,88.91000366210938,116160.0,49.264530181884766
2022-11-09,53.317317962646484,2956400,5.1629,85.83000183105469,113580.0,48.29612731933594
2022-11-10,51.22825241088867,5690400,5.3064,86.47000122070312,109775.0,50.3322639465332
2022-11-11,52.319000244140625,6613600,5.3051,88.95999908447266,112253.0,53.56027603149414
2022-11-14,53.44672393798828,3750800,5.3013,85.87000274658203,113161.0,53.171260833740234
2022-11-16,52.68874740600586,5561800,5.3204,85.58999633789062,110243.0,53.39473342895508
2022-11-17,50.94170379638672,7946200,5.4655,81.63999938964844,109703.0,53.742374420166016
2022-11-18,51.03413391113281,4031000,5.3477,80.08000183105469,108880.0,53.95757293701172
2022-11-21,54.7685661315918,7666500,5.3259,79.7300033569336,109748.0,53.204368591308594
2022-11-22,54.40806579589844,4987800,5.3339,80.94999694824219,109037.0,53.96584701538086
2022-11-23,54.5374755859375,2987600,5.393,77.94000244140625,108683.0,54.74388122558594
2022-11-25,55.5450325012207,4408400,5.3508,76.27999877929688,108977.0,54.40453338623047
2022-11-28,55.61898422241211,3080500,5.3796,77.23999786376953,108782.0,53.96584701538086
2022-11-29,55.31394577026367,3201600,5.3076,78.19999694824219,110910.0,56.16752624511719
2022-11-30,55.72991180419922,7243100,5.2941,80.55000305175781,112486.0,56.81312561035156
2022-12-01,55.674442291259766,2079900,5.1948,81.22000122070312,110926.0,57.26008605957031
2022-12-02,56.17360305786133,2411600,5.1974,79.9800033569336,111924.0,57.78981399536133
2022-12-05,54.750083923339844,2115900,5.2464,76.93000030517578,109401.0,57.49183654785156
2022-12-06,52.2912712097168,8728800,5.2396,74.25,109533.0,58.22020721435547
2022-12-07,53.113956451416016,3178200,5.2208,72.01000213623047,109361.0,57.814632415771484
2022-12-08,52.060184478759766,5022100,5.2091,71.45999908447266,107245.0,59.428653717041016
2022-12-09,51.55178451538086,3641400,5.2396,71.0199966430664,107689.0,59.999755859375
2022-12-12,50.3223762512207,5624500,5.3066,73.16999816894531,105264.0,58.87409210205078
2022-12-13,49.91565704345703,6073600,5.2669,75.38999938964844,103892.0,59.271385192871094
2022-12-14,50.87699890136719,7198800,5.3406,77.27999877929688,103803.0,58.53474426269531
2022-12-15,51.14506149291992,3007500,5.3183,76.11000061035156,103738.0,58.31126022338867
2022-12-16,49.71229934692383,14521000,5.2806,74.29000091552734,102825.0,57.467010498046875
2022-12-19,50.60893249511719,2531800,5.316,75.19000244140625,104530.0,56.99522018432617
2022-12-20,51.976985931396484,4381000,5.2427,76.08999633789062,106979.0,57.63254165649414
2022-12-21,51.30220031738281,3710800,5.2031,78.29000091552734,107313.0,58.55129623413086
2022-12-22,52.54085159301758,6057100,5.1871,77.48999786376953,107317.0,58.178829193115234
2022-12-23,53.71479034423828,2301000,5.1445,79.55999755859375,109698.0,58.59267807006836
2022-12-27,52.20808029174805,1661600,5.2832,79.52999877929688,108347.0,59.122398376464844
2022-12-28,53.00303268432617,2559900,5.2736,78.95999908447266,110237.0,58.46023941040039
2022-12-29,52.83665084838867,3206800,5.2177,78.4000015258789,110031.0,58.840980529785156
2023-01-03,48.935829162597656,3804800,5.3759,76.93000030517578,104166.0,58.81615447998047
2023-01-04,49.3148193359375,1982500,5.4459,72.83999633789062,105334.0,59.21344757080078
2023-01-05,50.54422378540039,3490600,5.4026,73.66999816894531,107518.0,59.552799224853516
2023-01-06,50.77531433105469,1667100,5.2855,73.7699966430664,108836.0,61.30751419067383
2023-01-09,50.86775207519531,2255000,5.2967,74.62999725341797,109227.0,61.37372970581055
2023-01-10,51.015647888183594,1907800,5.2395,75.12000274658203,110912.0,62.58217239379883
2023-01-11,51.607242584228516,3744800,5.202,77.41000366210938,111763.0,62.366973876953125
2023-01-12,50.997161865234375,4737100,5.14,78.38999938964844,111877.0,64.2955093383789
2023-01-13,50.562713623046875,1969500,5.1146,79.86000061035156,110916.0,64.18791198730469
2023-01-17,51.16354751586914,5809000,5.1203,80.18000030517578,111439.0,62.88014221191406
2023-01-18,51.015647888183594,4605400,5.0909,79.4800033569336,112452.0,63.236053466796875
2023-01-19,51.15430450439453,1925400,5.2144,80.33000183105469,113006.0,63.997528076171875
2023-01-20,49.54591369628906,4792000,5.1986,81.30999755859375,112301.0,64.87489318847656
2023-01-23,48.427433013916016,4645500,5.1922,81.62000274658203,111709.0,65.18942260742188
2023-01-24,49.758514404296875,3152800,5.1696,80.12999725341797,113028.0,65.37979125976562
2023-01-25,50.414817810058594,2918300,5.1042,80.1500015258789,114195.0,66.11644744873047
2023-01-26,49.97112274169922,1808000,5.0951,81.01000213623047,114109.0,66.5468521118164
2023-01-27,49.54591369628906,2335400,5.0767,79.68000030517578,112502.0,65.8929672241211
2023-01-30,49.97112274169922,2037500,5.0959,77.9000015258789,111888.0,65.33013916015625
2023-01-31,51.45009994506836,4467300,5.0993,78.87000274658203,113532.0,65.67776489257812
2023-02-01,51.39463806152344,2993900,5.0721,76.41000366210938,112303.0,65.4625473022461
2023-02-02,51.49631881713867,2712600,4.9901,75.87999725341797,109935.0,62.201438903808594
2023-02-03,49.45347595214844,3043400,5.103,73.38999938964844,108490.0,61.83724594116211
2023-02-06,49.471961975097656,2647100,5.1763,74.11000061035156,108456.0,61.15026092529297
2023-02-07,47.76188659667969,3271800,5.1695,77.13999938964844,107920.0,61.779300689697266
2023-02-08,48.57533264160156,3821300,5.2036,78.47000122070312,109882.0,61.53927230834961
2023-02-09,48.14087677001953,9534500,5.2315,78.05999755859375,107783.0,61.55583953857422
2023-02-10,48.991294860839844,1800600,5.2526,79.72000122070312,108150.0,60.68675994873047
2023-02-13,49.45347595214844,1879700,5.1834,80.13999938964844,108846.0,61.24958038330078
2023-02-14,50.377838134765625,4773800,5.1507,79.05999755859375,107659.0,61.8289680480957
2023-02-15,50.285404205322266,3737500,5.2243,78.58999633789062,109442.0,61.60548782348633
2023-02-16,50.87699890136719,2960400,5.2432,78.48999786376953,109905.0,62.00279235839844
2023-02-17,50.88623809814453,3135900,5.2012,76.33999633789062,109303.0,61.61377716064453
2023-02-22,49.342552185058594,2179900,5.173,73.94999694824219,107152.0,60.297725677490234
2023-02-23,48.723228454589844,2540200,5.133,75.38999938964844,107720.0,59.172061920166016
2023-02-24,48.70473861694336,2110000,5.1791,76.31999969482422,105873.0,57.0283317565918
2023-02-27,49.324066162109375,2389600,5.196,75.68000030517578,105711.0,57.243534088134766
2023-02-28,47.83583450317383,5924400,5.2078,77.05000305175781,104932.0,57.71532440185547
2023-03-01,48.14087677001953,3510300,5.207,77.69000244140625,104385.0,60.18185043334961
2023-03-02,47.94675827026367,1960400,5.208,78.16000366210938,103326.0,61.03437805175781
2023-03-03,47.53079605102539,1060100,5.2037,79.68000030517578,103866.0,62.22626876831055
2023-03-06,47.6417236328125,2127200,5.197,80.45999908447266,104700.0,60.18185043334961
2023-03-07,47.97449493408203,1290400,5.1901,77.58000183105469,104228.0,58.451969146728516
2023-03-08,49.13919448852539,3009800,5.1387,76.66000366210938,106540.0,59.246551513671875
2023-03-09,48.18709945678711,3124600,5.1353,75.72000122070312,105071.0,58.29800033569336
2023-03-10,46.96693420410156,2973300,5.1822,76.68000030517578,103618.0,57.71689987182617
2023-03-13,47.86356735229492,4558000,5.24,74.80000305175781,103121.0,58.460365295410156
2023-03-14,48.5106201171875,2024300,5.2362,71.33000183105469,102932.0,59.29782485961914
2023-03-15,49.333309173583984,2578500,5.2981,67.61000061035156,102675.0,56.2897834777832
2023-03-16,49.45347595214844,3010100,5.2892,68.3499984741211,103435.0,55.315589904785156
2023-03-17,47.83583450317383,5362900,5.2679,66.73999786376953,101982.0,55.26430892944336
2023-03-20,46.66189956665039,2277500,5.2467,67.63999938964844,100923.0,56.79397201538086
2023-03-21,45.70055389404297,3295400,5.2444,69.33000183105469,100998.0,56.383785247802734
2023-03-22,45.848453521728516,2987900,5.2648,70.9000015258789,100221.0,55.589046478271484
2023-03-23,44.5635871887207,2685700,5.2632,69.95999908447266,97926.0,55.20449447631836
2023-03-24,43.74090576171875,7641600,5.2921,69.26000213623047,98829.0,55.26430892944336
2023-03-27,44.96106719970703,4021600,5.2306,72.80999755859375,99670.0,55.623226165771484
2023-03-28,45.91315841674805,3453900,5.1733,73.19999694824219,101185.0,56.4521484375
2023-03-29,46.116519927978516,3282300,5.1493,72.97000122070312,101793.0,57.110164642333984
2023-03-30,47.087100982666016,2978100,5.1254,74.37000274658203,103713.0,58.20399475097656
2023-03-31,46.78206253051758,1998300,5.0804,75.66999816894531,101882.0,58.62272262573242
2023-04-03,46.58794403076172,4289000,5.0637,80.41999816894531,101506.0,58.1869010925293
2023-04-04,46.94845199584961,1705100,5.0762,80.70999908447266,101869.0,57.195613861083984
2023-04-05,46.0980339050293,5352400,5.0447,80.61000061035156,100978.0,57.127254486083984
2023-04-06,46.403072357177734,1892200,5.0683,80.69999694824219,100822.0,57.04179382324219
2023-04-10,45.54341506958008,5991200,5.0834,79.73999786376953,101847.0,57.41780471801758
2023-04-11,47.1425666809082,4021200,5.0128,81.52999877929688,106214.0,59.48583221435547
2023-04-12,47.484580993652344,2710200,4.9496,83.26000213623047,106890.0,59.33201217651367
2023-04-13,47.447608947753906,2152700,4.9097,82.16000366210938,106458.0,59.7336540222168
2023-04-14,45.87618637084961,6143300,4.9455,82.5199966430664,106279.0,58.60563659667969
2023-04-17,45.25686264038086,3545700,4.9421,80.83000183105469,106016.0,59.144004821777344
2023-04-18,43.96275329589844,2951400,4.9678,80.86000061035156,106163.0,60.16948318481445
2023-04-19,44.471153259277344,3659400,5.0467,79.16000366210938,103913.0,59.144004821777344
2023-04-20,44.877872467041016,3602100,5.0497,77.29000091552734,104367.0,57.51179885864258
2023-04-24,44.98879623413086,4080700,5.0595,78.76000213623047,103947.0,55.08485412597656
2023-04-25,45.09972381591797,3884400,5.0613,77.06999969482422,103220.0,53.102272033691406
2023-04-26,44.30476760864258,3933600,5.0585,74.30000305175781,102312.0,53.78592300415039
2023-04-27,42.91822052001953,6180200,5.015,74.76000213623047,102923.0,54.43539047241211
2023-04-28,42.64091110229492,5178200,5.0007,76.77999877929688,104432.0,54.68321228027344
2023-05-02,42.28536605834961,2567700,5.0334,71.66000366210938,101927.0,53.08518600463867
2023-05-03,41.9431266784668,2340200,5.0227,68.5999984741211,101797.0,52.99118423461914
2023-05-04,43.85395431518555,4071600,5.0106,68.55999755859375,102174.0,52.53826904296875
2023-05-05,43.57826232910156,4057800,4.9696,71.33999633789062,105148.0,54.40975570678711
2023-05-08,43.682838439941406,3089900,4.9696,73.16000366210938,106042.0,54.58066177368164
2023-05-09,43.863460540771484,1355700,5.0007,73.70999908447266,107114.0,54.555030822753906
2023-05-10,45.64119338989258,5025000,4.9547,72.55999755859375,107448.0,53.99102020263672
2023-05-11,46.068992614746094,3899500,4.9696,70.87000274658203,108256.0,52.452816009521484
2023-05-12,49.41531753540039,9152300,4.9234,70.04000091552734,108464.0,52.76045608520508
2023-05-15,49.78607177734375,2347800,4.9103,71.11000061035156,109029.0,53.760292053222656
2023-05-16,48.407615661621094,2814600,4.9122,70.86000061035156,108194.0,52.478450775146484
2023-05-17,48.06538391113281,1820600,4.9513,72.83000183105469,109460.0,53.52955627441406
2023-05-18,48.47416687011719,2881600,4.9647,71.86000061035156,110108.0,52.91427230834961
2023-05-19,48.51218795776367,3454900,4.9858,71.55000305175781,110745.0,53.17064666748047
2023-05-22,48.331565856933594,1058200,4.968,71.98999786376953,110213.0,52.905731201171875
2023-05-23,47.98933029174805,1298500,4.9674,72.91000366210938,109929.0,51.97426223754883
2023-05-24,47.56153106689453,1883000,4.9474,74.33999633789062,108800.0,50.495872497558594
2023-05-25,48.79738998413086,2425900,4.999,71.83000183105469,110054.0,50.75224685668945
2023-05-26,50.8508186340332,6575600,5.0114,72.66999816894531,110906.0,52.230628967285156
2023-05-30,49.919166564941406,2155700,5.0593,69.45999908447266,108967.0,51.444435119628906
2023-05-31,49.95719528198242,5769400,5.0959,68.08999633789062,108335.0,50.461692810058594
2023-06-01,49.71952819824219,2591300,5.035,70.0999984741211,110565.0,52.162261962890625
2023-06-02,50.48956298828125,2816800,4.9558,71.73999786376953,112558.0,53.98247146606445
2023-06-05,49.66249084472656,2068700,4.9236,72.1500015258789,112696.0,53.768829345703125
2023-06-06,51.097984313964844,2031500,4.9292,71.73999786376953,114610.0,54.40975570678711
2023-06-07,50.67969512939453,2650200,4.9119,72.52999877929688,115488.0,54.41830062866211
2023-06-09,51.79196548461914,2596400,4.8922,70.16999816894531,117019.0,55.178855895996094
2023-06-12,52.00111389160156,2679400,4.8832,67.12000274658203,117336.0,54.469573974609375
2023-06-13,51.06946563720703,1757000,4.8533,69.41999816894531,116743.0,56.059051513671875
2023-06-14,51.12650680541992,4810000,4.8462,68.2699966430664,119069.0,57.47761917114258
2023-06-15,50.7557487487793,3021700,4.8222,70.62000274658203,119221.0,58.40908432006836
2023-06-16,51.117000579833984,4973900,4.8286,71.77999877929688,118758.0,57.72544479370117
2023-06-20,52.7046012878418,2334500,4.793,70.5,119622.0,56.34105682373047
2023-06-21,52.85670471191406,1947000,4.7795,72.52999877929688,120420.0,55.88814163208008
2023-06-22,51.906044006347656,1785900,4.775,69.51000213623047,118934.0,55.631771087646484
2023-06-23,53.008811950683594,1834500,4.7799,69.16000366210938,118977.0,54.26447677612305
2023-06-26,52.191246032714844,2183300,4.7698,69.37000274658203,118243.0,54.469573974609375
2023-06-27,52.50496292114258,1964700,4.7903,67.69999694824219,117523.0,55.46086120605469
2023-06-28,52.0106201171875,1863600,4.8563,69.55999755859375,116681.0,54.20465850830078
2023-06-29,52.79966735839844,1244800,4.8584,69.86000061035156,118383.0,54.520843505859375
2023-06-30,53.778846740722656,3909000,4.8192,70.63999938964844,118087.0,54.555030822753906
2023-07-03,53.60772705078125,4159500,4.7876,69.79000091552734,119673.0,55.401039123535156
2023-07-05,53.23697280883789,2379400,4.8577,71.79000091552734,119549.0,54.7003059387207
2023-07-06,52.3243408203125,2665300,4.8977,71.80000305175781,117426.0,53.78592300415039
2023-07-07,53.23697280883789,2184300,4.8799,73.86000061035156,118898.0,54.161930084228516
2023-07-10,53.23697280883789,2628300,4.8735,72.98999786376953,117942.0,53.99102020263672
2023-07-11,52.286312103271484,3721700,4.8949,74.83000183105469,117220.0,55.153221130371094
2023-07-12,52.3243408203125,2761300,4.8058,75.75,117666.0,57.18706512451172
2023-07-13,52.76163864135742,1894900,4.8038,76.88999938964844,119264.0,58.97310256958008
2023-07-14,51.839500427246094,3406700,4.7957,75.41999816894531,117711.0,58.56291198730469
2023-07-17,51.52578353881836,2156100,4.8302,74.1500015258789,118219.0,57.528892517089844
2023-07-18,51.75394058227539,2044100,4.804,75.75,117841.0,57.39216995239258
2023-07-19,51.49726104736328,3623100,4.8,75.3499984741211,117552.0,56.59742736816406
2023-07-20,51.250091552734375,1649100,4.7888,75.62999725341797,118083.0,56.913604736328125
2023-07-21,52.50496292114258,2510800,4.7732,77.06999969482422,120217.0,56.81106948852539
2023-07-24,52.77114486694336,1553300,4.7457,78.73999786376953,121342.0,57.281070709228516
2023-07-25,53.02782440185547,1520200,4.7496,79.62999725341797,122008.0,59.656742095947266
2023-07-26,53.493648529052734,1815100,4.7368,78.77999877929688,122560.0,58.06725311279297
2023-07-27,53.69328689575195,2967100,4.7202,80.08999633789062,119990.0,57.29816436767578
2023-07-28,53.89292526245117,2956200,4.7253,80.58000183105469,120187.0,56.486328125
2023-07-31,55.23335647583008,3153100,4.7415,81.80000305175781,121943.0,56.87088394165039
2023-08-01,52.9517707824707,7459900,4.7752,81.37000274658203,121248.0,56.03341293334961
2023-08-02,52.55249786376953,1997700,4.8083,79.48999786376953,120859.0,54.53793716430664
2023-08-03,50.955387115478516,3202400,4.8797,81.55000305175781,120586.0,54.7430305480957
2023-08-04,50.63216018676758,2276500,4.8609,82.81999969482422,119508.0,54.72593688964844
2023-08-07,50.55611038208008,1953200,4.901,81.94000244140625,119380.0,54.7344856262207
2023-08-08,51.117000579833984,2609300,4.9217,82.91999816894531,119090.0,54.32429504394531
2023-08-09,50.67969512939453,1435700,4.9015,84.4000015258789,118409.0,54.43539047241211
2023-08-10,50.5370979309082,2187200,4.8518,82.81999969482422,118350.0,53.925575256347656
2023-08-11,53.389076232910156,6959400,4.8918,83.19000244140625,118065.0,53.63551712036133
2023-08-14,53.398582458496094,3747000,4.9481,82.51000213623047,116810.0,52.68621063232422
2023-08-15,52.067657470703125,1460600,4.9812,80.98999786376953,116171.0,51.631439208984375
2023-08-16,54.948158264160156,10183500,4.9772,79.37999725341797,115592.0,51.29741668701172
2023-08-17,55.66115188598633,5447600,4.9816,80.38999938964844,114982.0,52.352203369140625
2023-08-18,56.887508392333984,3763900,4.9724,81.25,115409.0,52.1500358581543
2023-08-21,55.58510208129883,1516700,4.9847,80.72000122070312,114429.0,52.69500732421875
2023-08-22,56.80194854736328,2335900,4.9431,80.3499984741211,116156.0,53.020233154296875
2023-08-23,56.13648223876953,1995600,4.8977,78.88999938964844,118135.0,54.224430084228516
2023-08-24,56.26957702636719,2276700,4.8748,79.05000305175781,117026.0,53.433349609375
2023-08-25,56.03190994262695,2177100,4.8772,79.83000183105469,115837.0,53.3630256652832
2023-08-28,56.11747360229492,1693700,4.8938,80.0999984741211,117121.0,54.25080490112305
2023-08-29,56.13648223876953,2134900,4.8706,81.16000366210938,118404.0,54.78697967529297
2023-08-30,55.85128402709961,1431500,4.8653,81.62999725341797,117535.0,55.156158447265625
2023-08-31,55.06223678588867,2131900,4.9219,83.62999725341797,115742.0,54.936405181884766
2023-09-01,55.82276916503906,1695200,4.9318,85.55000305175781,117893.0,56.1230354309082
2023-09-05,55.68016815185547,2050700,4.9705,86.69000244140625,117331.0,55.72749328613281
2023-09-06,55.00519943237305,1668600,4.9762,87.54000091552734,115985.0,55.64838409423828
2023-09-08,54.834083557128906,1542300,4.9835,87.51000213623047,115313.0,53.811309814453125
2023-09-11,56.088951110839844,2536800,4.9366,87.29000091552734,116883.0,55.622013092041016
2023-09-12,56.54526901245117,2064700,4.9505,88.83999633789062,117968.0,55.54290771484375
2023-09-13,57.11566925048828,1983900,4.9171,88.5199966430664,118176.0,55.47258758544922
2023-09-14,58.28498077392578,3451600,4.8751,90.16000366210938,119392.0,58.03921890258789
2023-09-15,57.058624267578125,4834500,4.8689,90.7699966430664,118758.0,57.88099670410156
2023-09-18,57.58148956298828,1649400,4.8535,91.4800033569336,118288.0,57.37118911743164
2023-09-19,57.800140380859375,2504600,4.8575,91.19999694824219,117846.0,57.4942512512207
2023-09-20,57.47691345214844,2586400,4.8487,90.27999877929688,118695.0,57.59093475341797
2023-09-21,58.64622497558594,5214700,4.9229,89.62999725341797,116145.0,56.026344299316406
2023-09-22,58.31349563598633,2514800,4.9131,90.02999877929688,116009.0,56.31641387939453
2023-09-25,58.323001861572266,1301800,4.9606,89.68000030517578,115925.0,55.43743133544922
2023-09-26,57.04911804199219,2895700,4.9717,90.38999938964844,114193.0,54.50570297241211
2023-09-27,56.03190994262695,4171800,5.0289,93.68000030517578,114327.0,54.77819061279297
2023-09-28,56.33612060546875,2345400,5.0475,91.70999908447266,115731.0,56.07029724121094
2023-09-29,58.0187873840332,4084700,5.0076,90.79000091552734,116565.0,55.93844985961914
2023-10-02,57.51494216918945,3447100,5.0679,88.81999969482422,115057.0,55.112205505371094
2023-10-03,57.134674072265625,3203900,5.11,89.2300033569336,113419.0,53.96073913574219
2023-10-04,57.838165283203125,3106600,5.1526,84.22000122070312,113607.0,53.160865783691406
2023-10-05,57.51494216918945,1916200,5.1713,82.30999755859375,113284.0,53.53003692626953
2023-10-06,57.220237731933594,2169800,5.1918,82.79000091552734,114170.0,54.496917724609375
2023-10-09,58.227935791015625,1571400,5.1666,86.37999725341797,115156.0,53.872840881347656
2023-10-10,59.39725112915039,2342000,5.0862,85.97000122070312,116737.0,54.95398712158203
2023-10-11,59.102542877197266,3441800,5.0496,83.48999786376953,117051.0,55.34074020385742
2023-10-13,58.25645446777344,2108300,5.0625,87.69000244140625,115754.0,54.8309326171875
2023-10-16,59.710968017578125,5849000,5.0618,86.66000366210938,116534.0,56.3779411315918
2023-10-17,58.246952056884766,4233600,5.0384,86.66000366210938,115908.0,56.580108642578125
2023-10-18,56.573787689208984,5263300,5.0568,88.31999969482422,114060.0,54.8660888671875
2023-10-19,57.410369873046875,4334100,5.054,89.37000274658203,114004.0,54.409019470214844
2023-10-20,56.50724411010742,5423300,5.0528,88.75,113155.0,53.23118209838867
2023-10-23,58.12336349487305,4512000,5.0164,85.48999786376953,112785.0,53.055389404296875
2023-10-24,57.71458053588867,1481600,5.0065,83.73999786376953,113762.0,54.8660888671875
2023-10-25,57.10615921020508,1735300,4.9981,85.38999938964844,112830.0,55.47258758544922
2023-10-26,57.97126007080078,2405000,5.0055,83.20999908447266,114777.0,55.45500946044922
2023-10-27,56.6213264465332,2643000,4.948,85.54000091552734,113301.0,56.03513717651367
2023-10-30,55.699180603027344,3024000,5.0074,82.30999755859375,112532.0,56.43946838378906
2023-10-31,55.49003601074219,1419100,5.0575,81.0199966430664,113144.0,56.553733825683594
2023-11-01,56.478721618652344,3575700,5.0194,80.44000244140625,115053.0,57.204185485839844
2023-11-03,57.88570022583008,2078300,4.891,80.51000213623047,118160.0,58.27654266357422
2023-11-06,57.610008239746094,1946100,4.8999,80.81999969482422,118487.0,58.61055374145508
2023-11-07,58.0853385925293,2028300,4.867,77.37000274658203,119268.0,56.87016677856445
2023-11-08,57.92372512817383,1836100,4.8855,75.33000183105469,119099.0,56.77347946166992
2023-11-09,58.10435104370117,2577100,4.9007,75.73999786376953,119012.0,56.65921401977539
2023-11-10,58.11385726928711,2152900,4.9219,77.16999816894531,120636.0,57.5381965637207
2023-11-13,58.90290832519531,1658900,4.9247,78.26000213623047,120376.0,57.6436767578125
2023-11-14,60.21481704711914,3477100,4.8682,78.26000213623047,123328.0,59.60380554199219
2023-11-16,61.53623962402344,2912800,4.8575,72.9000015258789,124576.0,59.46316909790039
2023-11-17,61.46969223022461,1640900,4.8849,75.88999938964844,125062.0,59.937828063964844
2023-11-20,61.24152755737305,1308800,4.8723,77.5999984741211,126095.0,60.85196304321289
2023-11-21,61.78340530395508,1176600,4.8806,77.7699966430664,125607.0,61.73973083496094
2023-11-22,62.74357223510742,3427400,4.8968,77.0999984741211,126035.0,61.39692687988281
2023-11-24,64.93959045410156,2265400,4.8927,75.54000091552734,125542.0,61.28266906738281
2023-11-27,64.35018920898438,3007900,4.8951,74.86000061035156,125683.0,60.6761589050293
2023-11-28,64.34068298339844,2386800,4.8867,76.41000366210938,126538.0,61.02775955200195
2023-11-29,63.53261947631836,2868000,4.8933,77.86000061035156,126101.0,60.5355339050293
2023-11-30,64.22660064697266,2884700,4.9355,75.95999908447266,127331.0,60.72890090942383
2023-12-01,65.27233123779297,2729400,4.9191,74.06999969482422,128103.0,62.54840087890625
2023-12-04,64.6258773803711,1852800,4.9091,73.04000091552734,126803.0,60.69374465942383
2023-12-05,64.6258773803711,2189900,4.9522,72.31999969482422,126903.0,60.201515197753906
2023-12-06,65.58604431152344,2475700,4.9031,69.37999725341797,125623.0,60.64100646972656
2023-12-07,64.58786010742188,6076400,4.8949,69.33999633789062,126010.0,61.91554260253906
2023-12-08,64.32167053222656,2079500,4.9158,71.2300033569336,127094.0,61.678199768066406
2023-12-11,65.54801940917969,2452000,4.944,71.31999969482422,126916.0,60.781646728515625
2023-12-12,65.814208984375,1389600,4.9476,68.61000061035156,126403.0,61.03654861450195
2023-12-13,67.92466735839844,4360100,4.958,69.47000122070312,129465.0,61.933109283447266
2023-12-14,67.7820816040039,2486500,4.8912,71.58000183105469,130842.0,63.44496536254883
2023-12-15,67.65848541259766,2980800,4.9397,71.43000030517578,130197.0,63.68227767944336
2023-12-18,68.64717102050781,2216600,4.9399,72.47000122070312,131084.0,64.01630401611328
2023-12-19,69.18904876708984,2903300,4.8663,73.44000244140625,131851.0,64.86012268066406
2023-12-20,69.01792907714844,2755000,4.8766,74.22000122070312,130804.0,63.69107437133789
2023-12-21,70.57701110839844,3248100,4.8755,73.88999938964844,132182.0,65.04470825195312
2023-12-22,71.18543243408203,4536600,4.8619,73.55999755859375,132753.0,64.89527893066406
2023-12-26,70.491455078125,1805800,4.8368,75.56999969482422,133533.0,65.20292663574219
2023-12-27,71.16641998291016,1295900,4.8306,74.11000061035156,134194.0,65.72151947021484
2023-12-28,71.6512680053711,1581200,4.8413,71.7699966430664,134185.0,65.51936340332031
2024-01-02,69.99710845947266,1690300,4.8916,70.37999725341797,132697.0,65.27325439453125
2024-01-03,69.84500885009766,1300000,4.9212,72.69999694824219,132834.0,64.64917755126953
2024-01-04,69.0274429321289,1397400,4.9188,72.19000244140625,131226.0,64.20088195800781
2024-01-05,68.78026580810547,1336400,4.8899,73.80999755859375,132023.0,63.84929275512695
2024-01-08,69.64537048339844,1272800,4.885,70.7699966430664,132427.0,64.02508544921875
2024-01-09,69.82598876953125,1191300,4.8937,72.23999786376953,131447.0,62.28470230102539
2024-01-10,71.07135772705078,1825800,4.8901,71.37000274658203,130841.0,61.8012580871582
2024-01-11,72.81106567382812,6432800,4.8794,72.0199966430664,130649.0,61.581520080566406
2024-01-12,73.23886108398438,1843000,4.8543,72.68000030517578,130988.0,61.686988830566406
2024-01-16,72.4403076171875,2351900,4.9038,72.4000015258789,129294.0,60.72890090942383
2024-01-17,72.84909057617188,3041200,4.9346,72.55999755859375,128524.0,59.94660949707031
2024-01-18,72.01251220703125,2481000,4.9403,74.08000183105469,127316.0,60.799224853515625
2024-01-19,72.25017547607422,4700700,4.9223,73.41000366210938,127636.0,60.43004608154297
2024-01-22,72.41178894042969,3104600,4.949,75.19000244140625,126602.0,59.137939453125
2024-01-23,73.44800567626953,4305600,4.9715,74.37000274658203,128263.0,60.42125701904297
2024-01-24,72.63043975830078,1551300,4.9192,75.08999633789062,127816.0,61.133235931396484
2024-01-25,73.28639221191406,2444900,4.9232,77.36000061035156,128169.0,61.616676330566406
2024-01-26,73.23886108398438,1669500,4.9125,78.01000213623047,128967.0,62.205596923828125
2024-01-29,73.76171875,1927800,4.9225,76.77999877929688,128503.0,62.451717376708984
2024-01-30,74.31310272216797,3498900,4.9638,77.81999969482422,127402.0,61.704566955566406
2024-01-31,74.96906280517578,3693300,4.9535,75.8499984741211,127752.0,60.887115478515625
2024-02-01,74.95955657958984,2663700,4.935,73.81999969482422,128481.0,61.63425827026367
2024-02-02,74.85498046875,2821400,4.9471,72.27999877929688,127182.0,60.19272994995117
2024-02-05,75.3398208618164,1679900,5.0053,72.77999877929688,127593.0,59.33132553100586
2024-02-06,76.34751892089844,1479700,4.9687,73.30999755859375,130416.0,60.05208206176758
2024-02-07,76.4045639038086,2380300,4.9608,73.86000061035156,129608.0,60.227882385253906
2024-02-08,75.0736312866211,2319900,4.9804,76.22000122070312,128217.0,59.86750030517578
2024-02-09,75.8531723022461,1501600,4.9717,76.83999633789062,128026.0,59.700496673583984
2024-02-14,75.09264373779297,2139200,4.9723,76.63999938964844,127018.0,58.96215057373047
2024-02-15,76.70877075195312,13496000,4.971,78.02999877929688,127804.0,59.36648178100586
2024-02-16,77.42176818847656,2302200,4.9761,79.19000244140625,128726.0,60.75527572631836
2024-02-20,77.42176818847656,2287800,4.9408,78.18000030517578,129916.0,57.942527770996094
2024-02-21,75.75811767578125,3708200,4.9303,77.91000366210938,130032.0,57.555782318115234
2024-02-22,76.79432678222656,2783100,4.9419,78.61000061035156,130241.0,57.7403678894043
2024-02-23,76.23344421386719,1624100,4.9851,76.48999786376953,129419.0,57.995269775390625
2024-02-26,76.29999542236328,1920100,4.9819,77.58000183105469,129609.0,56.82622528076172
2024-02-27,75.71057891845703,3861000,4.9575,78.87000274658203,131689.0,57.11628723144531
2024-02-28,75.6250228881836,2563500,4.9557,78.54000091552734,130155.0,56.219722747802734
2024-02-29,75.25426483154297,2698600,4.9833,78.26000213623047,129020.0,56.720741271972656
2024-03-01,75.73909759521484,2129100,4.9596,79.97000122070312,129180.0,57.25692367553711
2024-03-04,75.6535415649414,2872900,4.9475,78.73999786376953,128341.0,57.00201416015625
2024-03-05,75.28278350830078,3169400,4.9488,78.1500015258789,128098.0,56.07908248901367
2024-03-06,75.82466125488281,2325100,4.9398,79.12999725341797,128890.0,57.00201416015625
2024-03-07,75.75811767578125,2004700,4.9364,78.93000030517578,128340.0,58.2835807800293
2024-03-08,76.22393798828125,3175500,4.9751,78.01000213623047,127071.0,57.3864860534668
2024-03-11,74.2465591430664,3462600,4.9777,77.93000030517578,126124.0,56.754859924316406
2024-03-12,73.26737976074219,3045900,4.9813,77.55999755859375,127668.0,57.4139518737793
2024-03-13,73.02971649169922,2774000,4.9803,79.72000122070312,128006.0,57.82588195800781
2024-03-14,72.71599578857422,2941800,4.9768,81.26000213623047,127690.0,56.80063247680664
2024-03-15,72.72550964355469,2395700,4.9937,81.04000091552734,126742.0,56.91963195800781
2024-03-18,72.25968170166016,4375300,5.0124,82.72000122070312,126954.0,57.00202178955078
2024-03-19,73.56208038330078,2792600,5.0352,83.47000122070312,127529.0,57.496337890625
2024-03-20,74.57929229736328,2405300,5.012,81.68000030517578,129125.0,58.46665954589844
2024-03-21,74.85498046875,3387600,4.9807,81.06999969482422,128159.0,58.70466232299805
2024-03-22,76.3380126953125,5533800,4.9897,80.62999725341797,127027.0,57.670265197753906
2024-03-25,76.96544647216797,2923000,4.9869,81.94999694824219,126931.0,58.04557418823242
2024-03-26,78.05870819091797,3456900,4.987,81.62000274658203,126863.0,56.91047668457031
2024-03-27,79.18048858642578,3550100,4.9856,81.3499984741211,127691.0,58.091346740722656
2024-03-28,80.52091217041016,4270900,4.9962,83.16999816894531,128106.0,58.34765625
2024-04-01,79.76039123535156,2340800,5.0532,83.70999908447266,126990.0,58.75043869018555
2024-04-02,77.9921646118164,3460500,5.0476,85.1500015258789,127549.0,59.58344650268555
2024-04-03,79.36111450195312,3070800,5.0724,85.43000030517578,127318.0,59.13490295410156
2024-04-04,80.18818664550781,4951500,5.0237,86.58999633789062,127428.0,57.944881439208984
2024-04-05,80.007568359375,1681200,5.052,86.91000366210938,126795.0,57.670265197753906
2024-04-08,80.3307876586914,2145500,5.0421,86.43000030517578,128857.0,60.48970413208008
2024-04-09,80.7680892944336,2500200,5.008,85.2300033569336,129890.0,61.56986999511719
2024-04-10,79.66532897949219,2979200,5.0654,86.20999908447266,128054.0,60.88331985473633
2024-04-11,78.3058853149414,1647200,5.0765,85.0199966430664,127396.0,60.66361618041992
2024-04-12,76.86087036132812,2491700,5.1364,85.66000366210938,125946.0,60.407310485839844
2024-04-15,76.67074584960938,2361500,5.1746,85.41000366210938,125334.0,61.12132263183594
2024-04-16,76.08132934570312,2551500,5.2635,85.36000061035156,124389.0,60.132694244384766
2024-04-17,77.42176818847656,3325600,5.2469,82.69000244140625,124171.0,61.13047790527344
2024-04-18,78.68614196777344,8114800,5.2512,82.7300033569336,124196.0,61.038936614990234
2024-04-19,80.32128143310547,6802500,5.2269,83.13999938964844,125124.0,61.304405212402344
2024-04-22,78.70516204833984,3960700,5.2043,82.8499984741211,125573.0,61.514949798583984
2024-04-23,78.99986267089844,2215900,5.1626,83.36000061035156,125148.0,61.0023193359375
2024-04-24,78.37242889404297,2323000,5.1592,82.80999755859375,124741.0,62.375423431396484
2024-04-25,78.49600982666016,3285400,5.1679,83.56999969482422,124646.0,62.04587936401367
2024-04-26,79.62842559814453,2997300,5.1184,83.8499984741211,126526.0,62.46696853637695
2024-04-29,79.68647766113281,1357500,5.1155,82.62999725341797,127352.0,63.17182540893555
2024-04-30,78.19646453857422,2178600,5.1718,81.93000030517578,125924.0,62.091651916503906
2024-05-02,77.68367004394531,6850800,5.1184,78.94999694824219,127122.0,62.503578186035156
2024-05-03,78.17711639404297,3697700,5.0668,78.11000061035156,128509.0,63.10774612426758
2024-05-06,77.16120147705078,2788700,5.0727,78.4800033569336,128466.0,63.913299560546875
2024-05-07,77.53853607177734,3224800,5.061,78.37999725341797,129210.0,64.11469268798828
2024-05-08,77.56756591796875,2262900,5.0887,78.98999786376953,129481.0,63.18097686767578
2024-05-09,76.66775512695312,2998900,5.1577,79.26000213623047,128188.0,64.07807159423828
2024-05-10,75.86470031738281,5041900,5.1464,78.26000213623047,127600.0,63.89499282836914
2024-05-13,75.9227523803711,1916300,5.1412,79.12000274658203,128155.0,63.931602478027344
2024-05-14,76.44522094726562,1594000,5.1356,78.0199966430664,128515.0,63.7943000793457
2024-05-15,76.64840698242188,2558500,5.1423,78.62999725341797,128028.0,64.38015747070312
2024-05-16,77.15151977539062,2800300,5.127,79.2300033569336,128284.0,65.82648468017578
2024-05-17,76.00982666015625,2848100,5.1157,80.05999755859375,128151.0,67.38267517089844
2024-05-20,75.28417205810547,3009500,5.1085,79.80000305175781,127751.0,67.1812744140625
2024-05-21,74.48111724853516,3037000,5.1037,79.26000213623047,127412.0,67.26366424560547
2024-05-22,72.51701354980469,4080500,5.1502,77.56999969482422,125650.0,66.11026000976562
2024-05-23,72.91370391845703,2649900,5.1443,76.87000274658203,124729.0,65.37794494628906
2024-05-24,73.15558624267578,2142700,5.1508,77.72000122070312,124306.0,65.77156066894531
2024-05-28,72.2073974609375,4239300,5.1538,79.83000183105469,123780.0,64.86531066894531
2024-05-29,72.26545715332031,3344600,5.1972,79.2300033569336,122707.0,63.6478271484375
2024-05-31,71.46239471435547,9330900,5.2416,76.98999786376953,122098.0,64.16960906982422
2024-06-03,71.16246032714844,4074600,5.2373,74.22000122070312,122032.0,63.54713439941406
2024-06-04,72.24610137939453,6664800,5.2687,73.25,121802.0,62.53103256225586
2024-06-05,75.4776840209961,8535300,5.2841,74.06999969482422,121407.0,62.320499420166016
2024-06-06,74.8100814819336,5303900,5.2681,75.55000305175781,122899.0,63.34574890136719
2024-06-07,71.83973693847656,6423000,5.2802,75.52999877929688,120767.0,62.24726104736328
2024-06-10,72.66213989257812,1672700,5.3666,77.73999786376953,120760.0,62.47611618041992
2024-06-11,73.14591217041016,4259700,5.3524,77.9000015258789,121635.0,61.49664306640625
2024-06-12,70.78512573242188,5070400,5.3891,78.5,119936.0,61.40509796142578
2024-06-13,72.05259704589844,3442700,5.3974,78.62000274658203,119568.0,61.258628845214844
2024-06-14,72.56539154052734,4229200,5.363,78.44999694824219,119662.0,60.88331985473633
2024-06-17,71.90746307373047,1908100,5.413,80.33000183105469,119138.0,60.407310485839844
2024-06-18,69.76920318603516,4508100,5.4074,81.56999969482422,119630.0,60.65446853637695
2024-06-20,69.7208251953125,3570400,5.4254,82.16999816894531,120446.0,61.258628845214844
2024-06-21,72.42025756835938,7516800,5.4416,80.7300033569336,121341.0,60.782630920410156
2024-06-24,75.40027618408203,5568000,5.4,81.62999725341797,122637.0,60.828392028808594
2024-06-25,75.09066772460938,4315900,5.429,80.83000183105469,122331.0,60.8924674987793
2024-06-26,73.77481079101562,4889800,5.5097,80.9000015258789,122641.0,61.1487922668457
2024-06-27,71.70428466796875,13483700,5.5229,81.73999786376953,124308.0,60.25168991088867
2024-06-28,72.53636169433594,8851000,5.5589,81.54000091552734,123907.0,60.352386474609375
2024-07-01,75.6131362915039,10928600,5.5893,83.37999725341797,124718.0,60.79178237915039
2024-07-02,75.3228759765625,6189400,5.6677,82.80999755859375,124787.0,60.425621032714844
2024-07-03,78.031982421875,3802200,5.5863,83.87999725341797,125662.0,62.155731201171875
2024-07-05,79.41556549072266,6118900,5.497,83.16000366210938,126267.0,61.917720794677734
2024-07-08,80.41212463378906,3859100,5.472,82.33000183105469,126548.0,61.487483978271484
2024-07-09,81.53446960449219,5803300,5.4387,81.41000366210938,127108.0,61.313560485839844
2024-07-10,82.3375244140625,5056400,5.3967,82.0999984741211,127218.0,61.78041458129883
2024-07-11,81.592529296875,4775100,5.41,82.62000274658203,128294.0,62.320499420166016
2024-07-12,80.4508285522461,6100100,5.4529,82.20999908447266,128897.0,62.72327423095703
2024-07-15,79.01886749267578,3190600,5.4563,81.91000366210938,129321.0,61.83534240722656
2024-07-16,78.90277099609375,7329200,5.4274,80.76000213623047,129110.0,60.70939254760742
2024-07-17,80.49920654296875,6146200,5.467,82.8499984741211,129450.0,60.20592498779297
2024-07-18,79.35750579833984,6437800,5.5426,82.81999969482422,127652.0,58.92436218261719
2024-07-19,82.1440200805664,47002900,5.5543,80.12999725341797,127616.0,58.384273529052734
2024-07-22,84.17584991455078,20680500,5.5598,79.77999877929688,127860.0,58.57651138305664
2024-07-23,85.76261901855469,23477300,5.5807,76.95999908447266,126590.0,58.155426025390625
2024-07-24,86.30443572998047,13428800,5.6346,77.58999633789062,126423.0,58.118812561035156
2024-07-25,83.90494537353516,6660900,5.6402,78.27999877929688,125954.0,58.88774871826172
2024-07-26,83.98234558105469,4322200,5.6465,77.16000366210938,127492.0,59.55598449707031
2024-07-29,83.75012969970703,2791200,5.6479,75.80999755859375,126954.0,59.2264404296875
2024-07-30,84.51448822021484,7865300,5.6532,74.7300033569336,126139.0,58.155426025390625
2024-07-31,85.37559509277344,5549200,5.6621,77.91000366210938,127652.0,59.64753341674805
2024-08-01,86.72047424316406,4888200,5.6681,76.30999755859375,127395.0,58.118812561035156
2024-08-02,86.4108657836914,3208700,5.7366,73.5199966430664,125854.0,58.2835807800293
2024-08-05,85.74327087402344,2841300,5.7646,72.94000244140625,125270.0,57.64280319213867
2024-08-06,86.73983001708984,3943600,5.6528,73.19999694824219,126267.0,57.725189208984375
2024-08-07,88.90711212158203,6814500,5.6093,75.2300033569336,127514.0,57.24917984008789
2024-08-08,89.64244842529297,6019600,5.6172,76.19000244140625,128661.0,57.59702682495117
2024-08-09,94.17052459716797,10411400,5.5115,76.83999633789062,130615.0,57.889957427978516
2024-08-12,94.00605010986328,4125500,5.4911,80.05999755859375,131116.0,57.954036712646484
2024-08-13,94.92520904541016,5408800,5.4875,78.3499984741211,132398.0,58.3568115234375
2024-08-14,96.23138427734375,4133600,5.4502,76.9800033569336,133318.0,57.15763473510742
2024-08-15,95.43800354003906,4999700,5.4651,78.16000366210938,134153.0,57.44141387939453
2024-08-16,95.49604797363281,4582700,5.4632,76.6500015258789,133953.0,57.724002838134766
2024-08-19,94.33500671386719,5857500,5.4237,74.37000274658203,135778.0,58.854366302490234
2024-08-20,96.34748840332031,5148700,5.4547,74.04000091552734,136087.0,58.4022216796875
2024-08-21,96.2217025756836,2262300,5.4707,71.93000030517578,136464.0,59.71156311035156
2024-08-22,94.29630279541016,3479700,5.5524,73.01000213623047,135173.0,59.09928512573242
2024-08-23,93.65773010253906,2605600,5.5263,74.83000183105469,135608.0,59.363033294677734
2024-08-26,93.27071380615234,5728300,5.4921,77.41999816894531,136889.0,60.02241516113281
2024-08-27,93.07720184326172,2451000,5.4969,75.52999877929688,136776.0,60.28616714477539
2024-08-28,93.22233581542969,4651500,5.5315,74.5199966430664,137344.0,59.34419631958008
2024-08-29,92.29350280761719,3464000,5.6358,75.91000366210938,136041.0,59.645626068115234
2024-08-30,91.6549301147461,9847800,5.6562,73.55000305175781,136004.0,59.59852600097656
2024-09-03,91.62589263916016,2595200,5.6224,70.33999633789062,134353.0,56.83855056762695
2024-09-04,92.47733306884766,3064000,5.6359,69.19999694824219,136111.0,56.603057861328125
2024-09-05,92.28382110595703,2619000,5.6049,69.1500015258789,136502.0,56.88564682006836
2024-09-06,91.67427825927734,2044500,5.5702,67.66999816894531,134572.0,56.24510955810547
2024-09-09,91.71298217773438,2402600,5.6097,68.70999908447266,134737.0,56.5276985168457
2024-09-10,93.1255874633789,4156400,5.6254,65.75,134320.0,56.30162811279297
2024-09-11,91.6549301147461,2727200,5.6387,67.30999755859375,134677.0,57.65806579589844
2024-09-12,91.32595825195312,5070900,5.6554,68.97000122070312,134029.0,58.317447662353516
2024-09-13,91.46141815185547,4309400,5.5717,68.6500015258789,134882.0,58.92030715942383
2024-09-16,93.36746978759766,3190900,5.5207,70.08999633789062,135118.0,59.523170471191406
2024-09-17,93.06753540039062,2246900,5.501,71.19000244140625,134960.0,59.26883316040039
2024-09-18,92.95142364501953,2265300,5.4767,70.91000366210938,133748.0,59.25941848754883
2024-09-19,91.88713836669922,2257200,5.4189,71.94999694824219,133123.0,61.39768981933594
2024-09-20,91.58720397949219,5566500,5.4775,71.91999816894531,131065.0,59.8811149597168
2024-09-23,90.58096313476562,2270900,5.5446,70.37000274658203,130568.0,60.83251190185547
2024-09-24,89.70050048828125,3413700,5.4702,71.55999755859375,132156.0,63.50770568847656
2024-09-25,88.62652587890625,2446100,5.4736,69.69000244140625,131586.0,63.74319839477539
2024-09-26,88.3846435546875,5009500,5.4412,67.66999816894531,133010.0,66.64447784423828
2024-09-27,87.15587615966797,5365900,5.4431,68.18000030517578,132730.0,67.09661865234375
2024-09-30,87.46548461914062,3387900,5.4481,68.16999816894531,131816.0,67.04010009765625
2024-10-01,87.10749053955078,2263100,5.4521,69.83000183105469,132495.0,67.03068542480469
2024-10-02,87.18489837646484,2596400,5.4305,70.0999984741211,133515.0,66.71040344238281
2024-10-03,85.84001922607422,4294200,5.485,73.70999908447266,131672.0,65.77786254882812
2024-10-04,85.2594985961914,2433400,5.4686,74.37999725341797,131792.0,65.65540313720703
2024-10-07,86.58502197265625,2902100,5.4626,77.13999938964844,132018.0,65.58004760742188
2024-10-08,87.38807678222656,2999500,5.5197,73.56999969482422,131512.0,62.791812896728516
2024-10-09,86.06255340576172,3485100,5.5737,73.23999786376953,129962.0,62.49979782104492
2024-10-10,85.79164123535156,2601700,5.5819,75.8499984741211,130353.0,62.96136474609375
2024-10-11,85.24014282226562,2735500,5.6263,75.55999755859375,129992.0,63.328731536865234
2024-10-14,87.08814239501953,3858500,5.6045,73.83000183105469,131005.0,63.771453857421875
2024-10-15,88.14276123046875,3454400,5.6378,70.58000183105469,131043.0,62.61283874511719
2024-10-16,89.01354217529297,4083400,5.6749,70.38999938964844,131750.0,62.12300491333008
2024-10-17,89.58438873291016,3245000,5.6758,70.66999816894531,130793.0,61.31291198730469
2024-10-18,88.1330795288086,10542800,5.6672,69.22000122070312,130499.0,61.56724548339844
2024-10-21,89.14900207519531,2513900,5.7068,70.55999755859375,130362.0,61.18103790283203
2024-10-22,88.11373138427734,2180700,5.6958,72.08999633789062,129721.0,61.6802864074707
2024-10-23,87.21392059326172,2283600,5.7149,70.7699966430664,129233.0,60.74773025512695
2024-10-24,87.76541900634766,2287900,5.7087,70.19000244140625,130067.0,60.86077117919922
2024-10-25,88.33627319335938,2350000,5.6969,71.77999877929688,129893.0,61.49188995361328
2024-10-28,88.75231170654297,2364600,5.6988,67.37999725341797,131213.0,62.33966064453125
2024-10-29,89.09095001220703,1915500,5.714,67.20999908447266,130730.0,62.71644973754883
2024-10-30,89.6908187866211,2249700,5.7801,68.61000061035156,130639.0,62.07591247558594
2024-10-31,89.09095001220703,3430100,5.7779,69.26000213623047,129713.0,61.12451934814453
2024-11-01,86.48826599121094,3048400,5.8073,69.48999786376953,128121.0,61.53899002075195
2024-11-04,88.51042938232422,2328500,5.7898,71.47000122070312,130515.0,61.23755645751953
2024-11-05,88.36529541015625,2208500,5.7846,71.98999786376953,130661.0,61.69912338256836
2024-11-06,88.47172546386719,2514200,5.7648,71.69000244140625,130341.0,61.53899002075195
2024-11-07,87.21392059326172,2076300,5.6624,72.36000061035156,129682.0,63.5548095703125
2024-11-08,86.46891784667969,3411200,5.7648,70.37999725341797,127830.0,60.69121551513672
2024-11-11,89.07159423828125,3447600,5.798,68.04000091552734,127874.0,58.967403411865234
2024-11-12,92.44831085205078,6186000,5.7694,68.12000274658203,127698.0,57.64864730834961
2024-11-13,91.43238830566406,4879800,5.7713,68.43000030517578,127734.0,57.10230255126953
2024-11-14,93.18363189697266,3236400,5.7885,68.69999694824219,127792.0,56.9233283996582
2024-11-18,92.8449935913086,3590300,5.7603,69.16000366210938,127768.0,58.5152587890625
2024-11-19,94.91552734375,3544500,5.7743,69.38999938964844,128197.0,58.807273864746094
2024-11-21,93.65773010253906,3792900,5.8173,70.0999984741211,126922.0,58.93914794921875
2024-11-22,94.8478012084961,5433900,5.8124,71.23999786376953,129126.0,58.731910705566406
2024-11-25,94.4994888305664,6427300,5.8002,68.94000244140625,129036.0,59.325355529785156
2024-11-26,95.68955993652344,3259100,5.799,68.7699966430664,129922.0,58.43048095703125
2024-11-27,93.90928649902344,5266700,5.8291,68.72000122070312,127669.0,58.703651428222656
2024-11-29,89.96173858642578,6680500,6.0535,68.0,125668.0,59.193477630615234
2024-12-02,88.607177734375,3201100,6.0634,68.0999984741211,125236.0,59.59852600097656
2024-12-03,90.11653900146484,3482400,6.0707,69.94000244140625,126139.0,59.82460021972656
2024-12-04,88.5394515991211,3633100,6.0581,68.54000091552734,126087.0,59.71156311035156
2024-12-05,90.51322937011719,3892700,5.9849,68.30000305175781,127858.0,59.834022521972656
2024-12-06,88.10405731201172,4073300,6.0293,67.19999694824219,125946.0,58.50584411621094
2024-12-09,88.11373138427734,3298400,6.057,68.37000274658203,127210.0,61.12451934814453
2024-12-10,88.86841583251953,2328300,6.0529,68.58999633789062,128228.0,61.0585823059082
2024-12-11,89.52633666992188,3529200,6.032,70.29000091552734,129593.0,61.20930099487305
2024-12-12,86.80755615234375,3393800,5.9408,70.0199966430664,126042.0,59.76808166503906
2024-12-13,86.50762176513672,3947900,6.04,71.29000091552734,124612.0,58.60003662109375
2024-12-16,86.11093139648438,4678100,6.0509,70.70999908447266,123560.0,57.705162048339844
2024-12-17,87.6493148803711,8729600,6.1685,70.08000183105469,124698.0,57.893558502197266
2024-12-18,85.04663848876953,9342400,6.1624,70.58000183105469,120772.0,55.89657974243164
2024-12-19,84.35968780517578,5388000,6.1841,69.91000366210938,121188.0,55.32197570800781
2024-12-20,83.80818939208984,8880200,6.078,69.45999908447266,122102.0,55.23719787597656
2024-12-23,85.53041076660156,7702100,6.1612,69.23999786376953,120767.0,55.792964935302734
2024-12-26,85.68521118164062,2599700,6.1656,69.62000274658203,121078.0,55.81180191040039
2024-12-27,85.42398071289062,2790600,6.1991,70.5999984741211,120269.0,55.58572769165039
2024-12-30,85.62715911865234,4150100,6.1923,70.98999786376953,120283.0,55.190101623535156
2025-01-02,85.59813690185547,2975700,6.2086,73.12999725341797,120125.0,55.359657287597656
2025-01-03,84.08877563476562,3034300,6.1563,73.95999908447266,118533.0,55.199520111083984
2025-01-06,85.21112060546875,2385200,6.1119,73.55999755859375,120022.0,54.992286682128906
2025-01-07,86.3431396484375,3064600,6.0741,74.25,121163.0,54.81330871582031
2025-01-08,84.2726058959961,3257000,6.1321,73.31999969482422,119625.0,55.227779388427734
2025-01-10,84.74669647216797,3113000,6.0965,76.56999969482422,118856.0,55.425594329833984
2025-01-13,85.29820251464844,2306900,6.1079,78.81999969482422,119007.0,56.06613540649414
2025-01-14,85.42398071289062,5378400,6.0671,77.5,119299.0,56.87622833251953
2025-01-15,89.6908187866211,6439600,6.0377,80.04000091552734,122650.0,56.95158767700195
2025-01-16,88.08470916748047,2570100,6.0322,78.68000030517578,121234.0,56.320465087890625
2025-01-17,89.98108673095703,4675700,6.0609,77.87999725341797,122350.0,57.554447174072266
2025-01-21,91.44207000732422,3072300,6.044,75.88999938964844,123338.0,58.147891998291016
2025-01-22,90.94862365722656,2650300,5.9674,75.44000244140625,122972.0,57.57328796386719
2025-01-23,89.98108673095703,1674200,5.9399,74.62000274658203,122483.0,57.98775863647461
2025-01-24,89.78758239746094,1118900,5.8925,74.66000366210938,122447.0,58.487003326416016
2025-01-27,92.44831085205078,2420300,5.9272,73.16999816894531,124862.0,58.37396240234375
2025-01-28,91.5001220703125,2187000,5.893,73.7699966430664,124056.0,56.4240837097168
2025-01-29,89.85530853271484,2604000,5.8596,72.62000274658203,123432.0,56.25453186035156
2025-01-30,92.52571105957031,3065500,5.9006,72.7300033569336,126913.0,57.37547302246094
2025-01-31,91.5001220703125,2480700,5.8301,72.52999877929688,126135.0,56.90448760986328
2025-02-03,93.06753540039062,2424700,5.8687,73.16000366210938,125970.0,56.376983642578125
2025-02-04,94.42208099365234,3199400,5.7927,72.69999694824219,125147.0,57.64864730834961
2025-02-05,94.6639633178711,2868200,5.7997,71.02999877929688,125534.0,57.808780670166016
2025-02-06,94.59623718261719,2358800,5.7856,70.61000061035156,126225.0,58.58119583129883
2025-02-07,93.37714385986328,2230200,5.7557,71.0,124619.0,58.355125427246094
2025-02-10,94.00605010986328,2244600,5.7808,72.31999969482422,125572.0,58.637718200683594
2025-02-11,94.86715698242188,2562100,5.7788,73.31999969482422,126522.0,58.072532653808594
2025-02-12,93.90928649902344,3490800,5.7711,71.37000274658203,124380.0,58.439903259277344
2025-02-13,95.6121597290039,2238700,5.7788,71.29000091552734,124850.0,59.617366790771484
2025-02-14,98.30191040039062,2974400,5.7283,70.73999786376953,128219.0,59.68330764770508
2025-02-18,96.80223083496094,2509600,5.6979,71.8499984741211,128532.0,60.45572280883789
2025-02-19,95.8056640625,1971100,5.7087,72.25,127309.0,59.11811828613281
2025-02-20,95.43800354003906,1997100,5.7019,72.56999969482422,127601.0,60.5593376159668
2025-02-21,95.3509292602539,1414700,5.7027,70.4000015258789,127128.0,59.843441009521484
2025-02-24,93.88026428222656,1890100,5.7258,70.69999694824219,125401.0,59.09928512573242
2025-02-25,94.7220230102539,3446000,5.7779,68.93000030517578,125980.0,58.50584411621094
2025-02-26,93.17396545410156,2262900,5.7757,68.62000274658203,124769.0,58.006595611572266
2025-02-27,92.70954132080078,2061600,5.8228,70.3499984741211,124799.0,57.187076568603516
2025-02-28,91.89681243896484,4541100,5.8488,69.76000213623047,122799.0,57.04578399658203
2025-03-05,91.0550537109375,2640200,5.7914,66.30999755859375,123047.0,60.0506706237793
2025-03-06,91.10343170166016,3093000,5.7489,66.36000061035156,123358.0,60.229644775390625
2025-03-07,93.06753540039062,3290900,5.7688,67.04000091552734,125035.0,60.8349723815918
2025-03-10,93.69642639160156,3355600,5.793,66.02999877929688,124519.0,60.73733901977539
2025-03-11,92.82565307617188,3113900,5.8346,66.25,123507.0,60.385860443115234
2025-03-12,92.66116333007812,2473200,5.8268,67.68000030517578,123864.0,59.341190338134766
2025-03-13,94.61559295654297,3556600,5.8131,66.55000305175781,125637.0,59.751251220703125
2025-03-14,96.07657623291016,3892100,5.7419,67.18000030517578,128957.0,61.547691345214844
2025-03-17,97.3343734741211,5036700,5.7082,67.58000183105469,130834.0,61.96751403808594
2025-03-18,97.01508331298828,2663000,5.6852,66.9000015258789,131475.0,62.62165069580078
2025-03-19,99.31783294677734,8489300,5.6657,67.16000366210938,132508.0,62.34828186035156
2025-03-20,98.62120056152344,6584900,5.6628,68.26000213623047,131955.0,61.4305305480957
2025-03-21,98.06002807617188,5497700,5.7241,68.27999877929688,132345.0,60.52254867553711
2025-03-24,95.59281158447266,4927400,5.7403,69.11000061035156,131321.0,60.69828414916992
2025-03-25,98.78568267822266,5246600,5.6992,69.0,132068.0,61.32313919067383
2025-03-26,98.2825698852539,2433600,5.7298,69.6500015258789,132520.0,61.3817138671875
2025-03-27,100.63368225097656,4386400,5.7474,69.91999816894531,133149.0,60.864261627197266
2025-03-28,99.63712310791016,1862700,5.766,69.36000061035156,131902.0,59.58527374267578
2025-03-31,98.68893432617188,2788200,5.7422,71.4800033569336,130260.0,58.65776443481445
2025-04-01,99.0275650024414,2966000,5.7051,71.19999694824219,131147.0,58.8042106628418
2025-04-02,98.8921127319336,2380800,5.6923,71.70999908447266,131190.0,58.482025146484375
2025-04-03,102.12369537353516,3426200,5.6067,66.94999694824219,131141.0,57.04682159423828
2025-04-04,100.04348754882812,3718200,5.7777,61.9900016784668,127256.0,53.37582778930664
2025-04-07,98.5438003540039,2812600,5.8877,60.70000076293945,125588.0,53.268436431884766
2025-04-08,98.292236328125,2593100,5.9368,59.58000183105469,123932.0,51.081459045410156
2025-04-09,99.67581939697266,3779400,6.0605,62.349998474121094,127796.0,54.2935791015625
2025-04-10,101.59154510498047,5104000,5.9115,60.06999969482422,126355.0,53.57109451293945
2025-04-11,103.54596710205078,3714300,5.8737,61.5,127682.0,55.51398849487305
2025-04-14,104.88117980957031,2823000,5.8425,61.529998779296875,129454.0,55.66043472290039
2025-04-15,104.91020202636719,2983900,5.8707,61.33000183105469,129245.0,55.904518127441406
2025-04-16,103.81688690185547,3555200,5.8808,62.470001220703125,128317.0,55.806884765625
2025-04-17,105.47137451171875,2246100,5.8559,64.68000030517578,129650.0,56.79297637939453
2025-04-22,106.41956329345703,3881400,5.7496,64.30999755859375,130464.0,58.208648681640625
2025-04-23,108.95451354980469,4767200,5.688,62.27000045776367,132216.0,58.77492141723633
2025-04-24,111.2088851928711,3977900,5.6738,62.790000915527344,134580.0,60.22964859008789
2025-04-25,111.63459014892578,3959800,5.6846,63.02000045776367,134739.0,59.126399993896484
2025-04-28,111.65394592285156,4010700,5.6681,62.04999923706055,135016.0,59.42905807495117
2025-04-29,111.18952941894531,4664900,5.6467,60.41999816894531,135093.0,59.43882369995117
2025-04-30,113.88999938964844,7850500,5.6608,58.209999084472656,135067.0,57.99386215209961
2025-05-02,114.0,3425000,5.6394,58.290000915527344,135134.0,58.28675842285156
2025-05-05,113.41000366210938,3203000,5.652,57.130001068115234,133491.0,58.15983581542969
2025-05-06,114.72000122070312,6333500,5.721,59.09000015258789,133516.0,58.3843879699707
2025-05-07,115.55000305175781,4876900,5.7375,58.06999969482422,133398.0,58.59918212890625
2025-05-08,116.20999908447266,7506100,5.686,59.90999984741211,136232.0,57.77906799316406
2025-05-09,116.93000030517578,4763800,5.6511,61.02000045776367,136512.0,58.56012725830078
2025-05-12,113.51000213623047,5148000,5.6822,61.95000076293945,136563.0,59.956275939941406
2025-05-13,114.12000274658203,6044400,5.6262,63.66999816894531,138963.0,60.795921325683594
2025-05-14,114.11000061035156,3353600,5.61,63.150001525878906,138423.0,60.56159973144531
2025-05-15,116.0,2043400,5.6328,61.619998931884766,139334.0,61.264556884765625
2025-05-16,116.30000305175781,3249800,5.6925,62.4900016784668,139187.0,61.157161712646484
2025-05-19,116.62000274658203,1278700,5.6591,62.689998626708984,139636.0,60.91307830810547
2025-05-20,119.31999969482422,3980900,5.662,62.560001373291016,140110.0,60.766632080078125
2025-05-21,118.18000030517578,4142700,5.6571,61.56999969482422,137881.0,60.51278305053711
2025-05-22,115.97000122070312,3132900,5.639,61.20000076293945,137273.0,59.67314147949219
2025-05-23,117.05999755859375,1934500,5.6932,61.529998779296875,137824.0,60.12225341796875
2025-05-27,118.94000244140625,1908000,5.6539,60.88999938964844,139541.0,59.3607177734375
2025-05-28,117.2699966430664,2309100,5.6936,61.84000015258789,138888.0,58.53084182739258
2025-05-29,119.0,2918100,5.6559,60.939998626708984,138534.0,58.77492141723633
2025-05-30,117.37999725341797,5483000,5.7087,60.790000915527344,137027.0,58.02314758300781
2025-06-02,115.55000305175781,1511600,5.6937,62.52000045776367,136787.0,58.16960144042969
2025-06-03,116.08000183105469,2335700,5.6694,63.40999984741211,137546.0,57.456878662109375
2025-06-04,114.56999969482422,2360700,5.6332,62.849998474121094,137002.0,57.163978576660156
2025-06-05,115.05999755859375,1866700,5.5969,63.369998931884766,136236.0,57.837650299072266
2025-06-06,114.95999908447266,1947800,5.5947,64.58000183105469,136102.0,57.63261795043945
2025-06-09,113.12000274658203,2633200,5.576,65.29000091552734,135699.0,57.90599060058594
2025-06-10,115.05000305175781,3439100,5.5557,64.9800033569336,136436.0,58.06220245361328
2025-06-11,115.4000015258789,2407600,5.539,68.1500015258789,137128.0,57.437355041503906
2025-06-12,115.83999633789062,2894600,5.5388,68.04000091552734,137800.0,57.2909049987793
2025-06-13,115.11000061035156,2383000,5.5652,72.9800033569336,137213.0,56.62699890136719
2025-06-16,115.62999725341797,3419000,5.5123,71.7699966430664,139256.0,56.929664611816406
2025-06-17,116.79000091552734,3885400,5.4773,74.83999633789062,138840.0,55.66043472290039
2025-06-18,115.94999694824219,1937100,5.4879,75.13999938964844,138717.0,55.59209060668945
2025-06-20,115.6500015258789,3766500,5.4957,74.93000030517578,137116.0,54.56694793701172
2025-06-23,114.02999877929688,2262000,5.5213,68.51000213623047,136551.0,55.73854446411133
2025-06-24,114.91000366210938,2220000,5.4938,64.37000274658203,137165.0,55.83617401123047
2025-06-25,113.68000030517578,1771500,5.5427,64.91999816894531,135767.0,55.36753845214844
2025-06-26,115.16000366210938,1749000,5.5145,65.23999786376953,137114.0,57.19327163696289
2025-06-27,115.05000305175781,1598100,5.4759,65.5199966430664,136866.0,57.349483489990234
2025-06-30,119.12999725341797,3410600,5.4571,65.11000061035156,138855.0,56.94919204711914
2025-07-01,120.54000091552734,2422700,5.4511,65.44999694824219,139549.0,56.919898986816406
2025-07-02,115.22000122070312,4683000,5.4512,67.44999694824219,139051.0,58.755393981933594
2025-07-03,117.3499984741211,1938700,5.4208,67.0,140928.0,57.62285614013672
2025-07-07,115.69999694824219,1862000,5.4552,67.93000030517578,139490.0,56.295047760009766
2025-07-08,114.33999633789062,3083400,5.4571,68.33000183105469,139303.0,57.339717864990234
2025-07-09,113.5,2068500,5.4626,68.37999725341797,137481.0,57.320194244384766
2025-07-10,112.01000213623047,4194200,5.5433,66.56999969482422,136743.0,58.67728805541992
2025-07-11,111.62999725341797,1553600,5.5722,68.44999694824219,136187.0,59.65361404418945
2025-07-14,111.37000274658203,2781600,5.5595,66.9800033569336,135299.0,58.40391540527344
2025-07-15,111.66000366210938,2241200,5.5576,66.5199966430664,135250.0,57.08587646484375
2025-07-16,112.37999725341797,1972400,5.5722,66.37999725341797,135511.0,58.3062858581543
2025-07-17,112.48999786376953,3278400,5.5737,67.54000091552734,135565.0,58.608943939208984
2025-07-18,110.68000030517578,3687200,5.5466,67.33999633789062,133382.0,59.10687255859375
2025-07-21,111.20999908447266,1634300,5.5625,67.19999694824219,134167.0,60.58112716674805
2025-07-22,110.08999633789062,2464300,5.5709,66.20999908447266,134036.0,62.80715560913086
2025-07-23,110.94000244140625,2650100,5.5537,65.25,135368.0,63.090293884277344
2025-07-24,108.97000122070312,1882200,5.5239,66.02999877929688,133808.0,62.318992614746094
2025-07-25,107.44999694824219,1883100,5.5426,65.16000366210938,133524.0,61.60626983642578
2025-07-28,106.94000244140625,2655100,5.5877,66.70999908447266,132129.0,60.717811584472656
2025-07-29,106.91000366210938,1531700,5.5764,69.20999908447266,132726.0,60.795921325683594
2025-07-30,108.95999908447266,3045400,5.6034,70.0,133990.0,58.081729888916016
2025-07-31,108.30999755859375,2335100,5.6021,69.26000213623047,133071.0,58.3551025390625
2025-08-01,108.87000274658203,4035000,5.5436,67.33000183105469,132437.0,58.23794174194336
