Date,Close_VALE3,Volume_VALE3,Close_Dolar,Close_Petroleo,Close_Ibovespa,Close_Minerio
2021-08-02,70.60399627685547,23109400,5.1379,71.26000213623047,122516.0,60.64411926269531
2021-08-03,73.00867462158203,36641400,5.2464,70.55999755859375,123577.0,62.09596252441406
2021-08-04,72.93089294433594,18828200,5.2091,68.1500015258789,121801.0,61.49855041503906
2021-08-05,70.70124053955078,32215200,5.1464,69.08999633789062,121633.0,58.86577606201172
2021-08-06,71.10309600830078,19273100,5.241,68.27999877929688,122810.0,59.02553939819336
2021-08-09,70.65585327148438,21502300,5.2774,66.4800033569336,123019.0,59.44234085083008
2021-08-10,71.33642578125,17440500,5.2217,68.29000091552734,122202.0,60.39404296875
2021-08-11,70.82437896728516,14680600,5.2013,69.25,122056.0,59.810516357421875
2021-08-12,70.77900695800781,14849500,5.2351,69.08999633789062,120701.0,58.82221984863281
2021-08-13,70.19566345214844,11855200,5.2474,68.44000244140625,121194.0,59.0302848815918
2021-08-16,70.51974487304688,21856700,5.2495,67.29000091552734,119180.0,57.9825439453125
2021-08-17,69.3530502319336,23402600,5.2585,66.58999633789062,117904.0,57.09084701538086
2021-08-18,67.02616882324219,35379200,5.3025,65.45999908447266,116643.0,55.08452606201172
2021-08-19,63.2020263671875,60456900,5.418,63.689998626708984,117165.0,53.81386184692383
2021-08-20,63.22795486450195,31351100,5.4274,62.31999969482422,118053.0,53.888160705566406
2021-08-23,62.35293197631836,19773500,5.3686,65.63999938964844,117472.0,54.244850158691406
2021-08-24,64.62796783447266,29779200,5.3017,67.54000091552734,120211.0,55.797889709472656
2021-08-25,64.49185943603516,15088600,5.2465,68.36000061035156,120818.0,56.02824783325195
2021-08-26,63.668697357177734,18032300,5.2429,67.41999816894531,118724.0,55.00278854370117
2021-08-27,65.26316833496094,19572800,5.22,68.73999786376953,120678.0,56.3477668762207
2021-08-30,64.84835815429688,13031600,5.1952,69.20999908447266,119740.0,56.518672943115234
2021-08-31,63.96036911010742,20433600,5.1433,68.5,118781.0,55.78302764892578
2021-09-01,64.070556640625,20847500,5.1576,68.58999633789062,119396.0,55.66413497924805
2021-09-02,63.86962127685547,24448600,5.1735,69.98999786376953,116677.0,55.939064025878906
2021-09-03,63.91498565673828,38716500,5.1685,69.29000091552734,116933.0,56.37749481201172
2021-09-08,61.60107421875,22635100,5.2524,69.30000305175781,113413.0,54.6535530090332
2021-09-09,61.38069152832031,28997700,5.2825,68.13999938964844,115361.0,53.546356201171875
2021-09-10,61.45199203491211,18022000,5.2158,69.72000122070312,114286.0,54.378597259521484
2021-09-13,61.41958236694336,18832800,5.219,70.44999694824219,116404.0,54.82444763183594
2021-09-14,60.98530578613281,25571600,5.226,70.45999908447266,116181.0,54.02192306518555
2021-09-15,59.4621467590332,35084400,5.2576,72.61000061035156,115063.0,54.660980224609375
2021-09-16,56.99265670776367,39726500,5.2594,72.61000061035156,113794.0,52.11963653564453
2021-09-17,55.83893966674805,74648800,5.3103,71.97000122070312,111439.0,50.55916976928711
2021-09-20,53.63518524169922,49636100,5.3332,70.29000091552734,108844.0,49.09531021118164
2021-09-21,54.523170471191406,32380300,5.3044,70.55999755859375,110250.0,48.57514953613281
2021-09-22,56.46116638183594,62161000,5.2783,72.2300033569336,112282.0,49.48169708251953
2021-09-23,56.459197998046875,47485400,5.2891,73.30000305175781,114064.0,49.823524475097656
2021-09-24,55.58628845214844,26631600,5.3435,73.9800033569336,113283.0,49.615455627441406
2021-09-27,56.380489349365234,38386300,5.3478,75.44999694824219,113583.0,50.18763732910156
2021-09-28,53.55430603027344,35896000,5.4206,75.29000091552734,110124.0,48.916961669921875
2021-09-29,54.234012603759766,39704900,5.4173,74.83000183105469,111107.0,48.85009002685547
2021-09-30,54.54883575439453,39151000,5.4394,75.02999877929688,110979.0,49.65261459350586
2021-10-01,54.52021408081055,23191700,5.3911,75.87999725341797,112900.0,49.64518737792969
2021-10-04,54.01222229003906,25090000,5.4204,77.62000274658203,110393.0,49.45941162109375
2021-10-05,53.625858306884766,21889400,5.4611,78.93000030517578,110458.0,49.32565689086914
2021-10-06,55.135536193847656,27318400,5.5097,77.43000030517578,110560.0,49.83837890625
2021-10-07,56.78115463256836,33115300,5.514,78.30000305175781,110585.0,50.62604522705078
2021-10-08,57.131744384765625,37172600,5.5084,79.3499984741211,112833.0,50.878692626953125
2021-10-11,58.39815902709961,28327900,5.5161,80.5199966430664,112180.0,51.87441635131836
2021-10-13,56.666683197021484,32052800,5.5471,80.44000244140625,113456.0,51.30968475341797
2021-10-14,56.666683197021484,24030000,5.4988,81.30999755859375,113185.0,52.825565338134766
2021-10-15,57.72560501098633,26927200,5.451,82.27999877929688,114648.0,52.335140228271484
2021-10-18,57.181819915771484,20912800,5.5193,82.44000244140625,114428.0,52.14935302734375
2021-10-19,56.52358627319336,20804500,5.5521,82.95999908447266,110673.0,52.67694091796875
2021-10-20,54.85649108886719,27576600,5.5571,83.87000274658203,110786.0,50.62604522705078
2021-10-21,53.77610778808594,37556500,5.6423,82.5,107735.0,48.70146560668945
2021-10-22,54.434349060058594,35142600,5.7117,83.76000213623047,106296.0,48.9541130065918
2021-10-25,55.09260559082031,17950000,5.5973,83.76000213623047,108715.0,49.6600456237793
2021-10-26,54.505897521972656,16674100,5.58,84.6500015258789,106420.0,49.065582275390625
2021-10-27,53.26810836791992,20087300,5.5667,82.66000366210938,106363.0,47.88408660888672
2021-10-28,52.73149108886719,22719000,5.6124,82.80999755859375,105705.0,47.92866516113281
2021-10-29,51.236122131347656,30268500,5.643,83.56999969482422,103501.0,47.014678955078125
2021-11-01,51.74412155151367,19649600,5.6694,84.05000305175781,105551.0,47.103851318359375
2021-11-03,47.81608963012695,77316900,5.6672,80.86000061035156,105617.0,46.152706146240234
2021-11-04,47.27232360839844,30122100,5.5942,78.80999755859375,103412.0,45.22385787963867
2021-11-05,45.869964599609375,35954600,5.5455,81.2699966430664,104824.0,45.04551696777344
2021-11-08,48.36701583862305,27722000,5.5627,81.93000030517578,104781.0,46.28646469116211
2021-11-09,47.17930603027344,20961500,5.4957,84.1500015258789,105535.0,45.625118255615234
2021-11-10,47.00043487548828,22492600,5.459,81.33999633789062,105968.0,44.83744812011719
2021-11-11,48.660362243652344,28795100,5.4171,81.58999633789062,107725.0,46.814048767089844
2021-11-12,48.867855072021484,24542500,5.4199,80.79000091552734,106312.0,46.32361602783203
2021-11-16,47.458343505859375,17207900,5.4772,80.76000213623047,104508.0,44.993499755859375
2021-11-17,46.50674819946289,25487600,5.4993,78.36000061035156,102945.0,45.08267593383789
2021-11-18,44.59639358520508,51343900,5.547,79.01000213623047,102524.0,44.510501861572266
2021-11-19,45.81271743774414,26849500,5.5584,76.0999984741211,103035.0,45.11239242553711
2021-11-22,48.3598518371582,44693500,5.5841,76.75,102122.0,46.07839584350586
2021-11-23,49.6334342956543,30391600,5.6456,78.5,103663.0,47.43824005126953
2021-11-24,50.785369873046875,20764100,5.6027,78.38999938964844,104514.0,47.37135314941406
2021-11-26,49.111122131347656,22664200,5.5865,68.1500015258789,102224.0,46.31618118286133
2021-11-29,49.726436614990234,18164000,5.6118,69.94999694824219,102814.0,46.76945877075195
2021-11-30,50.04841232299805,42668700,5.6199,66.18000030517578,101915.0,46.58368682861328
2021-12-01,50.248748779296875,28194700,5.6168,65.56999969482422,100775.0,46.18986129760742
2021-12-02,52.58124542236328,24888400,5.6345,66.5,104466.0,47.653724670410156
2021-12-03,51.42215347290039,34451500,5.6432,66.26000213623047,105070.0,45.57310485839844
2021-12-06,54.21255874633789,28848800,5.6877,69.48999786376953,106859.0,46.137847900390625
2021-12-07,54.61323165893555,37125100,5.6411,72.05000305175781,107558.0,47.676021575927734
2021-12-08,54.205406188964844,24281000,5.5779,72.36000061035156,108096.0,47.46795654296875
2021-12-09,53.79042053222656,16925200,5.5564,70.94000244140625,106291.0,47.54226303100586
2021-12-10,54.1266975402832,16827100,5.5931,71.66999816894531,107758.0,47.63886260986328
2021-12-13,55.70793533325195,31699100,5.6357,71.29000091552734,107383.0,47.713172912597656
2021-12-14,55.700767517089844,21063500,5.6461,70.7300033569336,106760.0,48.0772819519043
2021-12-15,55.385948181152344,22112200,5.7127,70.87000274658203,107370.0,47.965824127197266
2021-12-16,57.553890228271484,30125700,5.6963,72.37999725341797,108212.0,48.89467239379883
2021-12-17,56.64521408081055,38744500,5.6959,70.86000061035156,107201.0,48.233333587646484
2021-12-20,56.008426666259766,19195400,5.7055,68.2300033569336,105020.0,47.80234909057617
2021-12-21,57.48233413696289,19590300,5.7372,71.12000274658203,105500.0,49.05072021484375
2021-12-22,57.181819915771484,18655600,5.7201,72.76000213623047,105244.0,48.9541130065918
2021-12-23,56.63090515136719,13121200,5.691,73.79000091552734,104891.0,49.19933319091797
2021-12-27,56.48780822753906,11371400,5.665,75.56999969482422,105531.0,49.347957611083984
2021-12-28,55.12839126586914,18923700,5.6438,75.9800033569336,104864.0,48.98384094238281
2021-12-29,55.2714729309082,12113500,5.6619,76.55999755859375,104107.0,49.13246154785156
2021-12-30,55.77946853637695,26568500,5.5805,76.98999786376953,104822.0,49.615455627441406
2022-01-03,55.808101654052734,18557200,5.6309,76.08000183105469,103922.0,49.58573532104492
2022-01-04,55.149837493896484,18178700,5.6776,76.98999786376953,103514.0,50.17277145385742
2022-01-05,55.672142028808594,22039000,5.6628,77.8499984741211,101006.0,51.057029724121094
2022-01-06,56.79546356201172,22044100,5.7042,79.45999908447266,101561.0,52.04533386230469
2022-01-07,60.10103225708008,35213100,5.6753,78.9000015258789,102719.0,53.680110931396484
2022-01-10,59.385536193847656,25056700,5.6736,78.2300033569336,101945.0,54.029354095458984
2022-01-11,60.5160026550293,28418800,5.6351,81.22000122070312,103779.0,55.30001449584961
2022-01-12,61.17426300048828,27335400,5.5611,82.63999938964844,105686.0,56.526100158691406
2022-01-13,60.24412155151367,23154200,5.5246,82.12000274658203,105530.0,56.221439361572266
2022-01-14,60.59471130371094,21183400,5.5349,83.81999969482422,106928.0,56.02824783325195
2022-01-18,61.7537956237793,24080200,5.5213,85.43000030517578,106522.0,56.27346420288086
2022-01-19,63.113224029541016,29332500,5.4978,86.95999908447266,108013.0,57.90080261230469
2022-01-20,62.03998947143555,22748800,5.4166,86.9000015258789,109102.0,56.59299087524414
2022-01-21,60.75212097167969,32752300,5.4401,85.13999938964844,108942.0,55.25543975830078
2022-01-24,60.008018493652344,29040100,5.491,83.30999755859375,107752.0,54.44547653198242
2022-01-25,60.143959045410156,22490500,5.4971,85.5999984741211,109845.0,54.750144958496094
2022-01-26,60.315670013427734,25806800,5.4324,87.3499984741211,111573.0,55.01021957397461
2022-01-27,60.45161056518555,20994900,5.3812,86.61000061035156,112315.0,55.797889709472656
2022-01-28,59.857757568359375,28453000,5.3954,86.81999969482422,111478.0,54.34144592285156
2022-01-31,57.861541748046875,31397700,5.3574,88.1500015258789,112388.0,53.05592727661133
2022-02-01,61.0383186340332,24131300,5.281,88.19999694824219,113147.0,55.13654708862305
2022-02-02,61.381744384765625,17489000,5.2956,88.26000213623047,112161.0,55.203426361083984
2022-02-03,61.35313415527344,19179400,5.3025,90.2699966430664,111696.0,54.594093322753906
2022-02-04,62.96296691894531,24535400,5.3284,92.30999755859375,112245.0,54.906192779541016
2022-02-07,64.48696899414062,24915800,5.2913,91.31999969482422,111996.0,56.94966125488281
2022-02-08,65.38848876953125,26598600,5.2699,89.36000061035156,112234.0,58.03455352783203
2022-02-09,65.40280151367188,24815300,5.2735,89.66000366210938,112461.0,58.205474853515625
2022-02-10,67.16289520263672,47888900,5.2101,89.87999725341797,113359.0,58.67361068725586
2022-02-11,65.803466796875,34555300,5.1987,93.0999984741211,113572.0,57.80419921875
2022-02-14,65.51726531982422,22804400,5.2106,95.45999908447266,113807.0,58.235191345214844
2022-02-15,63.57114028930664,29624900,5.1881,92.06999969482422,114660.0,57.31377029418945
2022-02-16,64.03620910644531,20774700,5.163,93.66000366210938,115181.0,58.37636947631836
2022-02-17,61.281585693359375,36259300,5.1565,91.76000213623047,113528.0,56.97938537597656
2022-02-18,61.41036605834961,22690600,5.1339,91.06999969482422,112768.0,57.685306549072266
2022-02-22,62.52652359008789,23591200,5.0611,92.3499984741211,112892.0,57.789337158203125
2022-02-23,61.8682861328125,24413800,5.0143,92.0999984741211,112008.0,57.58871078491211
2022-02-24,62.63386154174805,37212500,5.1174,92.80999755859375,111592.0,56.0431022644043
2022-02-25,66.0252685546875,51028300,5.1394,91.58999633789062,113142.0,57.93052291870117
2022-03-02,71.29842376708984,42191500,5.1347,110.5999984741211,115174.0,62.076904296875
2022-03-03,71.33419036865234,38621400,5.0479,107.66999816894531,115166.0,62.418739318847656
2022-03-04,72.95833587646484,30533200,5.0758,115.68000030517578,114474.0,60.84339904785156
2022-03-07,75.17636108398438,55305300,5.0579,119.4000015258789,111593.0,59.104591369628906
2022-03-08,71.8779525756836,53060200,5.0903,123.69999694824219,111203.0,57.611000061035156
2022-03-09,69.98277282714844,41051200,5.0094,108.69999694824219,113900.0,57.75218963623047
2022-03-10,72.29348754882812,33107000,5.0513,106.0199966430664,113663.0,59.27260208129883
2022-03-11,71.91455841064453,24321500,5.0255,109.33000183105469,111713.0,57.58588409423828
2022-03-14,68.05840301513672,37172800,5.0647,103.01000213623047,109928.0,54.933082580566406
2022-03-15,66.10433959960938,47128500,5.1314,96.44000244140625,108959.0,54.70343017578125
2022-03-16,67.70919036865234,37906100,5.1287,95.04000091552734,111112.0,57.58588409423828
2022-03-17,70.06449890136719,40663500,5.0764,102.9800033569336,113076.0,59.26468276977539
2022-03-18,71.39447021484375,46080900,5.0411,104.69999694824219,115311.0,59.731903076171875
2022-03-21,73.4154052734375,25374600,4.9666,112.12000274658203,116155.0,61.52156066894531
2022-03-22,71.77338409423828,29489800,4.9208,111.76000213623047,117272.0,60.55546951293945
2022-03-23,71.66193389892578,26309600,4.8704,114.93000030517578,117457.0,61.67201614379883
2022-03-24,72.00372314453125,23122800,4.8067,112.33999633789062,119053.0,62.00461196899414
2022-03-25,70.75548553466797,22505500,4.7782,113.9000015258789,119081.0,62.97071075439453
2022-03-28,70.83721160888672,16274200,4.7905,105.95999908447266,118738.0,62.18674087524414
2022-03-29,70.22795867919922,38228800,4.7486,104.23999786376953,120014.0,62.067962646484375
2022-03-30,71.23101043701172,22007500,4.7497,107.81999969482422,120260.0,63.74675750732422
2022-03-31,71.0303955078125,17981400,4.7378,100.27999877929688,119999.0,63.66756820678711
2022-04-01,72.0408706665039,22457700,4.6984,99.2699966430664,121570.0,65.47306823730469
2022-04-04,72.76901245117188,16914000,4.6175,103.27999877929688,121280.0,64.44361877441406
2022-04-05,70.66631317138672,25764400,4.64,101.95999908447266,118885.0,63.73884963989258
2022-04-06,71.73624420166016,22615800,4.6967,96.2300033569336,118228.0,63.80218505859375
2022-04-07,72.16718292236328,19946600,4.7422,96.02999877929688,118862.0,64.02391815185547
2022-04-08,70.69603729248047,26887400,4.7513,98.26000213623047,118322.0,63.572540283203125
2022-04-11,69.84159851074219,16515800,4.7025,94.29000091552734,116953.0,63.144927978515625
2022-04-12,69.3735122680664,16822600,4.6483,100.5999984741211,116147.0,63.73884963989258
2022-04-13,69.39579772949219,23674700,4.6811,104.25,116782.0,64.88706970214844
2022-04-14,68.42247009277344,24980700,4.7158,106.94999694824219,116182.0,64.8316421508789
2022-04-18,67.29312133789062,14812600,4.6746,108.20999908447266,115687.0,65.25133514404297
2022-04-19,65.14586639404297,34550900,4.6664,102.55999755859375,115057.0,63.905120849609375
2022-04-20,63.45182800292969,29635700,4.6397,102.75,114344.0,62.22633743286133
2022-04-22,59.774009704589844,39058200,4.7326,102.06999969482422,111078.0,57.546295166015625
2022-04-25,58.756103515625,38943700,4.8818,98.54000091552734,110685.0,56.09714126586914
2022-04-26,57.95367431640625,37069400,4.9666,101.69999694824219,108213.0,54.43418502807617
2022-04-27,61.05195236206055,49408800,5.0167,102.0199966430664,109349.0,56.9365348815918
2022-04-28,62.56024169921875,56032800,5.011,105.36000061035156,109919.0,56.627708435058594
2022-04-29,61.88410949707031,47492200,4.9191,104.69000244140625,107876.0,56.318870544433594
2022-05-02,61.60920333862305,31473600,5.0266,105.16999816894531,106639.0,56.18425369262695
2022-05-03,61.29715347290039,27364600,5.0167,102.41000366210938,106528.0,56.318870544433594
2022-05-04,60.784481048583984,34032200,5.0093,107.80999755859375,108344.0,56.865272521972656
2022-05-05,59.684852600097656,30906600,5.0051,108.26000213623047,105304.0,54.61632537841797
2022-05-06,59.26133728027344,25204100,5.075,109.7699966430664,105135.0,53.903621673583984
2022-05-09,56.83174514770508,37050200,5.134,103.08999633789062,103250.0,51.44878005981445
2022-05-10,56.125892639160156,31905000,5.139,99.76000213623047,103110.0,51.551727294921875
2022-05-11,58.466339111328125,33933400,5.1244,105.70999908447266,104397.0,51.80513000488281
2022-05-12,57.879371643066406,27737200,5.1482,106.12999725341797,105688.0,51.01324462890625
2022-05-13,57.812496185302734,26086800,5.1075,110.48999786376953,106924.0,52.113956451416016
2022-05-16,59.54367446899414,23828800,5.0666,114.19999694824219,108233.0,52.71579360961914
2022-05-17,59.29105758666992,29305300,4.9676,112.4000015258789,108789.0,54.608402252197266
2022-05-18,57.79020690917969,30631700,4.9592,109.58999633789062,106247.0,52.79498291015625
2022-05-19,59.328208923339844,29984300,4.9198,112.20999908447266,107005.0,53.79276657104492
2022-05-20,60.37583541870117,38372000,4.8777,113.2300033569336,108488.0,55.06769561767578
2022-05-23,61.60920333862305,27632800,4.7973,110.29000091552734,110346.0,56.010047912597656
2022-05-24,62.44135665893555,35176800,4.8106,109.7699966430664,110581.0,56.437652587890625
2022-05-25,62.63453674316406,24607700,4.8359,110.33000183105469,110580.0,56.92862319946289
2022-05-26,62.597389221191406,27450600,4.7967,114.08999633789062,111890.0,57.11867141723633
2022-05-27,63.68959045410156,19834500,4.7434,115.06999969482422,111942.0,57.95808029174805
2022-05-31,64.05366516113281,41369800,4.7289,114.66999816894531,111351.0,58.15604782104492
2022-06-01,65.56195068359375,26258900,4.7765,115.26000213623047,111360.0,57.98976135253906
2022-06-02,66.79531860351562,25142400,4.7879,116.87000274658203,112393.0,60.040733337402344
2022-06-03,65.72541046142578,18431900,4.7956,118.87000274658203,111102.0,59.28052520751953
2022-06-06,65.79226684570312,14932800,4.7839,118.5,110186.0,60.11199951171875
2022-06-07,67.33027648925781,27004800,4.8909,119.41000366210938,110070.0,62.083797454833984
2022-06-08,65.01212310791016,26959100,4.8711,122.11000061035156,108368.0,60.57130813598633
2022-06-09,62.81285858154297,36291100,4.8951,121.51000213623047,107094.0,58.924171447753906
2022-06-10,62.827720642089844,28689500,4.9836,120.66999816894531,105481.0,56.77025604248047
2022-06-13,60.836490631103516,31050500,5.1033,120.93000030517578,102598.0,54.4896240234375
2022-06-14,60.717613220214844,22634500,5.1203,118.93000030517578,102063.0,53.38889694213867
2022-06-15,60.68046188354492,33610300,5.1119,115.30999755859375,102807.0,55.051856994628906
2022-06-17,57.51529312133789,56914600,5.1313,109.55999755859375,99825.0,51.108272552490234
2022-06-21,56.46767807006836,20981000,5.1462,110.6500015258789,99685.0,51.7892951965332
2022-06-22,55.98473358154297,32228300,5.1509,106.19000244140625,99522.0,49.65911865234375
2022-06-23,53.94149398803711,31943300,5.1833,104.2699966430664,98080.0,48.154537200927734
2022-06-24,55.442344665527344,22394300,5.2334,107.62000274658203,98672.0,49.66704177856445
2022-06-27,57.990821838378906,28825700,5.2214,109.56999969482422,100764.0,49.904605865478516
2022-06-28,59.031009674072266,26052000,5.2179,111.76000213623047,100591.0,50.09465408325195
2022-06-29,58.54063415527344,18636600,5.2268,109.77999877929688,99622.0,49.833335876464844
2022-06-30,56.883750915527344,27471300,5.238,105.76000213623047,98542.0,48.30500030517578
2022-07-01,55.79897689819336,26721000,5.3142,108.43000030517578,98954.0,47.37849426269531
2022-07-05,55.20458984375,26472200,5.3899,99.5,98295.0,45.35918045043945
2022-07-06,55.72467803955078,23138800,5.4321,98.52999877929688,98719.0,45.34334182739258
2022-07-07,57.34442138671875,34251200,5.364,102.7300033569336,100730.0,47.109249114990234
2022-07-08,56.021881103515625,24149200,5.3086,104.79000091552734,100289.0,46.80833053588867
2022-07-11,54.11237716674805,22076800,5.3477,104.08999633789062,98212.0,45.77888870239258
2022-07-12,54.27583694458008,22460000,5.412,95.83999633789062,98271.0,45.31167221069336
2022-07-13,54.090091705322266,22980800,5.3992,96.30000305175781,97881.0,46.00852966308594
2022-07-14,50.4865608215332,57715800,5.4568,95.77999877929688,96121.0,43.30028533935547
2022-07-15,50.79861831665039,36589000,5.4014,97.58999633789062,96551.0,43.878360748291016
2022-07-18,51.066104888916016,22131300,5.3675,102.5999984741211,96916.0,44.852378845214844
2022-07-19,51.17754364013672,21785500,5.3904,104.22000122070312,98245.0,45.493804931640625
2022-07-20,50.07048416137695,40427400,5.4288,102.26000213623047,98287.0,45.37501907348633
2022-07-21,50.94722366333008,26987300,5.475,96.3499984741211,99033.0,45.557151794433594
2022-07-22,51.4227409362793,27884000,5.4522,94.69999694824219,98925.0,45.53339767456055
2022-07-25,52.37377166748047,19833200,5.4144,96.69999694824219,100270.0,47.25178909301758
2022-07-26,52.27717971801758,19791500,5.3608,94.9800033569336,99772.0,46.80833053588867
2022-07-27,52.39606475830078,21666900,5.3074,97.26000213623047,101438.0,47.0538215637207
2022-07-28,52.52236557006836,21778700,5.2149,96.41999816894531,102597.0,47.4180908203125
2022-07-29,51.823951721191406,77006600,5.1884,98.62000274658203,103165.0,48.32875061035156
2022-08-01,50.583152770996094,38874000,5.1606,93.88999938964844,102225.0,47.711082458496094
2022-08-02,52.19544982910156,32636900,5.2329,94.41999816894531,103362.0,46.95878601074219
2022-08-03,50.16707229614258,31934600,5.2846,90.66000366210938,103775.0,46.863765716552734
2022-08-04,49.87730026245117,40540800,5.2409,88.54000091552734,105892.0,46.97462844848633
2022-08-05,50.52370834350586,36129300,5.2165,89.01000213623047,106472.0,48.059513092041016
2022-08-08,50.954647064208984,35705300,5.1247,90.76000213623047,108402.0,48.1466178894043
2022-08-09,52.00969696044922,35174600,5.1224,90.5,108651.0,48.57423782348633
2022-08-10,52.04685592651367,30202200,5.0497,91.93000030517578,110236.0,48.86723327636719
2022-08-11,53.85975646972656,51158600,5.1127,94.33999633789062,109718.0,49.64527130126953
2022-08-12,54.54909896850586,35608400,5.1023,92.08999633789062,112764.0,49.82736587524414
2022-08-15,53.376834869384766,26735800,5.0925,89.41000366210938,113032.0,48.428558349609375
2022-08-16,54.56472396850586,22070200,5.134,86.52999877929688,113512.0,50.47296905517578
2022-08-17,53.32212829589844,29131700,5.1784,88.11000061035156,113708.0,49.38040542602539
2022-08-18,52.923561096191406,27692000,5.1773,90.5,113813.0,50.06740188598633
2022-08-19,52.32961654663086,45903800,5.1961,90.7699966430664,111496.0,48.69342041015625
2022-08-22,51.563743591308594,19335700,5.1709,90.2300033569336,110501.0,48.776187896728516
2022-08-23,54.8695182800293,37223500,5.103,93.73999786376953,112857.0,50.572288513183594
2022-08-24,53.103309631347656,28773800,5.105,94.88999938964844,112898.0,48.933448791503906
2022-08-25,54.134883880615234,24956700,5.1173,92.5199966430664,113532.0,49.80253219604492
2022-08-26,53.32212829589844,28510100,5.0903,93.05999755859375,112299.0,49.42179489135742
2022-08-29,52.29054641723633,22128100,5.0428,97.01000213623047,112323.0,49.032779693603516
2022-08-30,50.77442169189453,34469300,5.0617,91.63999938964844,110431.0,46.98836135864258
2022-08-31,50.4071159362793,33242900,5.179,89.55000305175781,109523.0,46.591068267822266
2022-09-01,49.930389404296875,40922200,5.2007,86.61000061035156,110405.0,44.9770622253418
2022-09-02,49.172332763671875,49910300,5.1878,86.87000274658203,110864.0,45.10121536254883
2022-09-06,49.758460998535156,24525000,5.2228,86.87999725341797,109764.0,45.42401885986328
2022-09-08,50.41492462158203,24144700,5.2155,83.54000091552734,109916.0,45.804752349853516
2022-09-09,54.353721618652344,49273400,5.1633,86.79000091552734,112300.0,47.948490142822266
2022-09-12,54.830448150634766,24797600,5.1183,87.77999877929688,113407.0,48.701698303222656
2022-09-13,53.337764739990234,29457800,5.1794,87.30999755859375,110794.0,46.91387176513672
2022-09-14,52.360877990722656,31018300,5.1774,88.4800033569336,110547.0,46.516578674316406
2022-09-15,53.41591262817383,36958800,5.2211,85.0999984741211,109954.0,45.81303024291992
2022-09-16,53.337764739990234,65178000,5.2882,85.11000061035156,109280.0,45.66404342651367
2022-09-19,55.06488037109375,34136800,5.2367,85.7300033569336,111824.0,46.60762405395508
2022-09-20,54.27555847167969,35289700,5.1705,84.44999694824219,112517.0,45.61438751220703
2022-09-21,53.494056701660156,44482000,5.1692,82.94000244140625,111936.0,44.05003356933594
2022-09-22,54.72102355957031,34529500,5.1677,83.48999786376953,114070.0,45.81303024291992
2022-09-23,53.58784484863281,44160700,5.2257,78.73999786376953,111716.0,43.17267990112305
2022-09-26,53.705074310302734,18503200,5.3548,76.70999908447266,109114.0,42.3946418762207
2022-09-27,52.907928466796875,31646600,5.3508,78.5,108376.0,43.354774475097656
2022-09-28,53.40808868408203,24371000,5.3594,82.1500015258789,108451.0,44.58803939819336
2022-09-29,53.47843551635742,34889700,5.3916,81.2300033569336,107664.0,45.672325134277344
2022-09-30,56.29966735839844,55575000,5.4066,79.48999786376953,110037.0,45.57300567626953
2022-10-03,57.831424713134766,42688100,5.2002,83.62999725341797,116134.0,47.178733825683594
2022-10-04,59.23031234741211,41717500,5.1411,86.5199966430664,116230.0,49.04104995727539
2022-10-05,60.14467239379883,42621400,5.2144,87.76000213623047,117198.0,48.618927001953125
2022-10-06,58.79266357421875,76852200,5.2009,88.44999694824219,117561.0,47.31944274902344
2022-10-07,59.01149368286133,83593200,5.2221,92.63999938964844,116375.0,47.42703628540039
2022-10-10,57.8235969543457,45515900,5.1941,91.12999725341797,115941.0,47.559471130371094
2022-10-11,57.43285369873047,33885800,5.2068,89.3499984741211,114827.0,46.48346710205078
2022-10-13,56.409080505371094,32960000,5.3017,89.11000061035156,114300.0,46.70694351196289
2022-10-14,54.572532653808594,34091700,5.2824,85.61000061035156,112072.0,44.455604553222656
2022-10-17,55.43219757080078,25840500,5.2713,85.45999908447266,113624.0,45.672325134277344
2022-10-18,56.237144470214844,27494000,5.2697,82.81999969482422,115743.0,45.28330612182617
2022-10-19,55.572872161865234,22651000,5.2808,85.55000305175781,116274.0,44.48044204711914
2022-10-20,56.28403854370117,37240700,5.2176,85.9800033569336,117171.0,44.141090393066406
2022-10-21,57.933013916015625,36846800,5.1919,85.05000305175781,119929.0,45.98685073852539
2022-10-24,56.21369934082031,32035800,5.2744,84.58000183105469,116013.0,44.77013397216797
2022-10-25,56.21369934082031,28158100,5.3091,85.31999969482422,114626.0,45.56472396850586
2022-10-26,57.464111328125,40845700,5.3248,87.91000366210938,112764.0,47.10424041748047
2022-10-27,55.416568756103516,52613000,5.3003,89.08000183105469,114641.0,45.31641387939453
2022-10-28,52.712554931640625,52793500,5.3454,87.9000015258789,114539.0,43.72723388671875
2022-10-31,52.462467193603516,39184100,5.257,86.52999877929688,116037.0,44.15763854980469
2022-11-01,54.05674743652344,42670000,5.15,88.37000274658203,116929.0,45.498504638671875
2022-11-03,52.47809982299805,34390300,5.1349,88.16999816894531,116896.0,43.884498596191406
2022-11-04,56.46378707885742,61191100,5.036,92.61000061035156,118155.0,48.287845611572266
2022-11-07,56.16680908203125,29445500,5.0886,91.79000091552734,115342.0,48.387168884277344
2022-11-08,57.87049102783203,39756500,5.1744,88.91000366210938,116160.0,49.264530181884766
2022-11-09,57.167137145996094,42208500,5.1629,85.83000183105469,113580.0,48.29612731933594
2022-11-10,58.26125717163086,47658100,5.3064,86.47000122070312,109775.0,50.3322639465332
2022-11-11,64.31791687011719,80174100,5.3051,88.95999908447266,112253.0,53.56027603149414
2022-11-14,65.10723114013672,43822500,5.3013,85.87000274658203,113161.0,53.171260833740234
2022-11-16,64.42732238769531,32935300,5.3204,85.58999633789062,110243.0,53.39473342895508
2022-11-17,64.943115234375,31790500,5.4655,81.63999938964844,109703.0,53.742374420166016
2022-11-18,63.16910934448242,44324400,5.3477,80.08000183105469,108880.0,53.95757293701172
2022-11-21,62.45792007446289,27745900,5.3259,79.7300033569336,109748.0,53.204368591308594
2022-11-22,62.629859924316406,27105100,5.3339,80.94999694824219,109037.0,53.96584701538086
2022-11-23,63.247249603271484,22415800,5.393,77.94000244140625,108683.0,54.74388122558594
2022-11-25,63.22380447387695,20477000,5.3508,76.27999877929688,108977.0,54.40453338623047
2022-11-28,63.53641128540039,16166300,5.3796,77.23999786376953,108782.0,53.96584701538086
2022-11-29,65.9903335571289,42574300,5.3076,78.19999694824219,110910.0,56.16752624511719
2022-11-30,66.98284149169922,59932800,5.2941,80.55000305175781,112486.0,56.81312561035156
2022-12-01,67.35015869140625,34319300,5.1948,81.22000122070312,110926.0,57.26008605957031
2022-12-02,67.83470153808594,30213600,5.1974,79.9800033569336,111924.0,57.78981399536133
2022-12-05,67.76435089111328,21896500,5.2464,76.93000030517578,109401.0,57.49183654785156
2022-12-06,68.7490463256836,21335700,5.2396,74.25,109533.0,58.22020721435547
2022-12-07,66.30294036865234,45441000,5.2208,72.01000213623047,109361.0,57.814632415771484
2022-12-08,67.1156997680664,29827900,5.2091,71.45999908447266,107245.0,59.428653717041016
2022-12-09,69.3508071899414,37713000,5.2396,71.0199966430664,107689.0,59.999755859375
2022-12-12,67.27981567382812,34995000,5.3066,73.16999816894531,105264.0,58.87409210205078
2022-12-13,67.56371307373047,31559400,5.2669,75.38999938964844,103892.0,59.271385192871094
2022-12-14,68.1361312866211,34564000,5.3406,77.27999877929688,103803.0,58.53474426269531
2022-12-15,68.35570526123047,24782100,5.3183,76.11000061035156,103738.0,58.31126022338867
2022-12-16,67.18730926513672,37762100,5.2806,74.29000091552734,102825.0,57.467010498046875
2022-12-19,66.94419860839844,27508500,5.316,75.19000244140625,104530.0,56.99522018432617
2022-12-20,67.2421875,22657300,5.2427,76.08999633789062,106979.0,57.63254165649414
2022-12-21,67.62642669677734,39183700,5.2031,78.29000091552734,107313.0,58.55129623413086
2022-12-22,67.2421875,19429200,5.1871,77.48999786376953,107317.0,58.178829193115234
2022-12-23,67.68916320800781,18656500,5.1445,79.55999755859375,109698.0,58.59267807006836
2022-12-27,69.93972778320312,26720300,5.2832,79.52999877929688,108347.0,59.122398376464844
2022-12-28,69.78288269042969,23314500,5.2736,78.95999908447266,110237.0,58.46023941040039
2022-12-29,69.6966323852539,40110800,5.2177,78.4000015258789,110031.0,58.840980529785156
2023-01-03,69.97892761230469,25332600,5.3759,76.93000030517578,104166.0,58.81615447998047
2023-01-04,70.1043930053711,26395300,5.4459,72.83999633789062,105334.0,59.21344757080078
2023-01-05,71.2806396484375,29085600,5.4026,73.66999816894531,107518.0,59.552799224853516
2023-01-06,72.40983581542969,31420600,5.2855,73.7699966430664,108836.0,61.30751419067383
2023-01-09,72.48825073242188,19285800,5.2967,74.62999725341797,109227.0,61.37372970581055
2023-01-10,73.38221740722656,19821100,5.2395,75.12000274658203,110912.0,62.58217239379883
2023-01-11,73.12342071533203,23834100,5.202,77.41000366210938,111763.0,62.366973876953125
2023-01-12,73.50765991210938,18058600,5.14,78.38999938964844,111877.0,64.2955093383789
2023-01-13,73.57039642333984,16905800,5.1146,79.86000061035156,110916.0,64.18791198730469
2023-01-17,72.24516296386719,18719500,5.1203,80.18000030517578,111439.0,62.88014221191406
2023-01-18,73.19400024414062,16737300,5.0909,79.4800033569336,112452.0,63.236053466796875
2023-01-19,73.50765991210938,21712500,5.2144,80.33000183105469,113006.0,63.997528076171875
2023-01-20,73.70370483398438,27103900,5.1986,81.30999755859375,112301.0,64.87489318847656
2023-01-23,73.94680786132812,13534300,5.1922,81.62000274658203,111709.0,65.18942260742188
2023-01-24,74.73096466064453,17439800,5.1696,80.12999725341797,113028.0,65.37979125976562
2023-01-25,75.43671417236328,18282900,5.1042,80.1500015258789,114195.0,66.11644744873047
2023-01-26,76.84820556640625,26876000,5.0951,81.01000213623047,114109.0,66.5468521118164
2023-01-27,74.74665069580078,34682400,5.0767,79.68000030517578,112502.0,65.8929672241211
2023-01-30,74.48002624511719,23820000,5.0959,77.9000015258789,111888.0,65.33013916015625
2023-01-31,74.1114730834961,20658600,5.0993,78.87000274658203,113532.0,65.67776489257812
2023-02-01,73.28809356689453,28818100,5.0721,76.41000366210938,112303.0,65.4625473022461
2023-02-02,69.90050506591797,37844400,4.9901,75.87999725341797,109935.0,62.201438903808594
2023-02-03,69.75151062011719,22545600,5.103,73.38999938964844,108490.0,61.83724594116211
2023-02-06,68.88109588623047,17888700,5.1763,74.11000061035156,108456.0,61.15026092529297
2023-02-07,69.33589935302734,16259700,5.1695,77.13999938964844,107920.0,61.779300689697266
2023-02-08,69.57115936279297,14411000,5.2036,78.47000122070312,109882.0,61.53927230834961
2023-02-09,69.31238555908203,19782200,5.2315,78.05999755859375,107783.0,61.55583953857422
2023-02-10,68.06556701660156,18099100,5.2526,79.72000122070312,108150.0,60.68675994873047
2023-02-13,67.99498748779297,13798500,5.1834,80.13999938964844,108846.0,61.24958038330078
2023-02-14,68.30081176757812,20072400,5.1507,79.05999755859375,107659.0,61.8289680480957
2023-02-15,69.79073333740234,28465800,5.2243,78.58999633789062,109442.0,61.60548782348633
2023-02-16,69.93972778320312,28740800,5.2432,78.48999786376953,109905.0,62.00279235839844
2023-02-17,69.03007507324219,26381400,5.2012,76.33999633789062,109303.0,61.61377716064453
2023-02-22,68.50469207763672,16864400,5.173,73.94999694824219,107152.0,60.297725677490234
2023-02-23,68.18318176269531,21485100,5.133,75.38999938964844,107720.0,59.172061920166016
2023-02-24,66.68543243408203,17183900,5.1791,76.31999969482422,105873.0,57.0283317565918
2023-02-27,66.68543243408203,14422200,5.196,75.68000030517578,105711.0,57.243534088134766
2023-02-28,66.90499114990234,21127300,5.2078,77.05000305175781,104932.0,57.71532440185547
2023-03-01,69.94754791259766,30916600,5.207,77.69000244140625,104385.0,60.18185043334961
2023-03-02,69.79073333740234,21740900,5.208,78.16000366210938,103326.0,61.03437805175781
2023-03-03,70.0259780883789,19783400,5.2037,79.68000030517578,103866.0,62.22626876831055
2023-03-06,67.55585479736328,27298600,5.197,80.45999908447266,104700.0,60.18185043334961
2023-03-07,66.912841796875,20898200,5.1901,77.58000183105469,104228.0,58.451969146728516
2023-03-08,67.52449798583984,22274800,5.1387,76.66000366210938,106540.0,59.246551513671875
2023-03-09,66.63838195800781,24439300,5.1353,75.72000122070312,105071.0,58.29800033569336
2023-03-10,66.41881561279297,21820200,5.1822,76.68000030517578,103618.0,57.71689987182617
2023-03-13,66.69327545166016,23460200,5.24,74.80000305175781,103121.0,58.460365295410156
2023-03-14,67.3004379272461,18077900,5.2362,71.33000183105469,102932.0,59.29782485961914
2023-03-15,65.27293395996094,34103400,5.2981,67.61000061035156,102675.0,56.2897834777832
2023-03-16,65.51334381103516,20573400,5.2892,68.3499984741211,103435.0,55.315589904785156
2023-03-17,66.2987060546875,39906400,5.2679,66.73999786376953,101982.0,55.26430892944336
2023-03-20,66.84366607666016,19650900,5.2467,67.63999938964844,100923.0,56.79397201538086
2023-03-21,66.28267669677734,15692200,5.2444,69.33000183105469,100998.0,56.383785247802734
2023-03-22,65.4572525024414,18085500,5.2648,70.9000015258789,100221.0,55.589046478271484
2023-03-23,63.77433395385742,26000100,5.2632,69.95999908447266,97926.0,55.20449447631836
2023-03-24,63.045066833496094,27801900,5.2921,69.26000213623047,98829.0,55.26430892944336
2023-03-27,62.940895080566406,14202900,5.2306,72.80999755859375,99670.0,55.623226165771484
2023-03-28,63.606048583984375,13866800,5.1733,73.19999694824219,101185.0,56.4521484375
2023-03-29,64.51963806152344,17345200,5.1493,72.97000122070312,101793.0,57.110164642333984
2023-03-30,65.5694351196289,14249000,5.1254,74.37000274658203,103713.0,58.20399475097656
2023-03-31,64.34333038330078,22468400,5.0804,75.66999816894531,101882.0,58.62272262573242
2023-04-03,64.3593521118164,13510200,5.0637,80.41999816894531,101506.0,58.1869010925293
2023-04-04,62.54019546508789,20485600,5.0762,80.70999908447266,101869.0,57.195613861083984
2023-04-05,61.61860656738281,25382600,5.0447,80.61000061035156,100978.0,57.127254486083984
2023-04-06,61.506412506103516,13976800,5.0683,80.69999694824219,100822.0,57.04179382324219
2023-04-10,62.69247055053711,13849000,5.0834,79.73999786376953,101847.0,57.41780471801758
2023-04-11,66.002197265625,34226000,5.0128,81.52999877929688,106214.0,59.48583221435547
2023-04-12,64.59175109863281,32702000,4.9496,83.26000213623047,106890.0,59.33201217651367
2023-04-13,63.71823501586914,21361900,4.9097,82.16000366210938,106458.0,59.7336540222168
2023-04-14,63.15727233886719,22693200,4.9455,82.5199966430664,106279.0,58.60563659667969
2023-04-17,62.40397262573242,21479200,4.9421,80.83000183105469,106016.0,59.144004821777344
2023-04-18,62.940895080566406,15193400,4.9678,80.86000061035156,106163.0,60.16948318481445
2023-04-19,61.10573196411133,31128000,5.0467,79.16000366210938,103913.0,59.144004821777344
2023-04-20,59.83151626586914,31112800,5.0497,77.29000091552734,104367.0,57.51179885864258
2023-04-24,57.66777801513672,29754000,5.0595,78.76000213623047,103947.0,55.08485412597656
2023-04-25,56.0970573425293,31799200,5.0613,77.06999969482422,103220.0,53.102272033691406
2023-04-26,56.31342697143555,25907200,5.0585,74.30000305175781,102312.0,53.78592300415039
2023-04-27,57.50749969482422,31717800,5.015,74.76000213623047,102923.0,54.43539047241211
2023-04-28,58.020389556884766,33277500,5.0007,76.77999877929688,104432.0,54.68321228027344
2023-05-02,55.72841262817383,37367900,5.0334,71.66000366210938,101927.0,53.08518600463867
2023-05-03,55.29567337036133,19958300,5.0227,68.5999984741211,101797.0,52.99118423461914
2023-05-04,53.5806999206543,35996200,5.0106,68.55999755859375,102174.0,52.53826904296875
2023-05-05,55.32773208618164,27107300,4.9696,71.33999633789062,105148.0,54.40975570678711
2023-05-08,56.07301712036133,24917600,4.9696,73.16000366210938,106042.0,54.58066177368164
2023-05-09,56.65000915527344,18717400,5.0007,73.70999908447266,107114.0,54.555030822753906
2023-05-10,55.584171295166016,24792600,4.9547,72.55999755859375,107448.0,53.99102020263672
2023-05-11,54.50230026245117,27709000,4.9696,70.87000274658203,108256.0,52.452816009521484
2023-05-12,54.55839538574219,17578100,4.9234,70.04000091552734,108464.0,52.76045608520508
2023-05-15,55.34375,21020000,4.9103,71.11000061035156,109029.0,53.760292053222656
2023-05-16,54.205780029296875,23990300,4.9122,70.86000061035156,108194.0,52.478450775146484
2023-05-17,56.00088119506836,30913100,4.9513,72.83000183105469,109460.0,53.52955627441406
2023-05-18,56.081031799316406,23710600,4.9647,71.86000061035156,110108.0,52.91427230834961
2023-05-19,55.463966369628906,33892200,4.9858,71.55000305175781,110745.0,53.17064666748047
2023-05-22,54.57441711425781,18936200,4.968,71.98999786376953,110213.0,52.905731201171875
2023-05-23,53.34028625488281,39413300,4.9674,72.91000366210938,109929.0,51.97426223754883
2023-05-24,52.13019561767578,33304700,4.9474,74.33999633789062,108800.0,50.495872497558594
2023-05-25,51.96991729736328,36934900,4.999,71.83000183105469,110054.0,50.75224685668945
2023-05-26,53.155967712402344,38181700,5.0114,72.66999816894531,110906.0,52.230628967285156
2023-05-30,51.51312255859375,39920700,5.0593,69.45999908447266,108967.0,51.444435119628906
2023-05-31,51.136474609375,103408900,5.0959,68.08999633789062,108335.0,50.461692810058594
2023-06-01,52.21834945678711,51982400,5.035,70.0999984741211,110565.0,52.162261962890625
2023-06-02,54.44620132446289,39185700,4.9558,71.73999786376953,112558.0,53.98247146606445
2023-06-05,53.9974250793457,21478500,4.9236,72.1500015258789,112696.0,53.768829345703125
2023-06-06,54.17372512817383,31884200,4.9292,71.73999786376953,114610.0,54.40975570678711
2023-06-07,55.031211853027344,27377500,4.9119,72.52999877929688,115488.0,54.41830062866211
2023-06-09,54.782779693603516,30056800,4.8922,70.16999816894531,117019.0,55.178855895996094
2023-06-12,53.7890625,26651200,4.8832,67.12000274658203,117336.0,54.469573974609375
2023-06-13,54.35804748535156,34288100,4.8533,69.41999816894531,116743.0,56.059051513671875
2023-06-14,55.31169128417969,53775600,4.8462,68.2699966430664,119069.0,57.47761917114258
2023-06-15,55.74444580078125,31874100,4.8222,70.62000274658203,119221.0,58.40908432006836
2023-06-16,55.83259201049805,39953600,4.8286,71.77999877929688,118758.0,57.72544479370117
2023-06-20,54.18174362182617,35748700,4.793,70.5,119622.0,56.34105682373047
2023-06-21,53.636802673339844,27336800,4.7795,72.52999877929688,120420.0,55.88814163208008
2023-06-22,53.34830093383789,21394900,4.775,69.51000213623047,118934.0,55.631771087646484
2023-06-23,52.81137466430664,23510900,4.7799,69.16000366210938,118977.0,54.26447677612305
2023-06-26,52.92356491088867,15030400,4.7698,69.37000274658203,118243.0,54.469573974609375
2023-06-27,53.556663513183594,22737400,4.7903,67.69999694824219,117523.0,55.46086120605469
2023-06-28,51.8657341003418,37628600,4.8563,69.55999755859375,116681.0,54.20465850830078
2023-06-29,52.49882888793945,24841800,4.8584,69.86000061035156,118383.0,54.520843505859375
2023-06-30,51.46504592895508,42992000,4.8192,70.63999938964844,118087.0,54.555030822753906
2023-07-03,53.07583236694336,22738400,4.7876,69.79000091552734,119673.0,55.401039123535156
2023-07-05,52.3465690612793,27363600,4.8577,71.79000091552734,119549.0,54.7003059387207
2023-07-06,51.96991729736328,18579200,4.8977,71.80000305175781,117426.0,53.78592300415039
2023-07-07,52.458763122558594,57287600,4.8799,73.86000061035156,118898.0,54.161930084228516
2023-07-10,51.657371520996094,36698500,4.8735,72.98999786376953,117942.0,53.99102020263672
2023-07-11,53.35631561279297,35550200,4.8949,74.83000183105469,117220.0,55.153221130371094
2023-07-12,53.732967376708984,22864300,4.8058,75.75,117666.0,57.18706512451172
2023-07-13,54.983131408691406,24187200,4.8038,76.88999938964844,119264.0,58.97310256958008
2023-07-14,54.983131408691406,20342500,4.7957,75.41999816894531,117711.0,58.56291198730469
2023-07-17,54.37407302856445,15322300,4.8302,74.1500015258789,118219.0,57.528892517089844
2023-07-18,54.029476165771484,16950600,4.804,75.75,117841.0,57.39216995239258
2023-07-19,53.88522720336914,14512600,4.8,75.3499984741211,117552.0,56.59742736816406
2023-07-20,54.00543975830078,20992700,4.7888,75.62999725341797,118083.0,56.913604736328125
2023-07-21,54.33400344848633,24852700,4.7732,77.06999969482422,120217.0,56.81106948852539
2023-07-24,55.97685241699219,30616400,4.7457,78.73999786376953,121342.0,57.281070709228516
2023-07-25,57.70785140991211,31556700,4.7496,79.62999725341797,122008.0,59.656742095947266
2023-07-26,57.50749969482422,19066400,4.7368,78.77999877929688,122560.0,58.06725311279297
2023-07-27,56.43363952636719,28254500,4.7202,80.08999633789062,119990.0,57.29816436767578
2023-07-28,54.1977653503418,45938800,4.7253,80.58000183105469,120187.0,56.486328125
2023-07-31,55.42389678955078,26065700,4.7415,81.80000305175781,121943.0,56.87088394165039
2023-08-01,54.65455627441406,30015700,4.7752,81.37000274658203,121248.0,56.03341293334961
2023-08-02,53.765018463134766,29547300,4.8083,79.48999786376953,120859.0,54.53793716430664
2023-08-03,54.10160446166992,35512300,4.8797,81.55000305175781,120586.0,54.7430305480957
2023-08-04,54.14167022705078,22954300,4.8609,82.81999969482422,119508.0,54.72593688964844
2023-08-07,54.41414260864258,23057700,4.901,81.94000244140625,119380.0,54.7344856262207
2023-08-08,54.06153106689453,43405600,4.9217,82.91999816894531,119090.0,54.32429504394531
2023-08-09,53.57268142700195,21859000,4.9015,84.4000015258789,118409.0,54.43539047241211
2023-08-10,52.93959426879883,28372300,4.8518,82.81999969482422,118350.0,53.925575256347656
2023-08-11,52.49882888793945,42335100,4.8918,83.19000244140625,118065.0,53.63551712036133
2023-08-14,51.10237121582031,41056900,4.9481,82.51000213623047,116810.0,52.68621063232422
2023-08-15,50.598777770996094,28611000,4.9812,80.98999786376953,116171.0,51.631439208984375
2023-08-16,50.400638580322266,30508600,4.9772,79.37999725341797,115592.0,51.29741668701172
2023-08-17,51.11062240600586,39481200,4.9816,80.38999938964844,114982.0,52.352203369140625
2023-08-18,50.54098129272461,34201900,4.9724,81.25,115409.0,52.1500358581543
2023-08-21,50.60702896118164,17695300,4.9847,80.72000122070312,114429.0,52.69500732421875
2023-08-22,51.663753509521484,30995800,4.9431,80.3499984741211,116156.0,53.020233154296875
2023-08-23,52.04351043701172,19128500,4.8977,78.88999938964844,118135.0,54.224430084228516
2023-08-24,51.35003662109375,17821500,4.8748,79.05000305175781,117026.0,53.433349609375
2023-08-25,51.242713928222656,11395300,4.8772,79.83000183105469,115837.0,53.3630256652832
2023-08-28,51.97746276855469,14173600,4.8938,80.0999984741211,117121.0,54.25080490112305
2023-08-29,53.63684844970703,28625700,4.8706,81.16000366210938,118404.0,54.78697967529297
2023-08-30,53.64510726928711,21812600,4.8653,81.62999725341797,117535.0,55.156158447265625
2023-08-31,53.727664947509766,31011100,4.9219,83.62999725341797,115742.0,54.936405181884766
2023-09-01,56.87305450439453,57288600,4.9318,85.55000305175781,117893.0,56.1230354309082
2023-09-05,57.04642105102539,19253500,4.9705,86.69000244140625,117331.0,55.72749328613281
2023-09-06,56.13005065917969,28466500,4.9762,87.54000091552734,115985.0,55.64838409423828
2023-09-08,55.07332992553711,19989200,4.9835,87.51000213623047,115313.0,53.811309814453125
2023-09-11,55.86586380004883,19493800,4.9366,87.29000091552734,116883.0,55.622013092041016
2023-09-12,55.8245964050293,14201300,4.9505,88.83999633789062,117968.0,55.54290771484375
2023-09-13,55.609947204589844,15448400,4.9171,88.5199966430664,118176.0,55.47258758544922
2023-09-14,57.88850402832031,62390300,4.8751,90.16000366210938,119392.0,58.03921890258789
2023-09-15,57.409671783447266,37901700,4.8689,90.7699966430664,118758.0,57.88099670410156
2023-09-18,56.73271560668945,21849000,4.8535,91.4800033569336,118288.0,57.37118911743164
2023-09-19,56.840030670166016,43870300,4.8575,91.19999694824219,117846.0,57.4942512512207
2023-09-20,57.21978759765625,14372200,4.8487,90.27999877929688,118695.0,57.59093475341797
2023-09-21,55.72551727294922,21686000,4.9229,89.62999725341797,116145.0,56.026344299316406
2023-09-22,56.1383056640625,17063700,4.9131,90.02999877929688,116009.0,56.31641387939453
2023-09-25,54.98251724243164,34715000,4.9606,89.68000030517578,115925.0,55.43743133544922
2023-09-26,54.12392807006836,24178800,4.9717,90.38999938964844,114193.0,54.50570297241211
2023-09-27,54.239505767822266,17109300,5.0289,93.68000030517578,114327.0,54.77819061279297
2023-09-28,55.06507110595703,26072300,5.0475,91.70999908447266,115731.0,56.07029724121094
2023-09-29,55.79157257080078,19018000,5.0076,90.79000091552734,116565.0,55.93844985961914
2023-10-02,55.304481506347656,11175900,5.0679,88.81999969482422,115057.0,55.112205505371094
2023-10-03,54.966007232666016,15268800,5.11,89.2300033569336,113419.0,53.96073913574219
2023-10-04,54.379859924316406,14377000,5.1526,84.22000122070312,113607.0,53.160865783691406
2023-10-05,54.404624938964844,11556300,5.1713,82.30999755859375,113284.0,53.53003692626953
2023-10-06,55.19716262817383,22711400,5.1918,82.79000091552734,114170.0,54.496917724609375
2023-10-09,54.80088806152344,14392200,5.1666,86.37999725341797,115156.0,53.872840881347656
2023-10-10,55.1311149597168,18261700,5.0862,85.97000122070312,116737.0,54.95398712158203
2023-10-11,55.609947204589844,13659400,5.0496,83.48999786376953,117051.0,55.34074020385742
2023-10-13,54.9742546081543,16302700,5.0625,87.69000244140625,115754.0,54.8309326171875
2023-10-16,55.56040573120117,13103300,5.0618,86.66000366210938,116534.0,56.3779411315918
2023-10-17,56.01446533203125,24031000,5.0384,86.66000366210938,115908.0,56.580108642578125
2023-10-18,53.95882034301758,34907300,5.0568,88.31999969482422,114060.0,54.8660888671875
2023-10-19,53.18278884887695,22855500,5.054,89.37000274658203,114004.0,54.409019470214844
2023-10-20,51.746307373046875,58015100,5.0528,88.75,113155.0,53.23118209838867
2023-10-23,51.64724349975586,17595000,5.0164,85.48999786376953,112785.0,53.055389404296875
2023-10-24,52.827796936035156,21768800,5.0065,83.73999786376953,113762.0,54.8660888671875
2023-10-25,52.77825927734375,26091800,4.9981,85.38999938964844,112830.0,55.47258758544922
2023-10-26,53.90928268432617,30936700,5.0055,83.20999908447266,114777.0,55.45500946044922
2023-10-27,55.7833137512207,47989100,4.948,85.54000091552734,113301.0,56.03513717651367
2023-10-30,56.28691101074219,26604100,5.0074,82.30999755859375,112532.0,56.43946838378906
2023-10-31,56.9638671875,20961400,5.0575,81.0199966430664,113144.0,56.553733825683594
2023-11-01,58.05361557006836,31543500,5.0194,80.44000244140625,115053.0,57.204185485839844
2023-11-03,58.78010559082031,28599600,4.891,80.51000213623047,118160.0,58.27654266357422
2023-11-06,59.027774810791016,19096300,4.8999,80.81999969482422,118487.0,58.61055374145508
2023-11-07,57.8554801940918,37073000,4.867,77.37000274658203,119268.0,56.87016677856445
2023-11-08,57.89674758911133,21047900,4.8855,75.33000183105469,119099.0,56.77347946166992
2023-11-09,58.177452087402344,16542700,4.9007,75.73999786376953,119012.0,56.65921401977539
2023-11-10,59.069053649902344,22200500,4.9219,77.16999816894531,120636.0,57.5381965637207
2023-11-13,58.94521713256836,14410500,4.9247,78.26000213623047,120376.0,57.6436767578125
2023-11-14,60.769718170166016,52233600,4.8682,78.26000213623047,123328.0,59.60380554199219
2023-11-16,61.17423629760742,31235400,4.8575,72.9000015258789,124576.0,59.46316909790039
2023-11-17,61.28981399536133,24538600,4.8849,75.88999938964844,125062.0,59.937828063964844
2023-11-20,62.79234313964844,28810100,4.8723,77.5999984741211,126095.0,60.85196304321289
2023-11-21,64.3113784790039,45317800,4.8806,77.7699966430664,125607.0,61.73973083496094
2023-11-22,63.70004653930664,33715300,4.8968,77.0999984741211,126035.0,61.39692687988281
2023-11-24,62.7639045715332,16667000,4.8927,75.54000091552734,125542.0,61.28266906738281
2023-11-27,62.38945770263672,17312300,4.8951,74.86000061035156,125683.0,60.6761589050293
2023-11-28,62.52562713623047,22019000,4.8867,76.41000366210938,126538.0,61.02775955200195
2023-11-29,62.50859451293945,15853100,4.8933,77.86000061035156,126101.0,60.5355339050293
2023-11-30,62.84901428222656,29712900,4.9355,75.95999908447266,127331.0,60.72890090942383
2023-12-01,64.01493835449219,25025200,4.9191,74.06999969482422,128103.0,62.54840087890625
2023-12-04,62.576690673828125,22402300,4.9091,73.04000091552734,126803.0,60.69374465942383
2023-12-05,61.99797439575195,25179500,4.9522,72.31999969482422,126903.0,60.201515197753906
2023-12-06,61.589481353759766,20503900,4.9031,69.37999725341797,125623.0,60.64100646972656
2023-12-07,61.78521728515625,17535800,4.8949,69.33999633789062,126010.0,61.91554260253906
2023-12-08,61.95542907714844,16083200,4.9158,71.2300033569336,127094.0,61.678199768066406
2023-12-11,62.006492614746094,15443400,4.944,71.31999969482422,126916.0,60.781646728515625
2023-12-12,62.11712646484375,11036300,4.9476,68.61000061035156,126403.0,61.03654861450195
2023-12-13,62.12562942504883,25288200,4.958,69.47000122070312,129465.0,61.933109283447266
2023-12-14,62.46604919433594,29454300,4.8912,71.58000183105469,130842.0,63.44496536254883
2023-12-15,62.85752487182617,23279500,4.9397,71.43000030517578,130197.0,63.68227767944336
2023-12-18,63.1553840637207,16333400,4.9399,72.47000122070312,131084.0,64.01630401611328
2023-12-19,63.59791946411133,21763700,4.8663,73.44000244140625,131851.0,64.86012268066406
2023-12-20,63.393680572509766,14147900,4.8766,74.22000122070312,130804.0,63.69107437133789
2023-12-21,65.50424194335938,24202600,4.8755,73.88999938964844,132182.0,65.04470825195312
2023-12-22,65.0106430053711,26277000,4.8619,73.55999755859375,132753.0,64.89527893066406
2023-12-26,65.24042510986328,12149500,4.8368,75.56999969482422,133533.0,65.20292663574219
2023-12-27,65.87020111083984,13821200,4.8306,74.11000061035156,134194.0,65.72151947021484
2023-12-28,65.6999740600586,16545800,4.8413,71.7699966430664,134185.0,65.51936340332031
2024-01-02,65.57232666015625,18021800,4.8916,70.37999725341797,132697.0,65.27325439453125
2024-01-03,65.23191833496094,25315100,4.9212,72.69999694824219,132834.0,64.64917755126953
2024-01-04,64.35535430908203,18707000,4.9188,72.19000244140625,131226.0,64.20088195800781
2024-01-05,63.52984619140625,21082500,4.8899,73.80999755859375,132023.0,63.84929275512695
2024-01-08,63.20644760131836,23013300,4.885,70.7699966430664,132427.0,64.02508544921875
2024-01-09,62.40647506713867,15257400,4.8937,72.23999786376953,131447.0,62.28470230102539
2024-01-10,61.470340728759766,21354600,4.8901,71.37000274658203,130841.0,61.8012580871582
2024-01-11,61.79372787475586,20289100,4.8794,72.0199966430664,130649.0,61.581520080566406
2024-01-12,61.01077651977539,16343400,4.8543,72.68000030517578,130988.0,61.686988830566406
2024-01-16,60.10017013549805,22620300,4.9038,72.4000015258789,129294.0,60.72890090942383
2024-01-17,59.01935577392578,43086400,4.9346,72.55999755859375,128524.0,59.94660949707031
2024-01-18,58.72148895263672,30490600,4.9403,74.08000183105469,127316.0,60.799224853515625
2024-01-19,57.9555549621582,60583000,4.9223,73.41000366210938,127636.0,60.43004608154297
2024-01-22,57.70024490356445,23318900,4.949,75.19000244140625,126602.0,59.137939453125
2024-01-23,58.891693115234375,33886800,4.9715,74.37000274658203,128263.0,60.42125701904297
2024-01-24,59.48741912841797,36922100,4.9192,75.08999633789062,127816.0,61.133235931396484
2024-01-25,58.02363204956055,47637000,4.9232,77.36000061035156,128169.0,61.616676330566406
2024-01-26,59.147010803222656,27397200,4.9125,78.01000213623047,128967.0,62.205596923828125
2024-01-29,58.86616134643555,15866100,4.9225,76.77999877929688,128503.0,62.451717376708984
2024-01-30,58.53425979614258,34371300,4.9638,77.81999969482422,127402.0,61.704566955566406
2024-01-31,57.66620635986328,34753400,4.9535,75.8499984741211,127752.0,60.887115478515625
2024-02-01,57.40238571166992,21060300,4.935,73.81999969482422,128481.0,61.63425827026367
2024-02-02,56.2364616394043,32589900,4.9471,72.27999877929688,127182.0,60.19272994995117
2024-02-05,55.751373291015625,24103300,5.0053,72.77999877929688,127593.0,59.33132553100586
2024-02-06,56.73857498168945,27505600,4.9687,73.30999755859375,130416.0,60.05208206176758
2024-02-07,56.84920883178711,19863400,4.9608,73.86000061035156,129608.0,60.227882385253906
2024-02-08,56.34709548950195,25812100,4.9804,76.22000122070312,128217.0,59.86750030517578
2024-02-09,56.10029983520508,18534800,4.9717,76.83999633789062,128026.0,59.700496673583984
2024-02-14,55.930091857910156,12497900,4.9723,76.63999938964844,127018.0,58.96215057373047
2024-02-15,55.751373291015625,17360200,4.971,78.02999877929688,127804.0,59.36648178100586
2024-02-16,57.87045669555664,40947100,4.9761,79.19000244140625,128726.0,60.75527572631836
2024-02-20,56.17689514160156,44417200,4.9408,78.18000030517578,129916.0,57.942527770996094
2024-02-21,56.60240936279297,20362800,4.9303,77.91000366210938,130032.0,57.555782318115234
2024-02-22,57.206642150878906,35910500,4.9419,78.61000061035156,130241.0,57.7403678894043
2024-02-23,57.34280776977539,42133700,4.9851,76.48999786376953,129419.0,57.995269775390625
2024-02-26,55.95561981201172,33864400,4.9819,77.58000183105469,129609.0,56.82622528076172
2024-02-27,57.427913665771484,28141800,4.9575,78.87000274658203,131689.0,57.11628723144531
2024-02-28,56.79814529418945,20331500,4.9557,78.54000091552734,130155.0,56.219722747802734
2024-02-29,57.01091384887695,20717000,4.9833,78.26000213623047,129020.0,56.720741271972656
2024-03-01,56.917293548583984,22423300,4.9596,79.97000122070312,129180.0,57.25692367553711
2024-03-04,56.78964614868164,13148000,4.9475,78.73999786376953,128341.0,57.00201416015625
2024-03-05,56.04072570800781,24436500,4.9488,78.1500015258789,128098.0,56.07908248901367
2024-03-06,56.80665969848633,33510700,4.9398,79.12999725341797,128890.0,57.00201416015625
2024-03-07,56.61091995239258,19036200,4.9364,78.93000030517578,128340.0,58.2835807800293
2024-03-08,56.17689514160156,23188200,4.9751,78.01000213623047,127071.0,57.3864860534668
2024-03-11,54.43227005004883,58622400,4.9777,77.93000030517578,126124.0,56.754859924316406
2024-03-12,54.09312057495117,44680100,4.9813,77.55999755859375,127668.0,57.4139518737793
2024-03-13,54.43986511230469,32769200,4.9803,79.72000122070312,128006.0,57.82588195800781
2024-03-14,53.74636459350586,30085800,4.9768,81.26000213623047,127690.0,56.80063247680664
2024-03-15,53.13288497924805,57064200,4.9937,81.04000091552734,126742.0,56.91963195800781
2024-03-18,54.14646530151367,21371000,5.0124,82.72000122070312,126954.0,57.00202178955078
2024-03-19,54.59101486206055,16888900,5.0352,83.47000122070312,127529.0,57.496337890625
2024-03-20,54.95555114746094,18210000,5.012,81.68000030517578,129125.0,58.46665954589844
2024-03-21,54.822181701660156,18445500,4.9807,81.06999969482422,128159.0,58.70466232299805
2024-03-22,54.19091796875,11058400,4.9897,80.62999725341797,127027.0,57.670265197753906
2024-03-25,54.07533264160156,10478200,4.9869,81.94999694824219,126931.0,58.04557418823242
2024-03-26,53.39072036743164,27142700,4.987,81.62000274658203,126863.0,56.91047668457031
2024-03-27,53.87973403930664,23927000,4.9856,81.3499984741211,127691.0,58.091346740722656
2024-03-28,54.084224700927734,18467000,4.9962,83.16999816894531,128106.0,58.34765625
2024-04-01,54.43098068237305,16740100,5.0532,83.70999908447266,126990.0,58.75043869018555
2024-04-02,55.07113265991211,22583000,5.0476,85.1500015258789,127549.0,59.58344650268555
2024-04-03,54.27982711791992,22319900,5.0724,85.43000030517578,127318.0,59.13490295410156
2024-04-04,53.675235748291016,22990500,5.0237,86.58999633789062,127428.0,57.944881439208984
2024-04-05,53.08842849731445,15379000,5.052,86.91000366210938,126795.0,57.670265197753906
2024-04-08,55.98691177368164,40281300,5.0421,86.43000030517578,128857.0,60.48970413208008
2024-04-09,55.61348342895508,37026100,5.008,85.2300033569336,129890.0,61.56986999511719
2024-04-10,54.76883316040039,21206800,5.0654,86.20999908447266,128054.0,60.88331985473633
2024-04-11,55.000003814697266,16338700,5.0765,85.0199966430664,127396.0,60.66361618041992
2024-04-12,54.795509338378906,25740900,5.1364,85.66000366210938,125946.0,60.407310485839844
2024-04-15,55.1155891418457,28567300,5.1746,85.41000366210938,125334.0,61.12132263183594
2024-04-16,54.62657928466797,29973800,5.2635,85.36000061035156,124389.0,60.132694244384766
2024-04-17,55.2222785949707,34220700,5.2469,82.69000244140625,124171.0,61.13047790527344
2024-04-18,55.42677307128906,19932500,5.2512,82.7300033569336,124196.0,61.038936614990234
2024-04-19,56.33366394042969,32882400,5.2269,83.13999938964844,125124.0,61.304405212402344
2024-04-22,56.30699157714844,27171200,5.2043,82.8499984741211,125573.0,61.514949798583984
2024-04-23,55.81797409057617,23160500,5.1626,83.36000061035156,125148.0,61.0023193359375
2024-04-24,56.51148223876953,25212800,5.1592,82.80999755859375,124741.0,62.375423431396484
2024-04-25,55.3200798034668,27231000,5.1679,83.56999969482422,124646.0,62.04587936401367
2024-04-26,55.3200798034668,0,5.1184,83.8499984741211,126526.0,62.46696853637695
2024-04-29,56.81378173828125,18487200,5.1155,82.62999725341797,127352.0,63.17182540893555
2024-04-30,56.271427154541016,15597400,5.1718,81.93000030517578,125924.0,62.091651916503906
2024-05-02,56.83155822753906,17852900,5.1184,78.94999694824219,127122.0,62.503578186035156
2024-05-03,56.893795013427734,23681200,5.0668,78.11000061035156,128509.0,63.10774612426758
2024-05-06,57.06272888183594,13423600,5.0727,78.4800033569336,128466.0,63.913299560546875
2024-05-07,57.418365478515625,21315200,5.061,78.37999725341797,129210.0,64.11469268798828
2024-05-08,56.893795013427734,18245800,5.0887,78.98999786376953,129481.0,63.18097686767578
2024-05-09,57.35613250732422,19672800,5.1577,79.26000213623047,128188.0,64.07807159423828
2024-05-10,57.16053009033203,13705000,5.1464,78.26000213623047,127600.0,63.89499282836914
2024-05-13,57.49838638305664,14504100,5.1412,79.12000274658203,128155.0,63.931602478027344
2024-05-14,57.46282196044922,13313500,5.1356,78.0199966430664,128515.0,63.7943000793457
2024-05-15,57.29389572143555,21292100,5.1423,78.62999725341797,128028.0,64.38015747070312
2024-05-16,57.71177673339844,16647700,5.127,79.2300033569336,128284.0,65.82648468017578
2024-05-17,58.8409309387207,32338800,5.1157,80.05999755859375,128151.0,67.38267517089844
2024-05-20,58.814266204833984,22222300,5.1085,79.80000305175781,127751.0,67.1812744140625
2024-05-21,58.64533233642578,23042800,5.1037,79.26000213623047,127412.0,67.26366424560547
2024-05-22,58.18299865722656,17404000,5.1502,77.56999969482422,125650.0,66.11026000976562
2024-05-23,57.83625030517578,16445800,5.1443,76.87000274658203,124729.0,65.37794494628906
2024-05-24,57.862918853759766,11731900,5.1508,77.72000122070312,124306.0,65.77156066894531
2024-05-28,56.80488586425781,22173900,5.1538,79.83000183105469,123780.0,64.86531066894531
2024-05-29,56.226966857910156,16496900,5.1972,79.2300033569336,122707.0,63.6478271484375
2024-05-31,56.191402435302734,23383600,5.2416,76.98999786376953,122098.0,64.16960906982422
2024-06-03,55.00889205932617,18846500,5.2373,74.22000122070312,122032.0,63.54713439941406
2024-06-04,54.448760986328125,19865100,5.2687,73.25,121802.0,62.53103256225586
2024-06-05,53.675235748291016,18000800,5.2841,74.06999969482422,121407.0,62.320499420166016
2024-06-06,54.42208480834961,17888300,5.2681,75.55000305175781,122899.0,63.34574890136719
2024-06-07,53.71080017089844,14822100,5.2802,75.52999877929688,120767.0,62.24726104736328
2024-06-10,54.297611236572266,14762900,5.3666,77.73999786376953,120760.0,62.47611618041992
2024-06-11,54.21759033203125,24588400,5.3524,77.9000015258789,121635.0,61.49664306640625
2024-06-12,53.47074508666992,21969600,5.3891,78.5,119936.0,61.40509796142578
2024-06-13,54.084224700927734,13692600,5.3974,78.62000274658203,119568.0,61.258628845214844
2024-06-14,53.89751434326172,12282100,5.363,78.44999694824219,119662.0,60.88331985473633
2024-06-17,53.68412780761719,13976100,5.413,80.33000183105469,119138.0,60.407310485839844
2024-06-18,53.93307876586914,12239900,5.4074,81.56999969482422,119630.0,60.65446853637695
2024-06-20,54.59101486206055,19497200,5.4254,82.16999816894531,120446.0,61.258628845214844
2024-06-21,54.084224700927734,39134100,5.4416,80.7300033569336,121341.0,60.782630920410156
2024-06-24,54.14646530151367,13669000,5.4,81.62999725341797,122637.0,60.828392028808594
2024-06-25,53.924190521240234,13962500,5.429,80.83000183105469,122331.0,60.8924674987793
2024-06-26,54.59101486206055,17096700,5.5097,80.9000015258789,122641.0,61.1487922668457
2024-06-27,54.7332763671875,13755300,5.5229,81.73999786376953,124308.0,60.25168991088867
2024-06-28,55.3200798034668,22429400,5.5589,81.54000091552734,123907.0,60.352386474609375
2024-07-01,56.13805389404297,20236800,5.5893,83.37999725341797,124718.0,60.79178237915039
2024-07-02,55.95134735107422,24335300,5.6677,82.80999755859375,124787.0,60.425621032714844
2024-07-03,57.06272888183594,29884200,5.5863,83.87999725341797,125662.0,62.155731201171875
2024-07-05,56.54704666137695,13138400,5.497,83.16000366210938,126267.0,61.917720794677734
2024-07-08,56.10248947143555,18662500,5.472,82.33000183105469,126548.0,61.487483978271484
2024-07-09,56.03136444091797,9794400,5.4387,81.41000366210938,127108.0,61.313560485839844
2024-07-10,55.2756233215332,17384000,5.3967,82.0999984741211,127218.0,61.78041458129883
2024-07-11,55.133365631103516,13413600,5.41,82.62000274658203,128294.0,62.320499420166016
2024-07-12,55.94245147705078,13141700,5.4529,82.20999908447266,128897.0,62.72327423095703
2024-07-15,56.004695892333984,10198000,5.4563,81.91000366210938,129321.0,61.83534240722656
2024-07-16,55.417884826660156,22363900,5.4274,80.76000213623047,129110.0,60.70939254760742
2024-07-17,54.90220260620117,23145000,5.467,82.8499984741211,129450.0,60.20592498779297
2024-07-18,54.38652038574219,20625500,5.5426,82.81999969482422,127652.0,58.92436218261719
2024-07-19,54.342063903808594,20553900,5.5543,80.12999725341797,127616.0,58.384273529052734
2024-07-22,54.27982711791992,13095200,5.5598,79.77999877929688,127860.0,58.57651138305664
2024-07-23,53.55076217651367,22512000,5.5807,76.95999908447266,126590.0,58.155426025390625
2024-07-24,53.87973403930664,17817300,5.6346,77.58999633789062,126423.0,58.118812561035156
2024-07-25,53.85306167602539,17959500,5.6402,78.27999877929688,125954.0,58.88774871826172
2024-07-26,54.653255462646484,72721200,5.6465,77.16000366210938,127492.0,59.55598449707031
2024-07-29,54.75105667114258,28005900,5.6479,75.80999755859375,126954.0,59.2264404296875
2024-07-30,53.541873931884766,28562300,5.6532,74.7300033569336,126139.0,58.155426025390625
2024-07-31,54.795509338378906,34433100,5.6621,77.91000366210938,127652.0,59.64753341674805
2024-08-01,53.568546295166016,40469400,5.6681,76.30999755859375,127395.0,58.118812561035156
2024-08-02,52.82169723510742,35296000,5.7366,73.5199966430664,125854.0,58.2835807800293
2024-08-05,52.54872512817383,24635900,5.7646,72.94000244140625,125270.0,57.64280319213867
2024-08-06,52.81598663330078,23930200,5.6528,73.19999694824219,126267.0,57.725189208984375
2024-08-07,52.7146110534668,19243400,5.6093,75.2300033569336,127514.0,57.24917984008789
2024-08-08,52.392051696777344,14584800,5.6172,76.19000244140625,128661.0,57.59702682495117
2024-08-09,52.58558654785156,21989300,5.5115,76.83999633789062,130615.0,57.889957427978516
2024-08-12,52.318328857421875,18421500,5.4911,80.05999755859375,131116.0,57.954036712646484
2024-08-13,52.08793258666992,26100900,5.4875,78.3499984741211,132398.0,58.3568115234375
2024-08-14,51.60870361328125,51693500,5.4502,76.9800033569336,133318.0,57.15763473510742
2024-08-15,51.82067108154297,28153700,5.4651,78.16000366210938,134153.0,57.44141387939453
2024-08-16,51.682437896728516,44280200,5.4632,76.6500015258789,133953.0,57.724002838134766
2024-08-19,52.51185989379883,28349600,5.4237,74.37000274658203,135778.0,58.854366302490234
2024-08-20,52.7146110534668,19475800,5.4547,74.04000091552734,136087.0,58.4022216796875
2024-08-21,53.728355407714844,23200300,5.4707,71.93000030517578,136464.0,59.71156311035156
2024-08-22,53.80207824707031,17719100,5.5524,73.01000213623047,135173.0,59.09928512573242
2024-08-23,52.898929595947266,24018700,5.5263,74.83000183105469,135608.0,59.363033294677734
2024-08-26,53.497955322265625,17168700,5.4921,77.41999816894531,136889.0,60.02241516113281
2024-08-27,55.11072540283203,35232600,5.4969,75.52999877929688,136776.0,60.28616714477539
2024-08-28,54.714447021484375,21280300,5.5315,74.5199966430664,137344.0,59.34419631958008
2024-08-29,54.64993667602539,19175500,5.6358,75.91000366210938,136041.0,59.645626068115234
2024-08-30,54.90797805786133,36685200,5.6562,73.55000305175781,136004.0,59.59852600097656
2024-09-03,52.115577697753906,29504400,5.6224,70.33999633789062,134353.0,56.83855056762695
2024-09-04,52.52107620239258,19501800,5.6359,69.19999694824219,136111.0,56.603057861328125
2024-09-05,52.898929595947266,16585500,5.6049,69.1500015258789,136502.0,56.88564682006836
2024-09-06,52.23538589477539,17917900,5.5702,67.66999816894531,134572.0,56.24510955810547
2024-09-09,52.23538589477539,10204400,5.6097,68.70999908447266,134737.0,56.5276985168457
2024-09-10,51.60870361328125,17580600,5.6254,65.75,134320.0,56.30162811279297
2024-09-11,53.07402420043945,25592400,5.6387,67.30999755859375,134677.0,57.65806579589844
2024-09-12,53.55324935913086,17929800,5.6554,68.97000122070312,134029.0,58.317447662353516
2024-09-13,53.91267013549805,15045100,5.5717,68.6500015258789,134882.0,58.92030715942383
2024-09-16,53.91267013549805,10548000,5.5207,70.08999633789062,135118.0,59.523170471191406
2024-09-17,53.654624938964844,12056600,5.501,71.19000244140625,134960.0,59.26883316040039
2024-09-18,53.027950286865234,14429800,5.4767,70.91000366210938,133748.0,59.25941848754883
2024-09-19,53.663841247558594,19328400,5.4189,71.94999694824219,133123.0,61.39768981933594
2024-09-20,52.85284423828125,30842600,5.4775,71.91999816894531,131065.0,59.8811149597168
2024-09-23,53.01873016357422,18164700,5.5446,70.37000274658203,130568.0,60.83251190185547
2024-09-24,55.60838317871094,44910100,5.4702,71.55999755859375,132156.0,63.50770568847656
2024-09-25,55.85721206665039,21557700,5.4736,69.69000244140625,131586.0,63.74319839477539
2024-09-26,59.21177291870117,61449300,5.4412,67.66999816894531,133010.0,66.64447784423828
2024-09-27,58.94451904296875,37237900,5.4431,68.18000030517578,132730.0,67.09661865234375
2024-09-30,58.52980422973633,28980300,5.4481,68.16999816894531,131816.0,67.04010009765625
2024-10-01,58.815494537353516,18091500,5.4521,69.83000183105469,132495.0,67.03068542480469
2024-10-02,59.1380500793457,20310600,5.4305,70.0999984741211,133515.0,66.71040344238281
2024-10-03,58.00449752807617,26675400,5.485,73.70999908447266,131672.0,65.77786254882812
2024-10-04,57.580570220947266,16268300,5.4686,74.37999725341797,131792.0,65.65540313720703
2024-10-07,58.08744430541992,22467400,5.4626,77.13999938964844,132018.0,65.58004760742188
2024-10-08,56.32721710205078,38028100,5.5197,73.56999969482422,131512.0,62.791812896728516
2024-10-09,56.17976379394531,22758400,5.5737,73.23999786376953,129962.0,62.49979782104492
2024-10-10,56.447021484375,17192100,5.5819,75.8499984741211,130353.0,62.96136474609375
2024-10-11,57.25802230834961,20939400,5.6263,75.55999755859375,129992.0,63.328731536865234
2024-10-14,57.073699951171875,44954000,5.6045,73.83000183105469,131005.0,63.771453857421875
2024-10-15,56.373294830322266,25559300,5.6378,70.58000183105469,131043.0,62.61283874511719
2024-10-16,57.45155334472656,29731800,5.6749,70.38999938964844,131750.0,62.12300491333008
2024-10-17,55.995445251464844,20345200,5.6758,70.66999816894531,130793.0,61.31291198730469
2024-10-18,55.80191421508789,21823500,5.6672,69.22000122070312,130499.0,61.56724548339844
2024-10-21,55.59917068481445,19044900,5.7068,70.55999755859375,130362.0,61.18103790283203
2024-10-22,55.672889709472656,14814000,5.6958,72.08999633789062,129721.0,61.6802864074707
2024-10-23,54.696014404296875,18289900,5.7149,70.7699966430664,129233.0,60.74773025512695
2024-10-24,55.01856994628906,11331700,5.7087,70.19000244140625,130067.0,60.86077117919922
2024-10-25,56.889381408691406,38466000,5.6969,71.77999877929688,129893.0,61.49188995361328
2024-10-28,57.9492073059082,16572400,5.6988,67.37999725341797,131213.0,62.33966064453125
2024-10-29,57.7464599609375,14941700,5.714,67.20999908447266,130730.0,62.71644973754883
2024-10-30,57.57135772705078,12263300,5.7801,68.61000061035156,130639.0,62.07591247558594
2024-10-31,57.193511962890625,16553300,5.7779,69.26000213623047,129713.0,61.12451934814453
2024-11-01,57.16585922241211,15236400,5.8073,69.48999786376953,128121.0,61.53899002075195
2024-11-04,57.755672454833984,12360000,5.7898,71.47000122070312,130515.0,61.23755645751953
2024-11-05,57.248802185058594,16368800,5.7846,71.98999786376953,130661.0,61.69912338256836
2024-11-06,56.60369110107422,19726800,5.7648,71.69000244140625,130341.0,61.53899002075195
2024-11-07,58.57588195800781,38173300,5.6624,72.36000061035156,129682.0,63.5548095703125
2024-11-08,55.875640869140625,48764700,5.7648,70.37999725341797,127830.0,60.69121551513672
2024-11-11,54.050907135009766,24483700,5.798,68.04000091552734,127874.0,58.967403411865234
2024-11-12,52.825199127197266,26967600,5.7694,68.12000274658203,127698.0,57.64864730834961
2024-11-13,52.6777458190918,20354900,5.7713,68.43000030517578,127734.0,57.10230255126953
2024-11-14,52.38283920288086,17967600,5.7885,68.69999694824219,127792.0,56.9233283996582
2024-11-18,53.03716278076172,14300000,5.7603,69.16000366210938,127768.0,58.5152587890625
2024-11-19,53.15696716308594,12902100,5.7743,69.38999938964844,128197.0,58.807273864746094
2024-11-21,53.1016731262207,15428500,5.8173,70.0999984741211,126922.0,58.93914794921875
2024-11-22,53.61776351928711,12590500,5.8124,71.23999786376953,129126.0,58.731910705566406
2024-11-25,53.608543395996094,17444500,5.8002,68.94000244140625,129036.0,59.325355529785156
2024-11-26,52.92657470703125,21406600,5.799,68.7699966430664,129922.0,58.43048095703125
2024-11-27,53.57168197631836,22121200,5.8291,68.72000122070312,127669.0,58.703651428222656
2024-11-29,54.17071533203125,31023600,6.0535,68.0,125668.0,59.193477630615234
2024-12-02,54.29973220825195,18972100,6.0634,68.0999984741211,125236.0,59.59852600097656
2024-12-03,53.8850212097168,15957500,6.0707,69.94000244140625,126139.0,59.82460021972656
2024-12-04,52.834415435791016,25109200,6.0581,68.54000091552734,126087.0,59.71156311035156
2024-12-05,53.26755905151367,14160000,5.9849,68.30000305175781,127858.0,59.834022521972656
2024-12-06,52.355194091796875,17897900,6.0293,67.19999694824219,125946.0,58.50584411621094
2024-12-09,55.13837432861328,40440600,6.057,68.37000274658203,127210.0,61.12451934814453
2024-12-10,55.08308029174805,13089300,6.0529,68.58999633789062,128228.0,61.0585823059082
2024-12-11,54.22600555419922,30138500,6.032,70.29000091552734,129593.0,61.20930099487305
2024-12-12,52.7295036315918,28841800,5.9408,70.0199966430664,126042.0,59.76808166503906
2024-12-13,51.93916702270508,18532800,6.04,71.29000091552734,124612.0,58.60003662109375
2024-12-16,51.91127395629883,18958500,6.0509,70.70999908447266,123560.0,57.705162048339844
2024-12-17,52.1716194152832,22987600,6.1685,70.08000183105469,124698.0,57.893558502197266
2024-12-18,50.962867736816406,34658200,6.1624,70.58000183105469,120772.0,55.89657974243164
2024-12-19,49.99586868286133,29529900,6.1841,69.91000366210938,121188.0,55.32197570800781
2024-12-20,50.78620147705078,64919500,6.078,69.45999908447266,122102.0,55.23719787597656
2024-12-23,51.000057220458984,18587900,6.1612,69.23999786376953,120767.0,55.792964935302734
2024-12-26,51.148826599121094,13155800,6.1656,69.62000274658203,121078.0,55.81180191040039
2024-12-27,50.89778137207031,16635300,6.1991,70.5999984741211,120269.0,55.58572769165039
2024-12-30,50.72111511230469,11250900,6.1923,70.98999786376953,120283.0,55.190101623535156
2025-01-02,50.44217300415039,17623900,6.2086,73.12999725341797,120125.0,55.359657287597656
2025-01-03,49.50306701660156,23608700,6.1563,73.95999908447266,118533.0,55.199520111083984
2025-01-06,48.87079620361328,21689500,6.1119,73.55999755859375,120022.0,54.992286682128906
2025-01-07,48.39659118652344,22070200,6.0741,74.25,121163.0,54.81330871582031
2025-01-08,47.93168640136719,24423800,6.1321,73.31999969482422,119625.0,55.227779388427734
2025-01-10,47.90379333496094,25833900,6.0965,76.56999969482422,118856.0,55.425594329833984
2025-01-13,47.894493103027344,30845300,6.1079,78.81999969482422,119007.0,56.06613540649414
2025-01-14,48.210628509521484,21379000,6.0671,77.5,119299.0,56.87622833251953
2025-01-15,48.90798568725586,35137700,6.0377,80.04000091552734,122650.0,56.95158767700195
2025-01-16,48.97307205200195,220262800,6.0322,78.68000030517578,121234.0,56.320465087890625
2025-01-17,50.66532897949219,54658700,6.0609,77.87999725341797,122350.0,57.554447174072266
2025-01-21,50.22831726074219,28798700,6.044,75.88999938964844,123338.0,58.147891998291016
2025-01-22,48.963775634765625,34645400,5.9674,75.44000244140625,122972.0,57.57328796386719
2025-01-23,48.64764404296875,25097300,5.9399,74.62000274658203,122483.0,57.98775863647461
2025-01-24,49.307804107666016,20520600,5.8925,74.66000366210938,122447.0,58.487003326416016
2025-01-27,50.17252731323242,24531300,5.9272,73.16999816894531,124862.0,58.37396240234375
2025-01-28,48.9544792175293,22932900,5.893,73.7699966430664,124056.0,56.4240837097168
2025-01-29,49.09394836425781,19220300,5.8596,72.62000274658203,123432.0,56.25453186035156
2025-01-30,51.167423248291016,40562400,5.9006,72.7300033569336,126913.0,57.37547302246094
2025-01-31,50.3677864074707,25477600,5.8301,72.52999877929688,126135.0,56.90448760986328
2025-02-03,50.40497970581055,27216400,5.8687,73.16000366210938,125970.0,56.376983642578125
2025-02-04,50.22831726074219,32648700,5.7927,72.69999694824219,125147.0,57.64864730834961
2025-02-05,50.497962951660156,21674800,5.7997,71.02999877929688,125534.0,57.808780670166016
2025-02-06,51.260406494140625,32789000,5.7856,70.61000061035156,126225.0,58.58119583129883
2025-02-07,50.98146438598633,24395500,5.7557,71.0,124619.0,58.355125427246094
2025-02-10,51.51145553588867,15566300,5.7808,72.31999969482422,125572.0,58.637718200683594
2025-02-11,51.288299560546875,18198300,5.7788,73.31999969482422,126522.0,58.072532653808594
2025-02-12,50.944271087646484,35432600,5.7711,71.37000274658203,124380.0,58.439903259277344
2025-02-13,51.00935745239258,21749900,5.7788,71.29000091552734,124850.0,59.617366790771484
2025-02-14,51.76250457763672,49803200,5.7283,70.73999786376953,128219.0,59.68330764770508
2025-02-18,51.82759094238281,27608200,5.6979,71.8499984741211,128532.0,60.45572280883789
2025-02-19,51.781097412109375,26472500,5.7087,72.25,127309.0,59.11811828613281
2025-02-20,53.68721008300781,76934000,5.7019,72.56999969482422,127601.0,60.5593376159668
2025-02-21,54.077728271484375,37134700,5.7027,70.4000015258789,127128.0,59.843441009521484
2025-02-24,53.584930419921875,19081700,5.7258,70.69999694824219,125401.0,59.09928512573242
2025-02-25,53.06423568725586,19554800,5.7779,68.93000030517578,125980.0,58.50584411621094
2025-02-26,52.73880386352539,25399100,5.7757,68.62000274658203,124769.0,58.006595611572266
2025-02-27,52.34828186035156,18658000,5.8228,70.3499984741211,124799.0,57.187076568603516
2025-02-28,51.27900314331055,46789400,5.8488,69.76000213623047,122799.0,57.04578399658203
2025-03-05,51.68811798095703,13843400,5.7914,66.30999755859375,123047.0,60.0506706237793
2025-03-06,52.25530242919922,17678400,5.7489,66.36000061035156,123358.0,60.229644775390625
2025-03-07,53.01774597167969,25480600,5.7688,67.04000091552734,125035.0,60.8349723815918
2025-03-10,52.15970230102539,23626600,5.793,66.02999877929688,124519.0,60.73733901977539
2025-03-11,52.594444274902344,23060100,5.8346,66.25,123507.0,60.385860443115234
2025-03-12,51.937496185302734,18825700,5.8268,67.68000030517578,123864.0,59.341190338134766
2025-03-13,52.65241241455078,20584600,5.8131,66.55000305175781,125637.0,59.751251220703125
2025-03-14,54.38173294067383,31789300,5.7419,67.18000030517578,128957.0,61.547691345214844
2025-03-17,55.164268493652344,23191800,5.7082,67.58000183105469,130834.0,61.96751403808594
2025-03-18,55.57003402709961,18165300,5.6852,66.9000015258789,131475.0,62.62165069580078
2025-03-19,55.47342300415039,23211900,5.6657,67.16000366210938,132508.0,62.34828186035156
2025-03-20,55.29952621459961,17283200,5.6628,68.26000213623047,131955.0,61.4305305480957
2025-03-21,55.50240707397461,30524100,5.7241,68.27999877929688,132345.0,60.52254867553711
2025-03-24,55.21257781982422,18646500,5.7403,69.11000061035156,131321.0,60.69828414916992
2025-03-25,55.39613342285156,15615800,5.6992,69.0,132068.0,61.32313919067383
2025-03-26,55.73426818847656,29401600,5.7298,69.6500015258789,132520.0,61.3817138671875
2025-03-27,56.17867660522461,15345300,5.7474,69.91999816894531,133149.0,60.864261627197266
2025-03-28,55.60867691040039,31146000,5.766,69.36000061035156,131902.0,59.58527374267578
2025-03-31,54.77783203125,20469300,5.7422,71.4800033569336,130260.0,58.65776443481445
2025-04-01,55.251220703125,12354800,5.7051,71.19999694824219,131147.0,58.8042106628418
2025-04-02,55.00003433227539,13197700,5.6923,71.70999908447266,131190.0,58.482025146484375
2025-04-03,53.00986862182617,32351100,5.6067,66.94999694824219,131141.0,57.04682159423828
2025-04-04,50.89411163330078,45819600,5.7777,61.9900016784668,127256.0,53.37582778930664
2025-04-07,50.28546905517578,35942800,5.8877,60.70000076293945,125588.0,53.268436431884766
2025-04-08,47.53208923339844,46815300,5.9368,59.58000183105469,123932.0,51.081459045410156
2025-04-09,50.092247009277344,56491900,6.0605,62.349998474121094,127796.0,54.2935791015625
2025-04-10,50.99072265625,38010400,5.9115,60.06999969482422,126355.0,53.57109451293945
2025-04-11,51.84088897705078,22129900,5.8737,61.5,127682.0,55.51398849487305
2025-04-14,52.51715850830078,19994800,5.8425,61.529998779296875,129454.0,55.66043472290039
2025-04-15,51.98580551147461,17471900,5.8707,61.33000183105469,129245.0,55.904518127441406
2025-04-16,50.77818298339844,23105900,5.8808,62.470001220703125,128317.0,55.806884765625
2025-04-17,51.08733367919922,23172400,5.8559,64.68000030517578,129650.0,56.79297637939453
2025-04-22,51.99546432495117,16780900,5.7496,64.30999755859375,130464.0,58.208648681640625
2025-04-23,52.61376953125,18377400,5.688,62.27000045776367,132216.0,58.77492141723633
2025-04-24,53.43495559692383,19621700,5.6738,62.790000915527344,134580.0,60.22964859008789
2025-04-25,52.02444839477539,26162200,5.6846,63.02000045776367,134739.0,59.126399993896484
2025-04-28,52.2080078125,12001900,5.6681,62.04999923706055,135016.0,59.42905807495117
2025-04-29,52.01478576660156,11816200,5.6467,60.41999816894531,135093.0,59.43882369995117
2025-04-30,51.06801223754883,18774400,5.6608,58.209999084472656,135067.0,57.99386215209961
2025-05-02,51.01004409790039,17135800,5.6394,58.290000915527344,135134.0,58.28675842285156
2025-05-05,51.16461944580078,12201600,5.652,57.130001068115234,133491.0,58.15983581542969
2025-05-06,51.20326232910156,12065000,5.721,59.09000015258789,133516.0,58.3843879699707
2025-05-07,51.10665512084961,11240100,5.7375,58.06999969482422,133398.0,58.59918212890625
2025-05-08,50.95207977294922,15414600,5.686,59.90999984741211,136232.0,57.77906799316406
2025-05-09,51.15496063232422,15558800,5.6511,61.02000045776367,136512.0,58.56012725830078
2025-05-12,52.43986892700195,26482400,5.6822,61.95000076293945,136563.0,59.956275939941406
2025-05-13,53.29969787597656,21187200,5.6262,63.66999816894531,138963.0,60.795921325683594
2025-05-14,53.03885269165039,16297800,5.61,63.150001525878906,138423.0,60.56159973144531
2025-05-15,53.57020950317383,13955400,5.6328,61.619998931884766,139334.0,61.264556884765625
2025-05-16,53.60885238647461,18163800,5.6925,62.4900016784668,139187.0,61.157161712646484
2025-05-19,53.46393585205078,14475200,5.6591,62.689998626708984,139636.0,60.91307830810547
2025-05-20,53.473594665527344,10499200,5.662,62.560001373291016,140110.0,60.766632080078125
2025-05-21,52.78766632080078,14486300,5.6571,61.56999969482422,137881.0,60.51278305053711
2025-05-22,52.39156723022461,18476000,5.639,61.20000076293945,137273.0,59.67314147949219
2025-05-23,52.478515625,14747300,5.6932,61.529998779296875,137824.0,60.12225341796875
2025-05-27,52.01478576660156,17943000,5.6539,60.88999938964844,139541.0,59.3607177734375
2025-05-28,51.599365234375,17700600,5.6936,61.84000015258789,138888.0,58.53084182739258
2025-05-29,51.63800811767578,10246100,5.6559,60.939998626708984,138534.0,58.77492141723633
2025-05-30,50.33377456665039,28286100,5.7087,60.790000915527344,137027.0,58.02314758300781
2025-06-02,50.77818298339844,19267700,5.6937,62.52000045776367,136787.0,58.16960144042969
2025-06-03,50.74919509887695,12824900,5.6694,63.40999984741211,137546.0,57.456878662109375
2025-06-04,50.98106002807617,11714700,5.6332,62.849998474121094,137002.0,57.163978576660156
2025-06-05,51.11631393432617,12594000,5.5969,63.369998931884766,136236.0,57.837650299072266
2025-06-06,51.18394088745117,16638900,5.5947,64.58000183105469,136102.0,57.63261795043945
2025-06-09,51.48343276977539,13029200,5.576,65.29000091552734,135699.0,57.90599060058594
2025-06-10,51.83123016357422,18890600,5.5557,64.9800033569336,136436.0,58.06220245361328
2025-06-11,51.37716293334961,13639700,5.539,68.1500015258789,137128.0,57.437355041503906
2025-06-12,51.03902816772461,11136800,5.5388,68.04000091552734,137800.0,57.2909049987793
2025-06-13,50.36275863647461,13264900,5.5652,72.9800033569336,137213.0,56.62699890136719
2025-06-16,52.005126953125,41210000,5.5123,71.7699966430664,139256.0,56.929664611816406
2025-06-17,49.66716766357422,43657300,5.4773,74.83999633789062,138840.0,55.66043472290039
2025-06-18,49.5029296875,20499000,5.4879,75.13999938964844,138717.0,55.59209060668945
2025-06-20,48.22767639160156,39947200,5.4957,74.93000030517578,137116.0,54.56694793701172
2025-06-23,48.83631896972656,17288800,5.5213,68.51000213623047,136551.0,55.73854446411133
2025-06-24,48.82666015625,18576300,5.4938,64.37000274658203,137165.0,55.83617401123047
2025-06-25,48.76869201660156,23319900,5.5427,64.91999816894531,135767.0,55.36753845214844
2025-06-26,50.23716354370117,40488400,5.5145,65.23999786376953,137114.0,57.19327163696289
2025-06-27,51.07767105102539,26016900,5.4759,65.5199966430664,136866.0,57.349483489990234
2025-06-30,50.86513137817383,19961900,5.4571,65.11000061035156,138855.0,56.94919204711914
2025-07-01,51.55105972290039,21844300,5.4511,65.44999694824219,139549.0,56.919898986816406
2025-07-02,53.42529296875,63100200,5.4512,67.44999694824219,139051.0,58.755393981933594
2025-07-03,53.17410659790039,18256300,5.4208,67.0,140928.0,57.62285614013672
2025-07-07,52.546142578125,13174500,5.4552,67.93000030517578,139490.0,56.295047760009766
2025-07-08,52.72970199584961,26632000,5.4571,68.33000183105469,139303.0,57.339717864990234
2025-07-09,52.2080078125,12209400,5.4626,68.37999725341797,137481.0,57.320194244384766
2025-07-10,53.405967712402344,46597200,5.5433,66.56999969482422,136743.0,58.67728805541992
2025-07-11,54.1015625,18313200,5.5722,68.44999694824219,136187.0,59.65361404418945
2025-07-14,53.48325729370117,15141300,5.5595,66.9800033569336,135299.0,58.40391540527344
2025-07-15,52.08241271972656,25029100,5.5576,66.5199966430664,135250.0,57.08587646484375
2025-07-16,52.55580520629883,26394100,5.5722,66.37999725341797,135511.0,58.3062858581543
2025-07-17,52.45919418334961,20252800,5.5737,67.54000091552734,135565.0,58.608943939208984
2025-07-18,52.71038055419922,23714000,5.5466,67.33999633789062,133382.0,59.10687255859375
2025-07-21,54.14986801147461,40484000,5.5625,67.19999694824219,134167.0,60.58112716674805
2025-07-22,55.55071258544922,40945900,5.5709,66.20999908447266,134036.0,62.80715560913086
2025-07-23,55.47342300415039,17914800,5.5537,65.25,135368.0,63.090293884277344
2025-07-24,54.61359405517578,21651200,5.5239,66.02999877929688,133808.0,62.318992614746094
2025-07-25,53.81173324584961,21918900,5.5426,65.16000366210938,133524.0,61.60626983642578
2025-07-28,53.2900390625,19175100,5.5877,66.70999908447266,132129.0,60.717811584472656
2025-07-29,52.96156311035156,14648700,5.5764,69.20999908447266,132726.0,60.795921325683594
2025-07-30,52.01478576660156,35607800,5.6034,70.0,133990.0,58.081729888916016
2025-07-31,51.64767074584961,20790000,5.6021,69.26000213623047,133071.0,58.3551025390625
2025-08-01,51.92783737182617,40510900,5.5436,67.33000183105469,132437.0,58.23794174194336
