Date,Close_ABEV3,Volume_ABEV3,Close_Dolar,Close_Petroleo,Close_Ibovespa,Close_Minerio
2023-09-05,12.262733459472656,37047300,4.9705,86.69000244140625,117331.0,55.72749710083008
2023-09-06,12.23647403717041,26849800,4.9762,87.54000091552734,115985.0,55.64838790893555
2023-09-08,11.99139404296875,23119600,4.9835,87.51000213623047,115313.0,53.81131362915039
2023-09-11,12.140193939208984,14866900,4.9366,87.29000091552734,116883.0,55.62201690673828
2023-09-12,12.000147819519043,18024700,4.9505,88.83999633789062,117968.0,55.542903900146484
2023-09-13,11.938878059387207,32126800,4.9171,88.5199966430664,118176.0,55.472591400146484
2023-09-14,11.842596054077148,21983200,4.8751,90.16000366210938,119392.0,58.03921890258789
2023-09-15,11.746315002441406,39186700,4.8689,90.7699966430664,118758.0,57.88099670410156
2023-09-18,11.720056533813477,19997200,4.8535,91.4800033569336,118288.0,57.37118911743164
2023-09-19,11.7550687789917,25991300,4.8575,91.19999694824219,117846.0,57.4942512512207
2023-09-20,11.790080070495605,15729400,4.8487,90.27999877929688,118695.0,57.59093475341797
2023-09-21,11.588763236999512,29875400,4.9229,89.62999725341797,116145.0,56.02635192871094
2023-09-22,11.483729362487793,16325200,4.9131,90.02999877929688,116009.0,56.31641387939453
2023-09-25,11.571259498596191,20229100,4.9606,89.68000030517578,115925.0,55.43743133544922
2023-09-26,11.41370677947998,29094600,4.9717,90.38999938964844,114193.0,54.50570297241211
2023-09-27,11.352437973022461,32045700,5.0289,93.68000030517578,114327.0,54.77819061279297
2023-09-28,11.361189842224121,43949200,5.0475,91.70999908447266,115731.0,56.07029724121094
2023-09-29,11.474977493286133,22876500,5.0076,90.79000091552734,116565.0,55.93844985961914
2023-10-02,11.457469940185547,17955500,5.0679,88.81999969482422,115057.0,55.112205505371094
2023-10-03,11.42245864868164,31511700,5.11,89.2300033569336,113419.0,53.96073532104492
2023-10-04,11.562505722045898,15774100,5.1526,84.22000122070312,113607.0,53.16086196899414
2023-10-05,11.282414436340332,31497000,5.1713,82.30999755859375,113284.0,53.53003692626953
2023-10-06,11.545000076293945,40211800,5.1918,82.79000091552734,114170.0,54.496917724609375
2023-10-09,11.527493476867676,15459500,5.1666,86.37999725341797,115156.0,53.872840881347656
2023-10-10,11.597517013549805,18408800,5.0862,85.97000122070312,116737.0,54.9539909362793
2023-10-11,11.632528305053711,14042700,5.0496,83.48999786376953,117051.0,55.340736389160156
2023-10-13,11.361189842224121,24773100,5.0625,87.69000244140625,115754.0,54.8309326171875
2023-10-16,11.38744831085205,12422600,5.0618,86.66000366210938,116534.0,56.3779411315918
2023-10-17,11.203639030456543,21533400,5.0384,86.66000366210938,115908.0,56.580108642578125
2023-10-18,10.967312812805176,41902700,5.0568,88.31999969482422,114060.0,54.8660888671875
2023-10-19,10.9585599899292,15581700,5.054,89.37000274658203,114004.0,54.40902328491211
2023-10-20,10.932300567626953,14749400,5.0528,88.75,113155.0,53.23118591308594
2023-10-23,10.923547744750977,11943700,5.0164,85.48999786376953,112785.0,53.05538558959961
2023-10-24,10.9585599899292,32749400,5.0065,83.73999786376953,113762.0,54.8660888671875
2023-10-25,10.888535499572754,14976900,4.9981,85.38999938964844,112830.0,55.472591400146484
2023-10-26,11.054841041564941,25002300,5.0055,83.20999908447266,114777.0,55.45500946044922
2023-10-27,10.757243156433105,27730300,4.948,85.54000091552734,113301.0,56.03513717651367
2023-10-30,10.818512916564941,26078000,5.0074,82.30999755859375,112532.0,56.4394645690918
2023-10-31,11.256155967712402,64210200,5.0575,81.0199966430664,113144.0,56.553733825683594
2023-11-01,11.369942665100098,40528700,5.0194,80.44000244140625,115053.0,57.20418930053711
2023-11-03,11.632528305053711,27360200,4.891,80.51000213623047,118160.0,58.27654266357422
2023-11-06,11.825091361999512,20562100,4.8999,80.81999969482422,118487.0,58.610557556152344
2023-11-07,11.877607345581055,20565500,4.867,77.37000274658203,119268.0,56.87016677856445
2023-11-08,11.851348876953125,29629700,4.8855,75.33000183105469,119099.0,56.77347946166992
2023-11-09,11.73756217956543,18858200,4.9007,75.73999786376953,119012.0,56.65921401977539
2023-11-10,11.68504524230957,15140600,4.9219,77.16999816894531,120636.0,57.53819274902344
2023-11-13,11.7550687789917,16559200,4.9247,78.26000213623047,120376.0,57.6436767578125
2023-11-14,11.99139404296875,24478100,4.8682,78.26000213623047,123328.0,59.60380935668945
2023-11-16,11.965136528015137,45772900,4.8575,72.9000015258789,124576.0,59.463165283203125
2023-11-17,11.9038667678833,36893100,4.8849,75.88999938964844,125062.0,59.93782424926758
2023-11-20,11.9038667678833,15170600,4.8723,77.5999984741211,126095.0,60.851966857910156
2023-11-21,11.76382064819336,17196400,4.8806,77.7699966430664,125607.0,61.73973846435547
2023-11-22,11.877607345581055,29650400,4.8968,77.0999984741211,126035.0,61.396934509277344
2023-11-24,11.720056533813477,18133100,4.8927,75.54000091552734,125542.0,61.28266525268555
2023-11-27,11.886360168457031,22972800,4.8951,74.86000061035156,125683.0,60.67616271972656
2023-11-28,11.947629928588867,14913700,4.8867,76.41000366210938,126538.0,61.02775573730469
2023-11-29,11.641281127929688,19363500,4.8933,77.86000061035156,126101.0,60.535526275634766
2023-11-30,11.982641220092773,41991100,4.9355,75.95999908447266,127331.0,60.72889709472656
2023-12-01,12.324004173278809,30042200,4.9191,74.06999969482422,128103.0,62.54840087890625
2023-12-04,12.306496620178223,9861400,4.9091,73.04000091552734,126803.0,60.693748474121094
2023-12-05,12.4640474319458,36765000,4.9522,72.31999969482422,126903.0,60.20151138305664
2023-12-06,12.245226860046387,20919500,4.9031,69.37999725341797,125623.0,60.64100646972656
2023-12-07,12.324004173278809,11940500,4.8949,69.33999633789062,126010.0,61.915531158447266
2023-12-08,12.52531909942627,16690900,4.9158,71.2300033569336,127094.0,61.67820358276367
2023-12-11,12.53407096862793,11080900,4.944,71.31999969482422,126916.0,60.781646728515625
2023-12-12,12.45529556274414,10541600,4.9476,68.61000061035156,126403.0,61.03654861450195
2023-12-13,12.866679191589355,53960800,4.958,69.47000122070312,129465.0,61.933109283447266
2023-12-14,12.691621780395508,60791700,4.8912,71.58000183105469,130842.0,63.44496154785156
2023-12-15,12.665363311767578,33747300,4.9397,71.43000030517578,130197.0,63.68228530883789
2023-12-18,12.73538589477539,24363100,4.9399,72.47000122070312,131084.0,64.01630401611328
2023-12-19,12.866679191589355,32674700,4.8663,73.44000244140625,131851.0,64.86012268066406
2023-12-20,12.655023574829102,24316200,4.8766,74.22000122070312,130804.0,63.69107437133789
2023-12-21,12.618182182312012,28969600,4.8755,73.88999938964844,132182.0,65.0447006225586
2023-12-22,12.62739372253418,19864700,4.8619,73.55999755859375,132753.0,64.8952865600586
2023-12-26,12.682656288146973,6884800,4.8368,75.56999969482422,133533.0,65.20292663574219
2023-12-27,12.7471284866333,10305900,4.8306,74.11000061035156,134194.0,65.72151947021484
2023-12-28,12.645814895629883,16500300,4.8413,71.7699966430664,134185.0,65.51936340332031
2024-01-02,12.62739372253418,11690200,4.8916,70.37999725341797,132697.0,65.27324676513672
2024-01-03,12.526080131530762,17612200,4.9212,72.69999694824219,132834.0,64.649169921875
2024-01-04,12.572131156921387,19996000,4.9188,72.19000244140625,131226.0,64.20088958740234
2024-01-05,12.526080131530762,18293900,4.8899,73.80999755859375,132023.0,63.84928894042969
2024-01-08,12.62739372253418,11014600,4.885,70.7699966430664,132427.0,64.02508544921875
2024-01-09,12.544500350952148,15705100,4.8937,72.23999786376953,131447.0,62.28470230102539
2024-01-10,12.673445701599121,18313300,4.8901,71.37000274658203,130841.0,61.80126953125
2024-01-11,12.489238739013672,22254100,4.8794,72.0199966430664,130649.0,61.581512451171875
2024-01-12,12.51686954498291,20300600,4.8543,72.68000030517578,130988.0,61.686988830566406
2024-01-16,12.295821189880371,24233000,4.9038,72.4000015258789,129294.0,60.72889709472656
2024-01-17,12.369504928588867,12493800,4.9346,72.55999755859375,128524.0,59.94660949707031
2024-01-18,12.286609649658203,18425500,4.9403,74.08000183105469,127316.0,60.799224853515625
2024-01-19,12.295821189880371,28017100,4.9223,73.41000366210938,127636.0,60.43004608154297
2024-01-22,12.305030822753906,16245600,4.949,75.19000244140625,126602.0,59.137943267822266
2024-01-23,12.314242362976074,16851900,4.9715,74.37000274658203,128263.0,60.4212532043457
2024-01-24,12.231348991394043,16080200,4.9192,75.08999633789062,127816.0,61.133243560791016
2024-01-25,12.157665252685547,12841800,4.9232,77.36000061035156,128169.0,61.616676330566406
2024-01-26,12.157665252685547,6568000,4.9125,78.01000213623047,128967.0,62.205589294433594
2024-01-29,12.203717231750488,10163100,4.9225,76.77999877929688,128503.0,62.45170974731445
2024-01-30,12.010299682617188,22516400,4.9638,77.81999969482422,127402.0,61.70457458496094
2024-01-31,12.047142028808594,25269100,4.9535,75.8499984741211,127752.0,60.887115478515625
2024-02-01,12.037931442260742,27075000,4.935,73.81999969482422,128481.0,61.63425064086914
2024-02-02,12.037931442260742,22938800,4.9471,72.27999877929688,127182.0,60.192726135253906
2024-02-05,12.056350708007812,16606500,5.0053,72.77999877929688,127593.0,59.33131790161133
2024-02-06,12.185297012329102,29715800,4.9687,73.30999755859375,130416.0,60.05208969116211
2024-02-07,11.973458290100098,37752200,4.9608,73.86000061035156,129608.0,60.227882385253906
2024-02-08,11.927406311035156,23297000,4.9804,76.22000122070312,128217.0,59.86750411987305
2024-02-09,11.927406311035156,15447300,4.9717,76.83999633789062,128026.0,59.70049285888672
2024-02-14,11.899776458740234,16255700,4.9723,76.63999938964844,127018.0,58.962154388427734
2024-02-15,11.83530330657959,27820200,4.971,78.02999877929688,127804.0,59.366485595703125
2024-02-16,11.752409934997559,21074800,4.9761,79.19000244140625,128726.0,60.755271911621094
2024-02-20,11.83530330657959,26872100,4.9408,78.18000030517578,129916.0,57.94252395629883
2024-02-21,11.881355285644531,13911900,4.9303,77.91000366210938,130032.0,57.55577850341797
2024-02-22,11.936616897583008,16110800,4.9419,78.61000061035156,130241.0,57.7403678894043
2024-02-23,11.87214469909668,18944400,4.9851,76.48999786376953,129419.0,57.99527359008789
2024-02-26,12.010299682617188,12942000,4.9819,77.58000183105469,129609.0,56.82622528076172
2024-02-27,12.258979797363281,31668800,4.9575,78.87000274658203,131689.0,57.11629104614258
2024-02-28,12.387923240661621,34495200,4.9557,78.54000091552734,130155.0,56.219722747802734
2024-02-29,11.586624145507812,88182100,4.9833,78.26000213623047,129020.0,56.72074508666992
2024-03-01,11.457677841186523,51174000,4.9596,79.97000122070312,129180.0,57.25692367553711
2024-03-04,11.49452018737793,16560500,4.9475,78.73999786376953,128341.0,57.002017974853516
2024-03-05,11.743200302124023,33369400,4.9488,78.1500015258789,128098.0,56.07908630371094
2024-03-06,11.687936782836914,45103900,4.9398,79.12999725341797,128890.0,57.002017974853516
2024-03-07,11.651095390319824,12954500,4.9364,78.93000030517578,128340.0,58.2835807800293
2024-03-08,11.826092720031738,54292500,4.9751,78.01000213623047,127071.0,57.38648986816406
2024-03-11,11.789251327514648,20348100,4.9777,77.93000030517578,126124.0,56.75486373901367
2024-03-12,11.826092720031738,25358500,4.9813,77.55999755859375,127668.0,57.4139518737793
2024-03-13,11.743200302124023,24872300,4.9803,79.72000122070312,128006.0,57.82587814331055
2024-03-14,11.789251327514648,27666100,4.9768,81.26000213623047,127690.0,56.800628662109375
2024-03-15,11.632676124572754,36174000,4.9937,81.04000091552734,126742.0,56.91963195800781
2024-03-18,11.632676124572754,24187500,5.0124,82.72000122070312,126954.0,57.00202178955078
2024-03-19,11.549781799316406,26464600,5.0352,83.47000122070312,127529.0,57.496337890625
2024-03-20,11.549781799316406,48407800,5.012,81.68000030517578,129125.0,58.46665954589844
2024-03-21,11.614255905151367,29217300,4.9807,81.06999969482422,128159.0,58.70466613769531
2024-03-22,11.430047988891602,18151900,4.9897,80.62999725341797,127027.0,57.67026138305664
2024-03-25,11.264261245727539,21593700,4.9869,81.94999694824219,126931.0,58.04557800292969
2024-03-26,11.430047988891602,32319600,4.987,81.62000274658203,126863.0,56.91048049926758
2024-03-27,11.466889381408691,26211600,4.9856,81.3499984741211,127691.0,58.091346740722656
2024-03-28,11.503730773925781,44405600,4.9962,83.16999816894531,128106.0,58.34766387939453
2024-04-01,11.356365203857422,21031000,5.0532,83.70999908447266,126990.0,58.75043487548828
2024-04-02,11.301103591918945,19115800,5.0476,85.1500015258789,127549.0,59.58344268798828
2024-04-03,11.466889381408691,36137900,5.0724,85.43000030517578,127318.0,59.1348991394043
2024-04-04,11.485309600830078,31881300,5.0237,86.58999633789062,127428.0,57.944881439208984
2024-04-05,11.264261245727539,71144500,5.052,86.91000366210938,126795.0,57.67026138305664
2024-04-08,11.209000587463379,18919200,5.0421,86.43000030517578,128857.0,60.48970031738281
2024-04-09,11.383995056152344,23795200,5.008,85.2300033569336,129890.0,61.56986999511719
2024-04-10,11.144527435302734,23028800,5.0654,86.20999908447266,128054.0,60.88331985473633
2024-04-11,11.236629486083984,21019300,5.0765,85.0199966430664,127396.0,60.66361618041992
2024-04-12,11.162947654724121,16269700,5.1364,85.66000366210938,125946.0,60.407310485839844
2024-04-15,11.116894721984863,31625300,5.1746,85.41000366210938,125334.0,61.12132263183594
2024-04-16,10.997160911560059,31317300,5.2635,85.36000061035156,124389.0,60.132694244384766
2024-04-17,10.96953010559082,26530200,5.2469,82.69000244140625,124171.0,61.13047790527344
2024-04-18,11.015582084655762,28663900,5.2512,82.7300033569336,124196.0,61.0389404296875
2024-04-19,11.00637149810791,25809800,5.2269,83.13999938964844,125124.0,61.30440139770508
2024-04-22,11.00637149810791,23450600,5.2043,82.8499984741211,125573.0,61.51494216918945
2024-04-23,10.923478126525879,18581900,5.1626,83.36000061035156,125148.0,61.002315521240234
2024-04-24,11.089263916015625,37013000,5.1592,82.80999755859375,124741.0,62.37542724609375
2024-04-25,11.070844650268555,23667800,5.1679,83.56999969482422,124646.0,62.04587936401367
2024-04-26,11.061634063720703,16180400,5.1184,83.8499984741211,126526.0,62.46696090698242
2024-04-29,11.144527435302734,26520800,5.1155,82.62999725341797,127352.0,63.17182159423828
2024-04-30,11.190577507019043,25146600,5.1718,81.93000030517578,125924.0,62.09164810180664
2024-05-02,11.356365203857422,27782000,5.1184,78.94999694824219,127122.0,62.50357437133789
2024-05-03,11.393206596374512,23380200,5.0668,78.11000061035156,128509.0,63.10774230957031
2024-05-06,11.466889381408691,18713000,5.0727,78.4800033569336,128466.0,63.913291931152344
2024-05-07,11.6050443649292,27522500,5.061,78.37999725341797,129210.0,64.11468505859375
2024-05-08,11.209000587463379,50692500,5.0887,78.98999786376953,129481.0,63.18096923828125
2024-05-09,11.098475456237793,25762900,5.1577,79.26000213623047,128188.0,64.07806396484375
2024-05-10,11.089263916015625,29029300,5.1464,78.26000213623047,127600.0,63.89498519897461
2024-05-13,11.107686042785645,22472500,5.1412,79.12000274658203,128155.0,63.93160629272461
2024-05-14,11.199788093566895,32670400,5.1356,78.0199966430664,128515.0,63.79429626464844
2024-05-15,11.337944984436035,36630700,5.1423,78.62999725341797,128028.0,64.3801498413086
2024-05-16,11.402417182922363,32475700,5.127,79.2300033569336,128284.0,65.82648468017578
2024-05-17,11.402417182922363,28118800,5.1157,80.05999755859375,128151.0,67.3826675415039
2024-05-20,11.144527435302734,38940700,5.1085,79.80000305175781,127751.0,67.1812744140625
2024-05-21,11.070844650268555,38371300,5.1037,79.26000213623047,127412.0,67.263671875
2024-05-22,11.024792671203613,49248200,5.1502,77.56999969482422,125650.0,66.1102523803711
2024-05-23,11.015582084655762,28419600,5.1443,76.87000274658203,124729.0,65.37793731689453
2024-05-24,10.93268871307373,22790000,5.1508,77.72000122070312,124306.0,65.77156066894531
2024-05-28,10.674798965454102,40481600,5.1538,79.83000183105469,123780.0,64.86531066894531
2024-05-29,10.61032772064209,34350900,5.1972,79.2300033569336,122707.0,63.6478271484375
2024-05-31,10.64716911315918,62942000,5.2416,76.98999786376953,122098.0,64.16960906982422
2024-06-03,10.637957572937012,24967400,5.2373,74.22000122070312,122032.0,63.5471305847168
2024-06-04,10.766901969909668,36455800,5.2687,73.25,121802.0,62.531036376953125
2024-06-05,10.656377792358398,35635900,5.2841,74.06999969482422,121407.0,62.32050704956055
2024-06-06,10.886636734008789,34548200,5.2681,75.55000305175781,122899.0,63.34574508666992
2024-06-07,10.64716911315918,32079700,5.2802,75.52999877929688,120767.0,62.24726486206055
2024-06-10,10.55506420135498,23774700,5.3666,77.73999786376953,120760.0,62.47611618041992
2024-06-11,10.499801635742188,20061200,5.3524,77.9000015258789,121635.0,61.496639251708984
2024-06-12,10.380067825317383,40929700,5.3891,78.5,119936.0,61.40510177612305
2024-06-13,10.21428108215332,39287400,5.3974,78.62000274658203,119568.0,61.25863265991211
2024-06-14,10.352436065673828,22356900,5.363,78.44999694824219,119662.0,60.88331985473633
2024-06-17,10.352436065673828,18072300,5.413,80.33000183105469,119138.0,60.407310485839844
2024-06-18,10.36164665222168,37284200,5.4074,81.56999969482422,119630.0,60.65446853637695
2024-06-20,10.389278411865234,29501600,5.4254,82.16999816894531,120446.0,61.25863265991211
2024-06-21,10.389278411865234,53470500,5.4416,80.7300033569336,121341.0,60.78262710571289
2024-06-24,10.426119804382324,32197300,5.4,81.62999725341797,122637.0,60.828392028808594
2024-06-25,10.481382369995117,43592000,5.429,80.83000183105469,122331.0,60.89247131347656
2024-06-26,10.545853614807129,26265300,5.5097,80.9000015258789,122641.0,61.14878845214844
2024-06-27,10.55506420135498,21499700,5.5229,81.73999786376953,124308.0,60.25168991088867
2024-06-28,10.509013175964355,51418600,5.5589,81.54000091552734,123907.0,60.352386474609375
2024-07-01,10.545853614807129,19515400,5.5893,83.37999725341797,124718.0,60.79178237915039
2024-07-02,10.55506420135498,20259500,5.6677,82.80999755859375,124787.0,60.425621032714844
2024-07-03,10.481382369995117,32807200,5.5863,83.87999725341797,125662.0,62.15572738647461
2024-07-05,10.426119804382324,39021700,5.497,83.16000366210938,126267.0,61.91771697998047
2024-07-08,10.36164665222168,28570100,5.472,82.33000183105469,126548.0,61.487483978271484
2024-07-09,10.36164665222168,25686000,5.4387,81.41000366210938,127108.0,61.313560485839844
2024-07-10,10.499801635742188,29040100,5.3967,82.0999984741211,127218.0,61.78041458129883
2024-07-11,10.619536399841309,22185700,5.41,82.62000274658203,128294.0,62.32050704956055
2024-07-12,10.720850944519043,16859800,5.4529,82.20999908447266,128897.0,62.72327423095703
2024-07-15,10.720850944519043,12421100,5.4563,81.91000366210938,129321.0,61.83534240722656
2024-07-16,10.77611255645752,19050600,5.4274,80.76000213623047,129110.0,60.70939636230469
2024-07-17,10.886636734008789,30589900,5.467,82.8499984741211,129450.0,60.2059211730957
2024-07-18,10.748481750488281,30271600,5.5426,82.81999969482422,127652.0,58.92436218261719
2024-07-19,10.803744316101074,22774900,5.5543,80.12999725341797,127616.0,58.384273529052734
2024-07-22,10.87742805480957,23809300,5.5598,79.77999877929688,127860.0,58.57651138305664
2024-07-23,10.8497953414917,20161400,5.5807,76.95999908447266,126590.0,58.15542221069336
2024-07-24,10.859004974365234,22727500,5.6346,77.58999633789062,126423.0,58.11880874633789
2024-07-25,10.914268493652344,21585700,5.6402,78.27999877929688,125954.0,58.88774871826172
2024-07-26,10.941900253295898,23201600,5.6465,77.16000366210938,127492.0,59.55598449707031
2024-07-29,10.886636734008789,38125500,5.6479,75.80999755859375,126954.0,59.2264404296875
2024-07-30,10.720850944519043,29077200,5.6532,74.7300033569336,126139.0,58.15542221069336
2024-07-31,10.66558837890625,66719000,5.6621,77.91000366210938,127652.0,59.64753341674805
2024-08-01,10.81295394897461,37947400,5.6681,76.30999755859375,127395.0,58.11880874633789
2024-08-02,10.93268871307373,29723800,5.7366,73.5199966430664,125854.0,58.2835807800293
2024-08-05,10.914268493652344,28528000,5.7646,72.94000244140625,125270.0,57.642799377441406
2024-08-06,11.061634063720703,27415700,5.6528,73.19999694824219,126267.0,57.72518539428711
2024-08-07,11.522150993347168,48591300,5.6093,75.2300033569336,127514.0,57.24917984008789
2024-08-08,11.383995056152344,28173200,5.6172,76.19000244140625,128661.0,57.59703063964844
2024-08-09,11.466889381408691,19122000,5.5115,76.83999633789062,130615.0,57.88996124267578
2024-08-12,11.411627769470215,17501300,5.4911,80.05999755859375,131116.0,57.954036712646484
2024-08-13,11.577414512634277,30082000,5.4875,78.3499984741211,132398.0,58.3568115234375
2024-08-14,11.56820297241211,22128400,5.4502,76.9800033569336,133318.0,57.15763473510742
2024-08-15,12.001090049743652,48543500,5.4651,78.16000366210938,134153.0,57.44141387939453
2024-08-16,11.98266887664795,39842400,5.4632,76.6500015258789,133953.0,57.724002838134766
2024-08-19,11.98266887664795,29029900,5.4237,74.37000274658203,135778.0,58.854366302490234
2024-08-20,11.918195724487305,16424000,5.4547,74.04000091552734,136087.0,58.4022216796875
2024-08-21,11.918195724487305,24177300,5.4707,71.93000030517578,136464.0,59.71156311035156
2024-08-22,11.973458290100098,25724200,5.5524,73.01000213623047,135173.0,59.09928512573242
2024-08-23,12.047142028808594,33099000,5.5263,74.83000183105469,135608.0,59.363033294677734
2024-08-26,12.047142028808594,20467700,5.4921,77.41999816894531,136889.0,60.02241516113281
2024-08-27,12.001090049743652,22335000,5.4969,75.52999877929688,136776.0,60.28616714477539
2024-08-28,11.927406311035156,21175200,5.5315,74.5199966430664,137344.0,59.34419631958008
2024-08-29,11.844513893127441,17873300,5.6358,75.91000366210938,136041.0,59.645626068115234
2024-08-30,11.844513893127441,50852200,5.6562,73.55000305175781,136004.0,59.59852600097656
2024-09-03,11.789251327514648,19701100,5.6224,70.33999633789062,134353.0,56.83855056762695
2024-09-04,11.964247703552246,22848700,5.6359,69.19999694824219,136111.0,56.603057861328125
2024-09-05,11.945828437805176,14577100,5.6049,69.1500015258789,136502.0,56.88564682006836
2024-09-06,11.964247703552246,20976300,5.5702,67.66999816894531,134572.0,56.24510955810547
2024-09-09,12.074772834777832,35098100,5.6097,68.70999908447266,134737.0,56.5276985168457
2024-09-10,12.194506645202637,27649100,5.6254,65.75,134320.0,56.30162811279297
2024-09-11,12.010299682617188,21490600,5.6387,67.30999755859375,134677.0,57.65806579589844
2024-09-12,11.890564918518066,34492700,5.6554,68.97000122070312,134029.0,58.317447662353516
2024-09-13,11.72477912902832,21946500,5.5717,68.6500015258789,134882.0,58.92030715942383
2024-09-16,11.844513893127441,20765800,5.5207,70.08999633789062,135118.0,59.523170471191406
2024-09-17,11.936616897583008,26068700,5.501,71.19000244140625,134960.0,59.26883316040039
2024-09-18,11.955038070678711,26897100,5.4767,70.91000366210938,133748.0,59.25941848754883
2024-09-19,11.927406311035156,44713200,5.4189,71.94999694824219,133123.0,61.39768981933594
2024-09-20,11.752409934997559,41412300,5.4775,71.91999816894531,131065.0,59.8811149597168
2024-09-23,11.743200302124023,20009400,5.5446,70.37000274658203,130568.0,60.83251190185547
2024-09-24,11.752409934997559,22598600,5.4702,71.55999755859375,132156.0,63.50770568847656
2024-09-25,11.678728103637695,33524600,5.4736,69.69000244140625,131586.0,63.74319839477539
2024-09-26,11.826092720031738,16241400,5.4412,67.66999816894531,133010.0,66.64447784423828
2024-09-27,11.899776458740234,24958600,5.4431,68.18000030517578,132730.0,67.09661865234375
2024-09-30,12.047142028808594,31164900,5.4481,68.16999816894531,131816.0,67.04010009765625
2024-10-01,12.526080131530762,65825500,5.4521,69.83000183105469,132495.0,67.03068542480469
2024-10-02,12.636605262756348,51056800,5.4305,70.0999984741211,133515.0,66.71040344238281
2024-10-03,12.341872215270996,45000000,5.485,73.70999908447266,131672.0,65.77786254882812
2024-10-04,12.231348991394043,36607700,5.4686,74.37999725341797,131792.0,65.65540313720703
2024-10-07,12.130034446716309,20788600,5.4626,77.13999938964844,132018.0,65.58004760742188
2024-10-08,12.047142028808594,35995700,5.5197,73.56999969482422,131512.0,62.791812896728516
2024-10-09,12.047142028808594,28383000,5.5737,73.23999786376953,129962.0,62.49979782104492
2024-10-10,12.074772834777832,19340400,5.5819,75.8499984741211,130353.0,62.96136474609375
2024-10-11,11.862935066223145,31193700,5.6263,75.55999755859375,129992.0,63.328731536865234
2024-10-14,11.899776458740234,21045900,5.6045,73.83000183105469,131005.0,63.771453857421875
2024-10-15,11.862935066223145,33545800,5.6378,70.58000183105469,131043.0,62.61283874511719
2024-10-16,11.918195724487305,34342600,5.6749,70.38999938964844,131750.0,62.12300491333008
2024-10-17,11.844513893127441,18266900,5.6758,70.66999816894531,130793.0,61.31291198730469
2024-10-18,11.862935066223145,19422900,5.6672,69.22000122070312,130499.0,61.56724548339844
2024-10-21,11.816883087158203,28877400,5.7068,70.55999755859375,130362.0,61.18103790283203
2024-10-22,11.807672500610352,34756100,5.6958,72.08999633789062,129721.0,61.6802864074707
2024-10-23,11.743200302124023,22384200,5.7149,70.7699966430664,129233.0,60.74773025512695
2024-10-24,11.816883087158203,19295300,5.7087,70.19000244140625,130067.0,60.86077117919922
2024-10-25,11.743200302124023,19204000,5.6969,71.77999877929688,129893.0,61.49188995361328
2024-10-28,11.87214469909668,20050900,5.6988,67.37999725341797,131213.0,62.33966064453125
2024-10-29,11.955038070678711,21500600,5.714,67.20999908447266,130730.0,62.71644973754883
2024-10-30,11.908987045288086,21176300,5.7801,68.61000061035156,130639.0,62.07591247558594
2024-10-31,11.641885757446289,61215800,5.7779,69.26000213623047,129713.0,61.12451934814453
2024-11-01,11.549781799316406,29027800,5.8073,69.48999786376953,128121.0,61.53899002075195
2024-11-04,11.669517517089844,19442900,5.7898,71.47000122070312,130515.0,61.23755645751953
2024-11-05,11.678728103637695,18352000,5.7846,71.98999786376953,130661.0,61.69912338256836
2024-11-06,11.512941360473633,39053800,5.7648,71.69000244140625,130341.0,61.53899002075195
2024-11-07,11.558992385864258,23946600,5.6624,72.36000061035156,129682.0,63.5548095703125
2024-11-08,11.356365203857422,35013400,5.7648,70.37999725341797,127830.0,60.69121551513672
2024-11-11,11.522150993347168,20684800,5.798,68.04000091552734,127874.0,58.967403411865234
2024-11-12,11.586624145507812,26899600,5.7694,68.12000274658203,127698.0,57.64864730834961
2024-11-13,11.72477912902832,30341700,5.7713,68.43000030517578,127734.0,57.10230255126953
2024-11-14,11.641885757446289,38027500,5.7885,68.69999694824219,127792.0,56.9233283996582
2024-11-18,11.439258575439453,37251000,5.7603,69.16000366210938,127768.0,58.5152587890625
2024-11-19,11.448470115661621,28564100,5.7743,69.38999938964844,128197.0,58.807273864746094
2024-11-21,11.411627769470215,18400700,5.8173,70.0999984741211,126922.0,58.93914794921875
2024-11-22,11.678728103637695,24116600,5.8124,71.23999786376953,129126.0,58.731910705566406
2024-11-25,11.549781799316406,22015800,5.8002,68.94000244140625,129036.0,59.325355529785156
2024-11-26,11.614255905151367,16924800,5.799,68.7699966430664,129922.0,58.43048095703125
2024-11-27,11.558992385864258,48572000,5.8291,68.72000122070312,127669.0,58.703651428222656
2024-11-29,11.72477912902832,62396000,6.0535,68.0,125668.0,59.193477630615234
2024-12-02,12.203717231750488,87464600,6.0634,68.0999984741211,125236.0,59.59852600097656
2024-12-03,12.756338119506836,72892200,6.0707,69.94000244140625,126139.0,59.82460021972656
2024-12-04,12.830021858215332,50659000,6.0581,68.54000091552734,126087.0,59.71156311035156
2024-12-05,13.281329154968262,38794000,5.9849,68.30000305175781,127858.0,59.834022521972656
2024-12-06,13.097122192382812,46449200,6.0293,67.19999694824219,125946.0,58.50584411621094
2024-12-09,13.087911605834961,25321800,6.057,68.37000274658203,127210.0,61.12451934814453
2024-12-10,13.143174171447754,22942500,6.0529,68.58999633789062,128228.0,61.0585823059082
2024-12-11,12.710287094116211,49150600,6.032,70.29000091552734,129593.0,61.20930099487305
2024-12-12,12.065563201904297,49616900,5.9408,70.0199966430664,126042.0,59.76808166503906
2024-12-13,12.047142028808594,30867900,6.04,71.29000091552734,124612.0,58.60003662109375
2024-12-16,11.826092720031738,32095500,6.0509,70.70999908447266,123560.0,57.705162048339844
2024-12-17,12.065563201904297,39564500,6.1685,70.08000183105469,124698.0,57.893558502197266
2024-12-18,11.752409934997559,40864200,6.1624,70.58000183105469,120772.0,55.89657974243164
2024-12-19,11.770831108093262,38104000,6.1841,69.91000366210938,121188.0,55.32197570800781
2024-12-20,11.885113716125488,86074600,6.078,69.45999908447266,122102.0,55.23719787597656
2024-12-23,11.875396728515625,40181700,6.1612,69.23999786376953,120767.0,55.792964935302734
2024-12-26,11.797653198242188,21166800,6.1656,69.62000274658203,121078.0,55.81180191040039
2024-12-27,11.729626655578613,37624000,6.1991,70.5999984741211,120269.0,55.58572769165039
2024-12-30,11.408931732177734,38907400,6.1923,70.98999786376953,120283.0,55.190101623535156
2025-01-02,11.272880554199219,33417900,6.2086,73.12999725341797,120125.0,55.359657287597656
2025-01-03,11.010494232177734,41365900,6.1563,73.95999908447266,118533.0,55.199520111083984
2025-01-06,10.971622467041016,50881500,6.1119,73.55999755859375,120022.0,54.992286682128906
2025-01-07,11.21457290649414,34905200,6.0741,74.25,121163.0,54.81330871582031
2025-01-08,11.097956657409668,39248800,6.1321,73.31999969482422,119625.0,55.227779388427734
2025-01-10,10.845288276672363,31277300,6.0965,76.56999969482422,118856.0,55.425594329833984
2025-01-13,10.923032760620117,28945300,6.1079,78.81999969482422,119007.0,56.06613540649414
2025-01-14,10.893878936767578,42625300,6.0671,77.5,119299.0,56.87622833251953
2025-01-15,11.068802833557129,45380700,6.0377,80.04000091552734,122650.0,56.95158767700195
2025-01-16,10.767544746398926,29298500,6.0322,78.68000030517578,121234.0,56.320465087890625
2025-01-17,10.777263641357422,51433600,6.0609,77.87999725341797,122350.0,57.554447174072266
2025-01-21,10.93274974822998,26293900,6.044,75.88999938964844,123338.0,58.147891998291016
2025-01-22,10.709237098693848,44993500,5.9674,75.44000244140625,122972.0,57.57328796386719
2025-01-23,10.738390922546387,35708100,5.9399,74.62000274658203,122483.0,57.98775863647461
2025-01-24,10.563467025756836,44514500,5.8925,74.66000366210938,122447.0,58.487003326416016
2025-01-27,10.806416511535645,34876400,5.9272,73.16999816894531,124862.0,58.37396240234375
2025-01-28,10.796697616577148,39022900,5.893,73.7699966430664,124056.0,56.4240837097168
2025-01-29,10.660646438598633,26199700,5.8596,72.62000274658203,123432.0,56.25453186035156
2025-01-30,10.796697616577148,22347200,5.9006,72.7300033569336,126913.0,57.37547302246094
2025-01-31,10.786981582641602,26952000,5.8301,72.52999877929688,126135.0,56.90448760986328
2025-02-03,10.718955039978027,29524300,5.8687,73.16000366210938,125970.0,56.376983642578125
2025-02-04,10.592619895935059,23133400,5.7927,72.69999694824219,125147.0,57.64864730834961
2025-02-05,10.514875411987305,44675800,5.7997,71.02999877929688,125534.0,57.808780670166016
2025-02-06,10.55374813079834,24218200,5.7856,70.61000061035156,126225.0,58.58119583129883
2025-02-07,10.54403018951416,33491500,5.7557,71.0,124619.0,58.355125427246094
2025-02-10,10.660646438598633,50519600,5.7808,72.31999969482422,125572.0,58.637718200683594
2025-02-11,10.65092945098877,35802500,5.7788,73.31999969482422,126522.0,58.072532653808594
2025-02-12,10.612056732177734,39414800,5.7711,71.37000274658203,124380.0,58.439903259277344
2025-02-13,10.670363426208496,21078300,5.7788,71.29000091552734,124850.0,59.617366790771484
2025-02-14,10.816134452819824,34084700,5.7283,70.73999786376953,128219.0,59.68330764770508
2025-02-18,10.777263641357422,18776800,5.6979,71.8499984741211,128532.0,60.45572280883789
2025-02-19,10.660646438598633,16856200,5.7087,72.25,127309.0,59.11811828613281
2025-02-20,10.72867202758789,24406000,5.7019,72.56999969482422,127601.0,60.5593376159668
2025-02-21,10.806416511535645,34245000,5.7027,70.4000015258789,127128.0,59.843441009521484
2025-02-24,10.718955039978027,28954600,5.7258,70.69999694824219,125401.0,59.09928512573242
2025-02-25,10.777263641357422,24354400,5.7779,68.93000030517578,125980.0,58.50584411621094
2025-02-26,11.370059967041016,79612200,5.7757,68.62000274658203,124769.0,58.006595611572266
2025-02-27,11.972576141357422,66169900,5.8228,70.3499984741211,124799.0,57.187076568603516
2025-02-28,11.875396728515625,79761000,5.8488,69.76000213623047,122799.0,57.04578399658203
2025-03-05,12.419605255126953,54086900,5.7914,66.30999755859375,123047.0,60.0506706237793
2025-03-06,12.487631797790527,40524500,5.7489,66.36000061035156,123358.0,60.229644775390625
2025-03-07,12.73058032989502,30190400,5.7688,67.04000091552734,125035.0,60.8349723815918
2025-03-10,12.750017166137695,27718600,5.793,66.02999877929688,124519.0,60.73733901977539
2025-03-11,12.49734878540039,32659900,5.8346,66.25,123507.0,60.385860443115234
2025-03-12,12.662554740905762,38219900,5.8268,67.68000030517578,123864.0,59.341190338134766
2025-03-13,12.954094886779785,35316500,5.8131,66.55000305175781,125637.0,59.751251220703125
2025-03-14,13.255352973937988,41772200,5.7419,67.18000030517578,128957.0,61.547691345214844
2025-03-17,13.311856269836426,49697100,5.7082,67.58000183105469,130834.0,61.96751403808594
2025-03-18,13.292237281799316,31311700,5.6852,66.9000015258789,131475.0,62.62165069580078
2025-03-19,13.419764518737793,35578000,5.6657,67.16000366210938,132508.0,62.34828186035156
2025-03-20,13.341286659240723,18669000,5.6628,68.26000213623047,131955.0,61.4305305480957
2025-03-21,13.468812942504883,28909800,5.7241,68.27999877929688,132345.0,60.52254867553711
2025-03-24,13.282427787780762,21122400,5.7403,69.11000061035156,131321.0,60.69828414916992
2025-03-25,13.341286659240723,20685600,5.6992,69.0,132068.0,61.32313919067383
2025-03-26,13.125471115112305,29019200,5.7298,69.6500015258789,132520.0,61.3817138671875
2025-03-27,13.203948974609375,20680800,5.7474,69.91999816894531,133149.0,60.864261627197266
2025-03-28,13.174519538879395,37767300,5.766,69.36000061035156,131902.0,59.58527374267578
2025-03-31,13.24318790435791,41452600,5.7422,71.4800033569336,130260.0,58.65776443481445
2025-04-01,13.351095199584961,31317800,5.7051,71.19999694824219,131147.0,58.8042106628418
2025-04-02,13.409955024719238,35788800,5.6923,71.70999908447266,131190.0,58.482025146484375
2025-04-03,13.586530685424805,44926800,5.6067,66.94999694824219,131141.0,57.04682159423828
2025-04-04,13.449193000793457,59559600,5.7777,61.9900016784668,127256.0,53.37582778930664
2025-04-07,12.929276466369629,50069000,5.8877,60.70000076293945,125588.0,53.268436431884766
2025-04-08,12.988134384155273,39798300,5.9368,59.58000183105469,123932.0,51.081459045410156
2025-04-09,13.409955024719238,51912400,6.0605,62.349998474121094,127796.0,54.2935791015625
2025-04-10,13.341286659240723,21741000,5.9115,60.06999969482422,126355.0,53.57109451293945
2025-04-11,13.2235689163208,35635500,5.8737,61.5,127682.0,55.51398849487305
2025-04-14,13.419764518737793,23490300,5.8425,61.529998779296875,129454.0,55.66043472290039
2025-04-15,13.400144577026367,22758200,5.8707,61.33000183105469,129245.0,55.904518127441406
2025-04-16,13.62576961517334,60471500,5.8808,62.470001220703125,128317.0,55.806884765625
2025-04-17,13.73367691040039,56058800,5.8559,64.68000030517578,129650.0,56.79297637939453
2025-04-22,13.753296852111816,28032800,5.7496,64.30999755859375,130464.0,58.208648681640625
2025-04-23,13.782726287841797,35704200,5.688,62.27000045776367,132216.0,58.77492141723633
2025-04-24,13.880823135375977,38150200,5.6738,62.790000915527344,134580.0,60.22964859008789
2025-04-25,13.821965217590332,24152700,5.6846,63.02000045776367,134739.0,59.126399993896484
2025-04-28,14.027970314025879,28336600,5.6681,62.04999923706055,135016.0,59.42905807495117
2025-04-29,14.233975410461426,59612200,5.6467,60.41999816894531,135093.0,59.43882369995117
2025-04-30,14.29283332824707,46988000,5.6608,58.209999084472656,135067.0,57.99386215209961
2025-05-02,13.851394653320312,35468500,5.6394,58.290000915527344,135134.0,58.28675842285156
2025-05-05,13.792536735534668,29153300,5.652,57.130001068115234,133491.0,58.15983581542969
2025-05-06,13.939682006835938,21775000,5.721,59.09000015258789,133516.0,58.3843879699707
2025-05-07,13.998541831970215,23409200,5.7375,58.06999969482422,133398.0,58.59918212890625
2025-05-08,14.096637725830078,45418600,5.686,59.90999984741211,136232.0,57.77906799316406
2025-05-09,14.008349418640137,23513400,5.6511,61.02000045776367,136512.0,58.56012725830078
2025-05-12,14.018159866333008,19557500,5.6822,61.95000076293945,136563.0,59.956275939941406
2025-05-13,13.978920936584473,20625000,5.6262,63.66999816894531,138963.0,60.795921325683594
2025-05-14,13.959300994873047,37228600,5.61,63.150001525878906,138423.0,60.56159973144531
2025-05-15,14.13587760925293,19063200,5.6328,61.619998931884766,139334.0,61.264556884765625
2025-05-16,14.242772102355957,26057600,5.6925,62.4900016784668,139187.0,61.157161712646484
2025-05-19,14.173487663269043,14202200,5.6591,62.689998626708984,139636.0,60.91307830810547
2025-05-20,14.143795013427734,17554600,5.662,62.560001373291016,140110.0,60.766632080078125
2025-05-21,14.015125274658203,16478300,5.6571,61.56999969482422,137881.0,60.51278305053711
2025-05-22,13.955739974975586,18062800,5.639,61.20000076293945,137273.0,59.67314147949219
2025-05-23,14.094306945800781,16090900,5.6932,61.529998779296875,137824.0,60.12225341796875
2025-05-27,14.054716110229492,15568200,5.6539,60.88999938964844,139541.0,59.3607177734375
2025-05-28,13.955739974975586,12853200,5.6936,61.84000015258789,138888.0,58.53084182739258
2025-05-29,13.916149139404297,12528800,5.6559,60.939998626708984,138534.0,58.77492141723633
2025-05-30,13.886455535888672,38207300,5.7087,60.790000915527344,137027.0,58.02314758300781
2025-06-02,13.767683029174805,15049400,5.6937,62.52000045776367,136787.0,58.16960144042969
2025-06-03,13.866660118103027,18971700,5.6694,63.40999984741211,137546.0,57.456878662109375
2025-06-04,13.935943603515625,19154800,5.6332,62.849998474121094,137002.0,57.163978576660156
2025-06-05,13.728092193603516,20132900,5.5969,63.369998931884766,136236.0,57.837650299072266
2025-06-06,13.935943603515625,26987600,5.5947,64.58000183105469,136102.0,57.63261795043945
2025-06-09,13.817172050476074,17173900,5.576,65.29000091552734,135699.0,57.90599060058594
2025-06-10,13.658808708190918,23640900,5.5557,64.9800033569336,136436.0,58.06220245361328
2025-06-11,13.767683029174805,22849900,5.539,68.1500015258789,137128.0,57.437355041503906
2025-06-12,13.658808708190918,14788400,5.5388,68.04000091552734,137800.0,57.2909049987793
2025-06-13,13.500446319580078,28248400,5.5652,72.9800033569336,137213.0,56.62699890136719
2025-06-16,13.540037155151367,27978300,5.5123,71.7699966430664,139256.0,56.929664611816406
2025-06-17,13.332184791564941,32452200,5.4773,74.83999633789062,138840.0,55.66043472290039
2025-06-18,13.351980209350586,37567000,5.4879,75.13999938964844,138717.0,55.59209060668945
2025-06-20,13.391571044921875,39451400,5.4957,74.93000030517578,137116.0,54.56694793701172
2025-06-23,13.4212646484375,27562100,5.5213,68.51000213623047,136551.0,55.73854446411133
2025-06-24,13.37177562713623,26798300,5.4938,64.37000274658203,137165.0,55.83617401123047
2025-06-25,13.015459060668945,50901200,5.5427,64.91999816894531,135767.0,55.36753845214844
2025-06-26,13.183719635009766,36177200,5.5145,65.23999786376953,137114.0,57.19327163696289
2025-06-27,13.015459060668945,27309500,5.4759,65.5199966430664,136866.0,57.349483489990234
2025-06-30,13.183719635009766,34532500,5.4571,65.11000061035156,138855.0,56.94919204711914
2025-07-01,13.2431058883667,21493700,5.4511,65.44999694824219,139549.0,56.919898986816406
2025-07-02,13.510342597961426,47073600,5.4512,67.44999694824219,139051.0,58.755393981933594
2025-07-03,13.342082023620605,15694900,5.4208,67.0,140928.0,57.62285614013672
2025-07-07,13.262900352478027,23165300,5.4552,67.93000030517578,139490.0,56.295047760009766
2025-07-08,13.2431058883667,32803300,5.4571,68.33000183105469,139303.0,57.339717864990234
2025-07-09,13.173822402954102,31299800,5.4626,68.37999725341797,137481.0,57.320194244384766
2025-07-10,13.094639778137207,26865400,5.5433,66.56999969482422,136743.0,58.67728805541992
2025-07-11,13.19361686706543,40755100,5.5722,68.44999694824219,136187.0,59.65361404418945
2025-07-14,13.154026985168457,36420400,5.5595,66.9800033569336,135299.0,58.40391540527344
2025-07-15,13.134231567382812,27675300,5.5576,66.5199966430664,135250.0,57.08587646484375
2025-07-16,13.540037155151367,48903600,5.5722,66.37999725341797,135511.0,58.3062858581543
2025-07-17,13.322287559509277,19213600,5.5737,67.54000091552734,135565.0,58.608943939208984
2025-07-18,13.183719635009766,23902900,5.5466,67.33999633789062,133382.0,59.10687255859375
2025-07-21,13.282696723937988,21355000,5.5625,67.19999694824219,134167.0,60.58112716674805
2025-07-22,13.262900352478027,22285900,5.5709,66.20999908447266,134036.0,62.80715560913086
2025-07-23,13.450957298278809,15345700,5.5537,65.25,135368.0,63.090293884277344
2025-07-24,13.361878395080566,8292700,5.5239,66.02999877929688,133808.0,62.318992614746094
2025-07-25,13.332184791564941,15436100,5.5426,65.16000366210938,133524.0,61.60626983642578
2025-07-28,12.926380157470703,56671100,5.5877,66.70999908447266,132129.0,60.717811584472656
2025-07-29,13.055048942565918,20942500,5.5764,69.20999908447266,132726.0,60.795921325683594
2025-07-30,13.015459060668945,25805400,5.6034,70.0,133990.0,58.081729888916016
2025-07-31,12.332518577575684,116074600,5.6021,69.26000213623047,133071.0,58.3551025390625
2025-08-01,12.164258003234863,34261300,5.5436,67.33000183105469,132437.0,58.23794174194336
2025-08-04,12.283029556274414,16396200,5.5113,66.29000091552734,132971.0,58.579654693603516
2025-08-05,12.233541488647461,33909800,5.5119,65.16000366210938,133151.0,58.28675842285156
2025-08-06,12.352313041687012,43866000,5.4802,64.3499984741211,134538.0,58.66752624511719
2025-08-07,12.411700248718262,34814900,5.4638,63.880001068115234,136528.0,59.33142852783203
2025-08-08,12.369999885559082,24174500,5.4254,63.880001068115234,135913.0,60.395626068115234
2025-08-11,12.3100004196167,50587800,5.4473,63.959999084472656,135623.0,60.66899490356445
2025-08-12,12.229999542236328,21327300,5.4052,63.16999816894531,137914.0,61.60626983642578
2025-08-13,12.119999885559082,42653700,5.3928,62.650001525878906,136687.0,62.06514358520508
2025-08-14,12.020000457763672,21777500,5.4095,63.959999084472656,136356.0,61.040000915527344
2025-08-15,12.039999961853027,22229200,5.3928,62.79999923706055,136341.0,61.2400016784668
2025-08-18,12.069999694824219,18813900,5.4155,63.41999816894531,137322.0,60.36000061035156
2025-08-19,12.069999694824219,29267000,5.4716,62.349998474121094,134432.0,60.59000015258789
2025-08-20,12.100000381469727,21759200,5.4726,63.209999084472656,134667.0,60.619998931884766
2025-08-21,12.0600004196167,17547700,5.4828,63.52000045776367,134511.0,61.29999923706055
2025-08-22,12.210000038146973,16592500,5.4392,63.65999984741211,137968.0,62.689998626708984
2025-08-25,12.119999885559082,10382300,5.4174,64.80000305175781,138025.0,62.33000183105469
2025-08-26,12.180000305175781,27024300,5.4218,63.25,137771.0,61.95000076293945
2025-08-27,12.149999618530273,23328100,5.4428,64.1500015258789,139206.0,62.11000061035156
2025-08-28,12.25,25303600,5.4115,64.5999984741211,141049.0,62.880001068115234
2025-08-29,12.350000381469727,22696900,5.4264,64.01000213623047,141422.0,62.720001220703125
