Date,Close_ELET3,Volume_ELET3,Close_Dolar,Close_Petroleo,Close_Ibovespa,Close_Minerio
2023-09-05,31.69611930847168,9380400,4.9705,86.69000244140625,117331.0,55.72749710083008
2023-09-06,31.015361785888672,8307800,4.9762,87.54000091552734,115985.0,55.64838790893555
2023-09-08,31.1968994140625,8019300,4.9835,87.51000213623047,115313.0,53.81131362915039
2023-09-11,31.904890060424805,6593700,4.9366,87.29000091552734,116883.0,55.62201690673828
2023-09-12,32.5674934387207,6381000,4.9505,88.83999633789062,117968.0,55.542903900146484
2023-09-13,33.08487319946289,16799900,4.9171,88.5199966430664,118176.0,55.472591400146484
2023-09-14,33.18471908569336,6049700,4.8751,90.16000366210938,119392.0,58.03921890258789
2023-09-15,32.44042205810547,9574000,4.8689,90.7699966430664,118758.0,57.88099670410156
2023-09-18,32.3133430480957,4112500,4.8535,91.4800033569336,118288.0,57.37118911743164
2023-09-19,32.15904235839844,5249600,4.8575,91.19999694824219,117846.0,57.4942512512207
2023-09-20,32.78533935546875,4854400,4.8487,90.27999877929688,118695.0,57.59093475341797
2023-09-21,31.72335433959961,9050300,4.9229,89.62999725341797,116145.0,56.02635192871094
2023-09-22,32.004730224609375,6557600,4.9131,90.02999877929688,116009.0,56.31641387939453
2023-09-25,32.55841827392578,6626900,4.9606,89.68000030517578,115925.0,55.43743133544922
2023-09-26,32.85795211791992,17520300,4.9717,90.38999938964844,114193.0,54.50570297241211
2023-09-27,32.13180923461914,9902300,5.0289,93.68000030517578,114327.0,54.77819061279297
2023-09-28,32.93964385986328,8945000,5.0475,91.70999908447266,115731.0,56.07029724121094
2023-09-29,33.4842529296875,7996700,5.0076,90.79000091552734,116565.0,55.93844985961914
2023-10-02,32.87610626220703,3539200,5.0679,88.81999969482422,115057.0,55.112205505371094
2023-10-03,32.04104232788086,7583000,5.11,89.2300033569336,113419.0,53.96073532104492
2023-10-04,32.13180923461914,4736400,5.1526,84.22000122070312,113607.0,53.16086196899414
2023-10-05,31.69611930847168,8262300,5.1713,82.30999755859375,113284.0,53.53003692626953
2023-10-06,31.587202072143555,8779000,5.1918,82.79000091552734,114170.0,54.496917724609375
2023-10-09,32.17719650268555,5007400,5.1666,86.37999725341797,115156.0,53.872840881347656
2023-10-10,32.921485900878906,6033800,5.0862,85.97000122070312,116737.0,54.9539909362793
2023-10-11,33.15748596191406,3738400,5.0496,83.48999786376953,117051.0,55.340736389160156
2023-10-13,32.104576110839844,5078900,5.0625,87.69000244140625,115754.0,54.8309326171875
2023-10-16,32.32242202758789,3925400,5.0618,86.66000366210938,116534.0,56.3779411315918
2023-10-17,31.687049865722656,5550400,5.0384,86.66000366210938,115908.0,56.580108642578125
2023-10-18,30.652294158935547,9038800,5.0568,88.31999969482422,114060.0,54.8660888671875
2023-10-19,30.6886043548584,7731800,5.054,89.37000274658203,114004.0,54.40902328491211
2023-10-20,30.96090316772461,8102000,5.0528,88.75,113155.0,53.23118591308594
2023-10-23,31.024442672729492,8163500,5.0164,85.48999786376953,112785.0,53.05538558959961
2023-10-24,31.41474723815918,4192500,5.0065,83.73999786376953,113762.0,54.8660888671875
2023-10-25,31.13336181640625,5491800,4.9981,85.38999938964844,112830.0,55.472591400146484
2023-10-26,31.877655029296875,4795900,5.0055,83.20999908447266,114777.0,55.45500946044922
2023-10-27,31.178743362426758,8203900,4.948,85.54000091552734,113301.0,56.03513717651367
2023-10-30,31.178743362426758,6181600,5.0074,82.30999755859375,112532.0,56.4394645690918
2023-10-31,31.623510360717773,3875600,5.0575,81.0199966430664,113144.0,56.553733825683594
2023-11-01,32.71272277832031,8905800,5.0194,80.44000244140625,115053.0,57.20418930053711
2023-11-03,33.493324279785156,5860700,4.891,80.51000213623047,118160.0,58.27654266357422
2023-11-06,33.6657829284668,5449500,4.8999,80.81999969482422,118487.0,58.610557556152344
2023-11-07,34.228546142578125,12988700,4.867,77.37000274658203,119268.0,56.87016677856445
2023-11-08,34.074241638183594,9680600,4.8855,75.33000183105469,119099.0,56.77347946166992
2023-11-09,33.83824157714844,5715200,4.9007,75.73999786376953,119012.0,56.65921401977539
2023-11-10,33.90178298950195,8666200,4.9219,77.16999816894531,120636.0,57.53819274902344
2023-11-13,34.655155181884766,8907300,4.9247,78.26000213623047,120376.0,57.6436767578125
2023-11-14,35.8260612487793,12645400,4.8682,78.26000213623047,123328.0,59.60380935668945
2023-11-16,36.95158004760742,12225700,4.8575,72.9000015258789,124576.0,59.463165283203125
2023-11-17,36.67927551269531,8570300,4.8849,75.88999938964844,125062.0,59.93782424926758
2023-11-20,37.01511764526367,5394300,4.8723,77.5999984741211,126095.0,60.851966857910156
2023-11-21,36.26174545288086,7571300,4.8806,77.7699966430664,125607.0,61.73973846435547
2023-11-22,36.7155876159668,12745200,4.8968,77.0999984741211,126035.0,61.396934509277344
2023-11-24,36.751888275146484,4892300,4.8927,75.54000091552734,125542.0,61.28266525268555
2023-11-27,37.48711013793945,7594200,4.8951,74.86000061035156,125683.0,60.67616271972656
2023-11-28,37.232967376708984,4784800,4.8867,76.41000366210938,126538.0,61.02775573730469
2023-11-29,36.97880935668945,5095200,4.8933,77.86000061035156,126101.0,60.535526275634766
2023-11-30,37.08773422241211,8643400,4.9355,75.95999908447266,127331.0,60.72889709472656
2023-12-01,37.223880767822266,6252000,4.9191,74.06999969482422,128103.0,62.54840087890625
2023-12-04,36.97880935668945,3904900,4.9091,73.04000091552734,126803.0,60.693748474121094
2023-12-05,37.623260498046875,8120800,4.9522,72.31999969482422,126903.0,60.20151138305664
2023-12-06,37.55972671508789,3695000,4.9031,69.37999725341797,125623.0,60.64100646972656
2023-12-07,37.69587326049805,2801500,4.8949,69.33999633789062,126010.0,61.915531158447266
2023-12-08,37.12403869628906,5636300,4.9158,71.2300033569336,127094.0,61.67820358276367
2023-12-11,37.08773422241211,4638600,4.944,71.31999969482422,126916.0,60.781646728515625
2023-12-12,36.87896728515625,4128500,4.9476,68.61000061035156,126403.0,61.03654861450195
2023-12-13,37.95002365112305,8823800,4.958,69.47000122070312,129465.0,61.933109283447266
2023-12-14,37.795719146728516,8626900,4.8912,71.58000183105469,130842.0,63.44496154785156
2023-12-15,37.01511764526367,8545900,4.9397,71.43000030517578,130197.0,63.68228530883789
2023-12-18,37.723106384277344,7237900,4.9399,72.47000122070312,131084.0,64.01630401611328
2023-12-19,38.03171920776367,5161800,4.8663,73.44000244140625,131851.0,64.86012268066406
2023-12-20,37.40542221069336,8863400,4.8766,74.22000122070312,130804.0,63.69107437133789
2023-12-21,37.7594108581543,3979000,4.8755,73.88999938964844,132182.0,65.0447006225586
2023-12-22,38.095252990722656,4188000,4.8619,73.55999755859375,132753.0,64.8952865600586
2023-12-26,38.20417785644531,2480500,4.8368,75.56999969482422,133533.0,65.20292663574219
2023-12-27,38.33125686645508,2256100,4.8306,74.11000061035156,134194.0,65.72151947021484
2023-12-28,38.512786865234375,4525600,4.8413,71.7699966430664,134185.0,65.51936340332031
2024-01-02,37.88648986816406,3568400,4.8916,70.37999725341797,132697.0,65.27324676513672
2024-01-03,37.84110641479492,3762800,4.9212,72.69999694824219,132834.0,64.649169921875
2024-01-04,37.514339447021484,3017000,4.9188,72.19000244140625,131226.0,64.20088958740234
2024-01-05,37.45079803466797,3085000,4.8899,73.80999755859375,132023.0,63.84928894042969
2024-01-08,37.26926803588867,3643100,4.885,70.7699966430664,132427.0,64.02508544921875
2024-01-09,37.83203125,5202800,4.8937,72.23999786376953,131447.0,62.28470230102539
2024-01-10,38.812320709228516,6540600,4.8901,71.37000274658203,130841.0,61.80126953125
2024-01-11,39.22077560424805,10569600,4.8794,72.0199966430664,130649.0,61.581512451171875
2024-01-12,38.96662521362305,3974800,4.8543,72.68000030517578,130988.0,61.686988830566406
2024-01-16,38.14064025878906,8876500,4.9038,72.4000015258789,129294.0,60.72889709472656
2024-01-17,38.14064025878906,5656000,4.9346,72.55999755859375,128524.0,59.94660949707031
2024-01-18,37.25111389160156,4940400,4.9403,74.08000183105469,127316.0,60.799224853515625
2024-01-19,37.85926055908203,7253200,4.9223,73.41000366210938,127636.0,60.43004608154297
2024-01-22,37.01511764526367,7652200,4.949,75.19000244140625,126602.0,59.137943267822266
2024-01-23,37.242034912109375,8835500,4.9715,74.37000274658203,128263.0,60.4212532043457
2024-01-24,37.278343200683594,6091500,4.9192,75.08999633789062,127816.0,61.133243560791016
2024-01-25,37.33280563354492,3308900,4.9232,77.36000061035156,128169.0,61.616676330566406
2024-01-26,37.08773422241211,2678800,4.9125,78.01000213623047,128967.0,62.205589294433594
2024-01-29,37.096805572509766,4326000,4.9225,76.77999877929688,128503.0,62.45170974731445
2024-01-30,36.49774169921875,4522700,4.9638,77.81999969482422,127402.0,61.70457458496094
2024-01-31,37.04235076904297,7575900,4.9535,75.8499984741211,127752.0,60.887115478515625
2024-02-01,37.7594108581543,7985900,4.935,73.81999969482422,128481.0,61.63425064086914
2024-02-02,36.89712142944336,7050500,4.9471,72.27999877929688,127182.0,60.192726135253906
2024-02-05,37.06050491333008,4361500,5.0053,72.77999877929688,127593.0,59.33131790161133
2024-02-06,39.14816665649414,8967100,4.9687,73.30999755859375,130416.0,60.05208969116211
2024-02-07,39.2026252746582,7119300,4.9608,73.86000061035156,129608.0,60.227882385253906
2024-02-08,38.975704193115234,9381200,4.9804,76.22000122070312,128217.0,59.86750411987305
2024-02-09,39.61107635498047,10496500,4.9717,76.83999633789062,128026.0,59.70049285888672
2024-02-14,39.021087646484375,4615600,4.9723,76.63999938964844,127018.0,58.962154388427734
2024-02-15,38.921241760253906,15974700,4.971,78.02999877929688,127804.0,59.366485595703125
2024-02-16,38.576324462890625,5785400,4.9761,79.19000244140625,128726.0,60.755271911621094
2024-02-20,40.355369567871094,13474100,4.9408,78.18000030517578,129916.0,57.94252395629883
2024-02-21,39.574771881103516,7516800,4.9303,77.91000366210938,130032.0,57.55577850341797
2024-02-22,39.48400115966797,7850400,4.9419,78.61000061035156,130241.0,57.7403678894043
2024-02-23,39.1572380065918,6597300,4.9851,76.48999786376953,129419.0,57.99527359008789
2024-02-26,39.211700439453125,3294800,4.9819,77.58000183105469,129609.0,56.82622528076172
2024-02-27,40.04676055908203,5553500,4.9575,78.87000274658203,131689.0,57.11629104614258
2024-02-28,39.85614776611328,4903200,4.9557,78.54000091552734,130155.0,56.219722747802734
2024-02-29,39.48400115966797,5388800,4.9833,78.26000213623047,129020.0,56.72074508666992
2024-03-01,39.71091842651367,3473400,4.9596,79.97000122070312,129180.0,57.25692367553711
2024-03-04,39.574771881103516,4174800,4.9475,78.73999786376953,128341.0,57.002017974853516
2024-03-05,39.574771881103516,5362300,4.9488,78.1500015258789,128098.0,56.07908630371094
2024-03-06,39.783538818359375,4356300,4.9398,79.12999725341797,128890.0,57.002017974853516
2024-03-07,39.34785079956055,3681200,4.9364,78.93000030517578,128340.0,58.2835807800293
2024-03-08,39.49307632446289,6799300,4.9751,78.01000213623047,127071.0,57.38648986816406
2024-03-11,39.175392150878906,5309400,4.9777,77.93000030517578,126124.0,56.75486373901367
2024-03-12,39.720001220703125,6263900,4.9813,77.55999755859375,127668.0,57.4139518737793
2024-03-13,39.3841552734375,5872800,4.9803,79.72000122070312,128006.0,57.82587814331055
2024-03-14,39.93783950805664,9819000,4.9768,81.26000213623047,127690.0,56.800628662109375
2024-03-15,39.0301628112793,18008200,4.9937,81.04000091552734,126742.0,56.91963195800781
2024-03-18,37.623260498046875,11544600,5.0124,82.72000122070312,126954.0,57.00202178955078
2024-03-19,38.040794372558594,11911100,5.0352,83.47000122070312,127529.0,57.496337890625
2024-03-20,38.54909133911133,6564000,5.012,81.68000030517578,129125.0,58.46665954589844
2024-03-21,38.59447479248047,4897300,4.9807,81.06999969482422,128159.0,58.70466613769531
2024-03-22,38.17694854736328,4334400,4.9897,80.62999725341797,127027.0,57.67026138305664
2024-03-25,38.3675537109375,6247800,4.9869,81.94999694824219,126931.0,58.04557800292969
2024-03-26,38.512786865234375,4078900,4.987,81.62000274658203,126863.0,56.91048049926758
2024-03-27,38.004486083984375,6267200,4.9856,81.3499984741211,127691.0,58.091346740722656
2024-03-28,37.85017776489258,8287600,4.9962,83.16999816894531,128106.0,58.34766387939453
2024-04-01,37.13311767578125,7117700,5.0532,83.70999908447266,126990.0,58.75043487548828
2024-04-02,36.9969596862793,7324200,5.0476,85.1500015258789,127549.0,59.58344268798828
2024-04-03,37.114959716796875,4135300,5.0724,85.43000030517578,127318.0,59.1348991394043
2024-04-04,37.29650115966797,10428000,5.0237,86.58999633789062,127428.0,57.944881439208984
2024-04-05,37.16034698486328,5883100,5.052,86.91000366210938,126795.0,57.67026138305664
2024-04-08,37.61418533325195,4372300,5.0421,86.43000030517578,128857.0,60.48970031738281
2024-04-09,37.75033950805664,6647300,5.008,85.2300033569336,129890.0,61.56986999511719
2024-04-10,36.96065902709961,6453100,5.0654,86.20999908447266,128054.0,60.88331985473633
2024-04-11,35.25422286987305,17852300,5.0765,85.0199966430664,127396.0,60.66361618041992
2024-04-12,35.417606353759766,9449600,5.1364,85.66000366210938,125946.0,60.407310485839844
2024-04-15,34.9365348815918,10144900,5.1746,85.41000366210938,125334.0,61.12132263183594
2024-04-16,34.755001068115234,9366100,5.2635,85.36000061035156,124389.0,60.132694244384766
2024-04-17,34.5553092956543,7784300,5.2469,82.69000244140625,124171.0,61.13047790527344
2024-04-18,34.41915512084961,5995200,5.2512,82.7300033569336,124196.0,61.0389404296875
2024-04-19,34.310237884521484,6967800,5.2269,83.13999938964844,125124.0,61.30440139770508
2024-04-22,34.210391998291016,8686000,5.2043,82.8499984741211,125573.0,61.51494216918945
2024-04-23,33.765628814697266,7605400,5.1626,83.36000061035156,125148.0,61.002315521240234
2024-04-24,33.36625289916992,13125200,5.1592,82.80999755859375,124741.0,62.37542724609375
2024-04-25,33.674861907958984,20827700,5.1679,83.56999969482422,124646.0,62.04587936401367
2024-04-26,34.2194709777832,13657700,5.1184,83.8499984741211,126526.0,62.46696090698242
2024-04-29,34.52573776245117,10734900,5.1155,82.62999725341797,127352.0,63.17182159423828
2024-04-30,34.736759185791016,9286500,5.1718,81.93000030517578,125924.0,62.09164810180664
2024-05-02,35.213863372802734,8554200,5.1184,78.94999694824219,127122.0,62.50357437133789
2024-05-03,35.73684310913086,7845400,5.0668,78.11000061035156,128509.0,63.10774230957031
2024-05-06,35.94786834716797,4060100,5.0727,78.4800033569336,128466.0,63.913291931152344
2024-05-07,36.149723052978516,5581700,5.061,78.37999725341797,129210.0,64.11468505859375
2024-05-08,36.32404327392578,4409100,5.0887,78.98999786376953,129481.0,63.18096923828125
2024-05-09,34.96613693237305,13663300,5.1577,79.26000213623047,128188.0,64.07806396484375
2024-05-10,34.74593734741211,7568500,5.1464,78.26000213623047,127600.0,63.89498519897461
2024-05-13,34.81016159057617,4580400,5.1412,79.12000274658203,128155.0,63.93160629272461
2024-05-14,35.08541488647461,5576700,5.1356,78.0199966430664,128515.0,63.79429626464844
2024-05-15,35.030364990234375,7284900,5.1423,78.62999725341797,128028.0,64.3801498413086
2024-05-16,35.25973892211914,5883800,5.127,79.2300033569336,128284.0,65.82648468017578
2024-05-17,35.04871368408203,6330500,5.1157,80.05999755859375,128151.0,67.3826675415039
2024-05-20,33.81007766723633,13120500,5.1085,79.80000305175781,127751.0,67.1812744140625
2024-05-21,34.452335357666016,14682900,5.1037,79.26000213623047,127412.0,67.263671875
2024-05-22,33.250404357910156,13064300,5.1502,77.56999969482422,125650.0,66.1102523803711
2024-05-23,33.158653259277344,5375400,5.1443,76.87000274658203,124729.0,65.37793731689453
2024-05-24,33.21370315551758,3826100,5.1508,77.72000122070312,124306.0,65.77156066894531
2024-05-28,32.90174865722656,6326700,5.1538,79.83000183105469,123780.0,64.86531066894531
2024-05-29,32.38794708251953,3998000,5.1972,79.2300033569336,122707.0,63.6478271484375
2024-05-31,31.920021057128906,10888400,5.2416,76.98999786376953,122098.0,64.16960906982422
2024-06-03,32.52557373046875,4750200,5.2373,74.22000122070312,122032.0,63.5471305847168
2024-06-04,32.80999755859375,7592000,5.2687,73.25,121802.0,62.531036376953125
2024-06-05,33.1219482421875,6459700,5.2841,74.06999969482422,121407.0,62.32050704956055
2024-06-06,33.52565383911133,6034300,5.2681,75.55000305175781,122899.0,63.34574508666992
2024-06-07,32.78247833251953,7556700,5.2802,75.52999877929688,120767.0,62.24726486206055
2024-06-10,33.0118522644043,5790400,5.3666,77.73999786376953,120760.0,62.47611618041992
2024-06-11,33.232051849365234,5320000,5.3524,77.9000015258789,121635.0,61.496639251708984
2024-06-12,32.654022216796875,9833800,5.3891,78.5,119936.0,61.40510177612305
2024-06-13,32.64484786987305,4325900,5.3974,78.62000274658203,119568.0,61.25863265991211
2024-06-14,32.74577331542969,7387000,5.363,78.44999694824219,119662.0,60.88331985473633
2024-06-17,32.241146087646484,6107000,5.413,80.33000183105469,119138.0,60.407310485839844
2024-06-18,32.140220642089844,6425900,5.4074,81.56999969482422,119630.0,60.65446853637695
2024-06-20,31.644765853881836,8950800,5.4254,82.16999816894531,120446.0,61.25863265991211
2024-06-21,31.82826805114746,10256900,5.4416,80.7300033569336,121341.0,60.78262710571289
2024-06-24,32.10352325439453,6263900,5.4,81.62999725341797,122637.0,60.828392028808594
2024-06-25,31.95672035217285,4572900,5.429,80.83000183105469,122331.0,60.89247131347656
2024-06-26,31.791566848754883,6469300,5.5097,80.9000015258789,122641.0,61.14878845214844
2024-06-27,32.7182502746582,6025600,5.5229,81.73999786376953,124308.0,60.25168991088867
2024-06-28,32.892574310302734,12777300,5.5589,81.54000091552734,123907.0,60.352386474609375
2024-07-01,33.49812698364258,11579800,5.5893,83.37999725341797,124718.0,60.79178237915039
2024-07-02,34.11285400390625,15250300,5.6677,82.80999755859375,124787.0,60.425621032714844
2024-07-03,34.26883316040039,8408800,5.5863,83.87999725341797,125662.0,62.15572738647461
2024-07-05,34.81016159057617,9690600,5.497,83.16000366210938,126267.0,61.91771697998047
2024-07-08,34.75511169433594,6444000,5.472,82.33000183105469,126548.0,61.487483978271484
2024-07-09,35.369834899902344,6961500,5.4387,81.41000366210938,127108.0,61.313560485839844
2024-07-10,35.076236724853516,6719600,5.3967,82.0999984741211,127218.0,61.78041458129883
2024-07-11,35.42489242553711,7075700,5.41,82.62000274658203,128294.0,62.32050704956055
2024-07-12,35.87446594238281,7013100,5.4529,82.20999908447266,128897.0,62.72327423095703
2024-07-15,35.553340911865234,4486200,5.4563,81.91000366210938,129321.0,61.83534240722656
2024-07-16,35.782718658447266,6021400,5.4274,80.76000213623047,129110.0,60.70939636230469
2024-07-17,35.397369384765625,4214500,5.467,82.8499984741211,129450.0,60.2059211730957
2024-07-18,34.50738525390625,8949600,5.5426,82.81999969482422,127652.0,58.92436218261719
2024-07-19,34.03028106689453,6336300,5.5543,80.12999725341797,127616.0,58.384273529052734
2024-07-22,34.71841049194336,6895500,5.5598,79.77999877929688,127860.0,58.57651138305664
2024-07-23,34.17708206176758,6810800,5.5807,76.95999908447266,126590.0,58.15542221069336
2024-07-24,34.22296142578125,6302400,5.6346,77.58999633789062,126423.0,58.11880874633789
2024-07-25,34.516563415527344,6834100,5.6402,78.27999877929688,125954.0,58.88774871826172
2024-07-26,35.20468521118164,7506500,5.6465,77.16000366210938,127492.0,59.55598449707031
2024-07-29,35.03953552246094,6743200,5.6479,75.80999755859375,126954.0,59.2264404296875
2024-07-30,34.856040954589844,6145000,5.6532,74.7300033569336,126139.0,58.15542221069336
2024-07-31,36.30569839477539,14446900,5.6621,77.91000366210938,127652.0,59.64753341674805
2024-08-01,36.847023010253906,8363900,5.6681,76.30999755859375,127395.0,58.11880874633789
2024-08-02,35.18634033203125,11678700,5.7366,73.5199966430664,125854.0,58.2835807800293
2024-08-05,34.58078384399414,8323800,5.7646,72.94000244140625,125270.0,57.642799377441406
2024-08-06,34.44316101074219,7865200,5.6528,73.19999694824219,126267.0,57.72518539428711
2024-08-07,34.7000617980957,5645900,5.6093,75.2300033569336,127514.0,57.24917984008789
2024-08-08,35.43406295776367,6600900,5.6172,76.19000244140625,128661.0,57.59703063964844
2024-08-09,36.571773529052734,9439300,5.5115,76.83999633789062,130615.0,57.88996124267578
2024-08-12,36.168067932128906,5486900,5.4911,80.05999755859375,131116.0,57.954036712646484
2024-08-13,36.50754928588867,3811000,5.4875,78.3499984741211,132398.0,58.3568115234375
2024-08-14,36.83784866333008,6819600,5.4502,76.9800033569336,133318.0,57.15763473510742
2024-08-15,37.15897750854492,6561300,5.4651,78.16000366210938,134153.0,57.44141387939453
2024-08-16,37.012176513671875,7088300,5.4632,76.6500015258789,133953.0,57.724002838134766
2024-08-19,38.10400390625,13552800,5.4237,74.37000274658203,135778.0,58.854366302490234
2024-08-20,37.9847297668457,6194800,5.4547,74.04000091552734,136087.0,58.4022216796875
2024-08-21,38.07648468017578,6466900,5.4707,71.93000030517578,136464.0,59.71156311035156
2024-08-22,37.525978088378906,6652800,5.5524,73.01000213623047,135173.0,59.09928512573242
2024-08-23,38.425132751464844,7826300,5.5263,74.83000183105469,135608.0,59.363033294677734
2024-08-26,38.425132751464844,7476600,5.4921,77.41999816894531,136889.0,60.02241516113281
2024-08-27,37.9847297668457,4275300,5.4969,75.52999877929688,136776.0,60.28616714477539
2024-08-28,38.57193374633789,7491100,5.5315,74.5199966430664,137344.0,59.34419631958008
2024-08-29,37.892982482910156,5994800,5.6358,75.91000366210938,136041.0,59.645626068115234
2024-08-30,38.30585861206055,18601600,5.6562,73.55000305175781,136004.0,59.59852600097656
2024-09-03,38.259979248046875,5407900,5.6224,70.33999633789062,134353.0,56.83855056762695
2024-09-04,39.16831588745117,9845300,5.6359,69.19999694824219,136111.0,56.603057861328125
2024-09-05,38.883888244628906,3918300,5.6049,69.1500015258789,136502.0,56.88564682006836
2024-09-06,38.30585861206055,3609100,5.5702,67.66999816894531,134572.0,56.24510955810547
2024-09-09,38.29668426513672,5687000,5.6097,68.70999908447266,134737.0,56.5276985168457
2024-09-10,38.19575881958008,5736500,5.6254,65.75,134320.0,56.30162811279297
2024-09-11,38.35173416137695,4707200,5.6387,67.30999755859375,134677.0,57.65806579589844
2024-09-12,37.892982482910156,8255000,5.6554,68.97000122070312,134029.0,58.317447662353516
2024-09-13,38.09483337402344,6599300,5.5717,68.6500015258789,134882.0,58.92030715942383
2024-09-16,38.53523635864258,5145400,5.5207,70.08999633789062,135118.0,59.523170471191406
2024-09-17,38.70038604736328,4349400,5.501,71.19000244140625,134960.0,59.26883316040039
2024-09-18,38.342559814453125,7374800,5.4767,70.91000366210938,133748.0,59.25941848754883
2024-09-19,37.80122756958008,10337200,5.4189,71.94999694824219,133123.0,61.39768981933594
2024-09-20,36.63600158691406,14894500,5.4775,71.91999816894531,131065.0,59.8811149597168
2024-09-23,36.28734588623047,5776600,5.5446,70.37000274658203,130568.0,60.83251190185547
2024-09-24,36.37910079956055,8819600,5.4702,71.55999755859375,132156.0,63.50770568847656
2024-09-25,35.92951965332031,6684400,5.4736,69.69000244140625,131586.0,63.74319839477539
2024-09-26,36.45249938964844,6463200,5.4412,67.66999816894531,133010.0,66.64447784423828
2024-09-27,36.2322998046875,5060300,5.4431,68.18000030517578,132730.0,67.09661865234375
2024-09-30,36.103843688964844,6468100,5.4481,68.16999816894531,131816.0,67.04010009765625
2024-10-01,36.039615631103516,5318600,5.4521,69.83000183105469,132495.0,67.03068542480469
2024-10-02,36.06714630126953,6034500,5.4305,70.0999984741211,133515.0,66.71040344238281
2024-10-03,35.213863372802734,9676000,5.485,73.70999908447266,131672.0,65.77786254882812
2024-10-04,35.01201248168945,5938900,5.4686,74.37999725341797,131792.0,65.65540313720703
2024-10-07,35.00284194946289,4414900,5.4626,77.13999938964844,132018.0,65.58004760742188
2024-10-08,35.507469177246094,7209900,5.5197,73.56999969482422,131512.0,62.791812896728516
2024-10-09,35.03953552246094,7155500,5.5737,73.23999786376953,129962.0,62.49979782104492
2024-10-10,34.9936637878418,4730900,5.5819,75.8499984741211,130353.0,62.96136474609375
2024-10-11,34.98448944091797,4151000,5.6263,75.55999755859375,129992.0,63.328731536865234
2024-10-14,35.70931625366211,8025900,5.6045,73.83000183105469,131005.0,63.771453857421875
2024-10-15,35.507469177246094,7015600,5.6378,70.58000183105469,131043.0,62.61283874511719
2024-10-16,34.97531509399414,14134500,5.6749,70.38999938964844,131750.0,62.12300491333008
2024-10-17,34.98448944091797,7525600,5.6758,70.66999816894531,130793.0,61.31291198730469
2024-10-18,34.6541862487793,34577900,5.6672,69.22000122070312,130499.0,61.56724548339844
2024-10-21,35.030364990234375,7498200,5.7068,70.55999755859375,130362.0,61.18103790283203
2024-10-22,35.32396697998047,4492500,5.6958,72.08999633789062,129721.0,61.6802864074707
2024-10-23,34.901912689208984,9048400,5.7149,70.7699966430664,129233.0,60.74773025512695
2024-10-24,35.14046096801758,6577100,5.7087,70.19000244140625,130067.0,60.86077117919922
2024-10-25,34.819339752197266,7737900,5.6969,71.77999877929688,129893.0,61.49188995361328
2024-10-28,35.20468521118164,3182000,5.6988,67.37999725341797,131213.0,62.33966064453125
2024-10-29,34.91108322143555,3195200,5.714,67.20999908447266,130730.0,62.71644973754883
2024-10-30,35.06706237792969,4406400,5.7801,68.61000061035156,130639.0,62.07591247558594
2024-10-31,34.83768844604492,6240900,5.7779,69.26000213623047,129713.0,61.12451934814453
2024-11-01,33.6908073425293,11466800,5.8073,69.48999786376953,128121.0,61.53899002075195
2024-11-04,34.7000617980957,6927300,5.7898,71.47000122070312,130515.0,61.23755645751953
2024-11-05,34.23213577270508,6398800,5.7846,71.98999786376953,130661.0,61.69912338256836
2024-11-06,33.755027770996094,11076700,5.7648,71.69000244140625,130341.0,61.53899002075195
2024-11-07,33.048553466796875,15879600,5.6624,72.36000061035156,129682.0,63.5548095703125
2024-11-08,32.69989776611328,12055000,5.7648,70.37999725341797,127830.0,60.69121551513672
2024-11-11,32.88340377807617,7033000,5.798,68.04000091552734,127874.0,58.967403411865234
2024-11-12,32.36042404174805,7281600,5.7694,68.12000274658203,127698.0,57.64864730834961
2024-11-13,32.580623626708984,18408800,5.7713,68.43000030517578,127734.0,57.10230255126953
2024-11-14,32.736602783203125,8967200,5.7885,68.69999694824219,127792.0,56.9233283996582
2024-11-18,32.571449279785156,10242300,5.7603,69.16000366210938,127768.0,58.5152587890625
2024-11-19,32.69072341918945,13352600,5.7743,69.38999938964844,128197.0,58.807273864746094
2024-11-21,32.22279357910156,6477800,5.8173,70.0999984741211,126922.0,58.93914794921875
2024-11-22,32.35124206542969,5771000,5.8124,71.23999786376953,129126.0,58.731910705566406
2024-11-25,32.8375244140625,18945600,5.8002,68.94000244140625,129036.0,59.325355529785156
2024-11-26,33.443077087402344,11830300,5.799,68.7699966430664,129922.0,58.43048095703125
2024-11-27,32.479698181152344,9123000,5.8291,68.72000122070312,127669.0,58.703651428222656
2024-11-29,31.534666061401367,13241100,6.0535,68.0,125668.0,59.193477630615234
2024-12-02,31.672292709350586,9776300,6.0634,68.0999984741211,125236.0,59.59852600097656
2024-12-03,32.05764389038086,11152000,6.0707,69.94000244140625,126139.0,59.82460021972656
2024-12-04,32.1585693359375,7195400,6.0581,68.54000091552734,126087.0,59.71156311035156
2024-12-05,33.45225143432617,18801500,5.9849,68.30000305175781,127858.0,59.834022521972656
2024-12-06,33.461429595947266,16678500,6.0293,67.19999694824219,125946.0,58.50584411621094
2024-12-09,32.98432540893555,10791300,6.057,68.37000274658203,127210.0,61.12451934814453
2024-12-10,33.433902740478516,6700900,6.0529,68.58999633789062,128228.0,61.0585823059082
2024-12-11,33.72750473022461,11518300,6.032,70.29000091552734,129593.0,61.20930099487305
2024-12-12,32.74577331542969,10129800,5.9408,70.0199966430664,126042.0,59.76808166503906
2024-12-13,32.571449279785156,7797200,6.04,71.29000091552734,124612.0,58.60003662109375
2024-12-16,32.13105010986328,8015600,6.0509,70.70999908447266,123560.0,57.705162048339844
2024-12-17,32.259498596191406,12085500,6.1685,70.08000183105469,124698.0,57.893558502197266
2024-12-18,31.626420974731445,17877200,6.1624,70.58000183105469,120772.0,55.89657974243164
2024-12-19,31.95672035217285,9585900,6.1841,69.91000366210938,121188.0,55.32197570800781
2024-12-20,32.3237190246582,16048900,6.078,69.45999908447266,122102.0,55.23719787597656
2024-12-23,31.883319854736328,6615800,6.1612,69.23999786376953,120767.0,55.792964935302734
2024-12-26,32.075992584228516,5387300,6.1656,69.62000274658203,121078.0,55.81180191040039
2024-12-27,32.11269760131836,7961400,6.1991,70.5999984741211,120269.0,55.58572769165039
2024-12-30,32.10608673095703,6821300,6.1923,70.98999786376953,120283.0,55.190101623535156
2025-01-02,31.983795166015625,10854400,6.2086,73.12999725341797,120125.0,55.359657287597656
2025-01-03,31.560476303100586,14388900,6.1563,73.95999908447266,118533.0,55.199520111083984
2025-01-06,31.96497917175293,8139400,6.1119,73.55999755859375,120022.0,54.992286682128906
2025-01-07,32.14371109008789,4703200,6.0741,74.25,121163.0,54.81330871582031
2025-01-08,32.0872688293457,10582100,6.1321,73.31999969482422,119625.0,55.227779388427734
2025-01-10,32.124900817871094,9776100,6.0965,76.56999969482422,118856.0,55.425594329833984
2025-01-13,31.95557403564453,4631500,6.1079,78.81999969482422,119007.0,56.06613540649414
2025-01-14,32.07786178588867,15795700,6.0671,77.5,119299.0,56.87622833251953
2025-01-15,33.08441162109375,9517800,6.0377,80.04000091552734,122650.0,56.95158767700195
2025-01-16,32.43532943725586,6111800,6.0322,78.68000030517578,121234.0,56.320465087890625
2025-01-17,32.783390045166016,13941600,6.0609,77.87999725341797,122350.0,57.554447174072266
2025-01-21,33.14085388183594,3889500,6.044,75.88999938964844,123338.0,58.147891998291016
2025-01-22,33.037376403808594,4662700,5.9674,75.44000244140625,122972.0,57.57328796386719
2025-01-23,32.81161117553711,4522100,5.9399,74.62000274658203,122483.0,57.98775863647461
2025-01-24,32.89627456665039,4957800,5.8925,74.66000366210938,122447.0,58.487003326416016
2025-01-27,34.01570510864258,9041900,5.9272,73.16999816894531,124862.0,58.37396240234375
2025-01-28,33.846378326416016,4475800,5.893,73.7699966430664,124056.0,56.4240837097168
2025-01-29,33.29136657714844,5602600,5.8596,72.62000274658203,123432.0,56.25453186035156
2025-01-30,34.335540771484375,7400100,5.9006,72.7300033569336,126913.0,57.37547302246094
2025-01-31,33.949859619140625,7849700,5.8301,72.52999877929688,126135.0,56.90448760986328
2025-02-03,34.3825798034668,9939100,5.8687,73.16000366210938,125970.0,56.376983642578125
2025-02-04,33.96866989135742,7971600,5.7927,72.69999694824219,125147.0,57.64864730834961
2025-02-05,33.78993606567383,6391500,5.7997,71.02999877929688,125534.0,57.808780670166016
2025-02-06,33.39484405517578,5247200,5.7856,70.61000061035156,126225.0,58.58119583129883
2025-02-07,32.6893196105957,8734800,5.7557,71.0,124619.0,58.355125427246094
2025-02-10,33.281959533691406,6668400,5.7808,72.31999969482422,125572.0,58.637718200683594
2025-02-11,33.92163848876953,5862300,5.7788,73.31999969482422,126522.0,58.072532653808594
2025-02-12,33.74290466308594,14092900,5.7711,71.37000274658203,124380.0,58.439903259277344
2025-02-13,34.194435119628906,7662000,5.7788,71.29000091552734,124850.0,59.617366790771484
2025-02-14,35.313873291015625,10532600,5.7283,70.73999786376953,128219.0,59.68330764770508
2025-02-18,35.94413757324219,16311200,5.6979,71.8499984741211,128532.0,60.45572280883789
2025-02-19,35.67133712768555,7554400,5.7087,72.25,127309.0,59.11811828613281
2025-02-20,35.426753997802734,5253000,5.7019,72.56999969482422,127601.0,60.5593376159668
2025-02-21,35.360904693603516,13050400,5.7027,70.4000015258789,127128.0,59.843441009521484
2025-02-24,34.88115310668945,9118500,5.7258,70.69999694824219,125401.0,59.09928512573242
2025-02-25,35.398536682128906,6349200,5.7779,68.93000030517578,125980.0,58.50584411621094
2025-02-26,35.229209899902344,6941700,5.7757,68.62000274658203,124769.0,58.006595611572266
2025-02-27,35.04106903076172,5911200,5.8228,70.3499984741211,124799.0,57.187076568603516
2025-02-28,35.953548431396484,27786100,5.8488,69.76000213623047,122799.0,57.04578399658203
2025-03-05,35.97236251831055,6534400,5.7914,66.30999755859375,123047.0,60.0506706237793
2025-03-06,36.37685775756836,7619900,5.7489,66.36000061035156,123358.0,60.229644775390625
2025-03-07,36.66847610473633,7677400,5.7688,67.04000091552734,125035.0,60.8349723815918
2025-03-10,36.9412841796875,10568800,5.793,66.02999877929688,124519.0,60.73733901977539
2025-03-11,36.677886962890625,5873300,5.8346,66.25,123507.0,60.385860443115234
2025-03-12,36.8095817565918,6412900,5.8268,67.68000030517578,123864.0,59.341190338134766
2025-03-13,37.599769592285156,8370900,5.8131,66.55000305175781,125637.0,59.751251220703125
2025-03-14,37.98545837402344,13541000,5.7419,67.18000030517578,128957.0,61.547691345214844
2025-03-17,38.03249740600586,7135400,5.7082,67.58000183105469,130834.0,61.96751403808594
2025-03-18,38.24885559082031,5474600,5.6852,66.9000015258789,131475.0,62.62165069580078
2025-03-19,39.45294952392578,12631900,5.6657,67.16000366210938,132508.0,62.34828186035156
2025-03-20,39.706939697265625,12183000,5.6628,68.26000213623047,131955.0,61.4305305480957
2025-03-21,39.44354248046875,12639100,5.7241,68.27999877929688,132345.0,60.52254867553711
2025-03-24,39.20836639404297,10342500,5.7403,69.11000061035156,131321.0,60.69828414916992
2025-03-25,39.35887908935547,5743300,5.6992,69.0,132068.0,61.32313919067383
2025-03-26,39.14251708984375,6607100,5.7298,69.6500015258789,132520.0,61.3817138671875
2025-03-27,39.1989631652832,7653100,5.7474,69.91999816894531,133149.0,60.864261627197266
2025-03-28,38.61573028564453,10262600,5.766,69.36000061035156,131902.0,59.58527374267578
2025-03-31,38.37114715576172,9135400,5.7422,71.4800033569336,130260.0,58.65776443481445
2025-04-01,38.37114715576172,8395400,5.7051,71.19999694824219,131147.0,58.8042106628418
2025-04-02,38.28648376464844,12134700,5.6923,71.70999908447266,131190.0,58.482025146484375
2025-04-03,38.916748046875,7964100,5.6067,66.94999694824219,131141.0,57.04682159423828
2025-04-04,38.43699645996094,14313100,5.7777,61.9900016784668,127256.0,53.37582778930664
2025-04-07,38.24885559082031,10793800,5.8877,60.70000076293945,125588.0,53.268436431884766
2025-04-08,38.61573028564453,9105300,5.9368,59.58000183105469,123932.0,51.081459045410156
2025-04-09,39.15192413330078,9081200,6.0605,62.349998474121094,127796.0,54.2935791015625
2025-04-10,39.0484504699707,6629300,5.9115,60.06999969482422,126355.0,53.57109451293945
2025-04-11,39.00141143798828,6319300,5.8737,61.5,127682.0,55.51398849487305
2025-04-14,39.772789001464844,10202400,5.8425,61.529998779296875,129454.0,55.66043472290039
2025-04-15,39.26481246948242,7147700,5.8707,61.33000183105469,129245.0,55.904518127441406
2025-04-16,38.58750534057617,13394600,5.8808,62.470001220703125,128317.0,55.806884765625
2025-04-17,39.63168716430664,11111400,5.8559,64.68000030517578,129650.0,56.79297637939453
2025-04-22,39.565834045410156,5020700,5.7496,64.30999755859375,130464.0,58.208648681640625
2025-04-23,39.998558044433594,6833900,5.688,62.27000045776367,132216.0,58.77492141723633
2025-04-24,41.334346771240234,9922000,5.6738,62.790000915527344,134580.0,60.22964859008789
2025-04-25,40.85459518432617,9538800,5.6846,63.02000045776367,134739.0,59.126399993896484
2025-04-28,40.97688674926758,8154700,5.6681,62.04999923706055,135016.0,59.42905807495117
2025-04-29,41.306129455566406,5920500,5.6467,60.41999816894531,135093.0,59.43882369995117
2025-04-30,42.2042121887207,10061200,5.6608,58.209999084472656,135067.0,57.99386215209961
2025-05-02,42.72276306152344,8019000,5.6394,58.290000915527344,135134.0,58.28675842285156
2025-05-05,41.484004974365234,7605100,5.652,57.130001068115234,133491.0,58.15983581542969
2025-05-06,41.40718078613281,5813300,5.721,59.09000015258789,133516.0,58.3843879699707
2025-05-07,41.17671585083008,3758800,5.7375,58.06999969482422,133398.0,58.59918212890625
2025-05-08,41.69526290893555,9077600,5.686,59.90999984741211,136232.0,57.77906799316406
2025-05-09,41.75288009643555,6671300,5.6511,61.02000045776367,136512.0,58.56012725830078
2025-05-12,41.1959228515625,6207100,5.6822,61.95000076293945,136563.0,59.956275939941406
2025-05-13,41.60884094238281,6534000,5.6262,63.66999816894531,138963.0,60.795921325683594
2025-05-14,41.46479797363281,4523600,5.61,63.150001525878906,138423.0,60.56159973144531
2025-05-15,40.13001251220703,15644600,5.6328,61.619998931884766,139334.0,61.264556884765625
2025-05-16,40.17802429199219,14656800,5.6925,62.4900016784668,139187.0,61.157161712646484
2025-05-19,40.52372741699219,7044800,5.6591,62.689998626708984,139636.0,60.91307830810547
2025-05-20,40.13961410522461,5454000,5.662,62.560001373291016,140110.0,60.766632080078125
2025-05-21,39.6690788269043,8813500,5.6571,61.56999969482422,137881.0,60.51278305053711
2025-05-22,39.793914794921875,7489800,5.639,61.20000076293945,137273.0,59.67314147949219
2025-05-23,40.04358673095703,4304500,5.6932,61.529998779296875,137824.0,60.12225341796875
2025-05-27,40.61015319824219,8260000,5.6539,60.88999938964844,139541.0,59.3607177734375
2025-05-28,39.98596954345703,5453200,5.6936,61.84000015258789,138888.0,58.53084182739258
2025-05-29,40.360477447509766,5266300,5.6559,60.939998626708984,138534.0,58.77492141723633
2025-05-30,40.29325866699219,8584100,5.7087,60.790000915527344,137027.0,58.02314758300781
2025-06-02,39.909149169921875,7170100,5.6937,62.52000045776367,136787.0,58.16960144042969
2025-06-03,40.05318832397461,4734400,5.6694,63.40999984741211,137546.0,57.456878662109375
2025-06-04,39.87073516845703,4800000,5.6332,62.849998474121094,137002.0,57.163978576660156
2025-06-05,39.74589920043945,5117900,5.5969,63.369998931884766,136236.0,57.837650299072266
2025-06-06,39.6690788269043,6022300,5.5947,64.58000183105469,136102.0,57.63261795043945
2025-06-09,39.39059829711914,7330400,5.576,65.29000091552734,135699.0,57.90599060058594
2025-06-10,39.60186004638672,8572300,5.5557,64.9800033569336,136436.0,58.06220245361328
2025-06-11,39.5538444519043,6882000,5.539,68.1500015258789,137128.0,57.437355041503906
2025-06-12,39.77470779418945,8488600,5.5388,68.04000091552734,137800.0,57.2909049987793
2025-06-13,39.65947341918945,5429000,5.5652,72.9800033569336,137213.0,56.62699890136719
2025-06-16,40.12040710449219,5845600,5.5123,71.7699966430664,139256.0,56.929664611816406
2025-06-17,39.793914794921875,6190000,5.4773,74.83999633789062,138840.0,55.66043472290039
2025-06-18,38.939266204833984,14172900,5.4879,75.13999938964844,138717.0,55.59209060668945
2025-06-20,38.45912551879883,20376000,5.4957,74.93000030517578,137116.0,54.56694793701172
2025-06-23,38.54555130004883,4797100,5.5213,68.51000213623047,136551.0,55.73854446411133
2025-06-24,38.64158248901367,7046800,5.4938,64.37000274658203,137165.0,55.83617401123047
2025-06-25,38.171043395996094,5749400,5.5427,64.91999816894531,135767.0,55.36753845214844
2025-06-26,38.286277770996094,3272100,5.5145,65.23999786376953,137114.0,57.19327163696289
2025-06-27,38.12303161621094,3178800,5.4759,65.5199966430664,136866.0,57.349483489990234
2025-06-30,38.68959426879883,5446500,5.4571,65.11000061035156,138855.0,56.94919204711914
2025-07-01,38.82403564453125,3224400,5.4511,65.44999694824219,139549.0,56.919898986816406
2025-07-02,38.50714111328125,6451400,5.4512,67.44999694824219,139051.0,58.755393981933594
2025-07-03,39.21774673461914,4236300,5.4208,67.0,140928.0,57.62285614013672
2025-07-07,38.50714111328125,5791700,5.4552,67.93000030517578,139490.0,56.295047760009766
2025-07-08,38.22866439819336,3564400,5.4571,68.33000183105469,139303.0,57.339717864990234
2025-07-09,38.12303161621094,5864200,5.4626,68.37999725341797,137481.0,57.320194244384766
2025-07-10,37.85415267944336,4704700,5.5433,66.56999969482422,136743.0,58.67728805541992
2025-07-11,37.7485237121582,6074400,5.5722,68.44999694824219,136187.0,59.65361404418945
2025-07-14,37.18196105957031,5538300,5.5595,66.9800033569336,135299.0,58.40391540527344
2025-07-15,37.72931671142578,4760600,5.5576,66.5199966430664,135250.0,57.08587646484375
2025-07-16,37.6044807434082,4308100,5.5722,66.37999725341797,135511.0,58.3062858581543
2025-07-17,37.58527374267578,3912400,5.5737,67.54000091552734,135565.0,58.608943939208984
2025-07-18,37.41242599487305,12532000,5.5466,67.33999633789062,133382.0,59.10687255859375
2025-07-21,37.5180549621582,3581000,5.5625,67.19999694824219,134167.0,60.58112716674805
2025-07-22,37.10513687133789,4431500,5.5709,66.20999908447266,134036.0,62.80715560913086
2025-07-23,37.23957443237305,4502200,5.5537,65.25,135368.0,63.090293884277344
2025-07-24,36.92268371582031,7836300,5.5239,66.02999877929688,133808.0,62.318992614746094
2025-07-25,36.624996185302734,4598900,5.5426,65.16000366210938,133524.0,61.60626983642578
2025-07-28,36.116050720214844,6810300,5.5877,66.70999908447266,132129.0,60.717811584472656
2025-07-29,36.29850387573242,4379100,5.5764,69.20999908447266,132726.0,60.795921325683594
2025-07-30,36.653804779052734,4991200,5.6034,70.0,133990.0,58.081729888916016
2025-07-31,36.30810546875,3574500,5.6021,69.26000213623047,133071.0,58.3551025390625
2025-08-01,36.375328063964844,4648300,5.5436,67.33000183105469,132437.0,58.23794174194336
2025-08-04,36.384925842285156,3613400,5.5113,66.29000091552734,132971.0,58.579654693603516
2025-08-05,36.25048828125,3907500,5.5119,65.16000366210938,133151.0,58.28675842285156
2025-08-06,37.5180549621582,9900400,5.4802,64.3499984741211,134538.0,58.66752624511719
2025-08-07,41.071083068847656,28984900,5.4638,63.880001068115234,136528.0,59.33142852783203
2025-08-08,42.52110290527344,14585400,5.4254,63.880001068115234,135913.0,60.395626068115234
2025-08-11,43.33734130859375,14291400,5.4473,63.959999084472656,135623.0,60.66899490356445
2025-08-12,43.69264221191406,8379300,5.4052,63.16999816894531,137914.0,61.60626983642578
2025-08-13,43.17409133911133,7052200,5.3928,62.650001525878906,136687.0,62.06514358520508
2025-08-14,42.52110290527344,6957500,5.4095,63.959999084472656,136356.0,61.040000915527344
2025-08-15,42.49229431152344,5076400,5.3928,62.79999923706055,136341.0,61.2400016784668
2025-08-18,42.290000915527344,5913900,5.4155,63.41999816894531,137322.0,60.36000061035156
2025-08-19,41.56999969482422,5490000,5.4716,62.349998474121094,134432.0,60.59000015258789
2025-08-20,42.119998931884766,7074600,5.4726,63.209999084472656,134667.0,60.619998931884766
2025-08-21,42.38999938964844,5614100,5.4828,63.52000045776367,134511.0,61.29999923706055
2025-08-22,42.68000030517578,6593200,5.4392,63.65999984741211,137968.0,62.689998626708984
2025-08-25,43.31999969482422,10955800,5.4174,64.80000305175781,138025.0,62.33000183105469
2025-08-26,42.970001220703125,6064500,5.4218,63.25,137771.0,61.95000076293945
2025-08-27,43.5,4801100,5.4428,64.1500015258789,139206.0,62.11000061035156
2025-08-28,44.41999816894531,8654400,5.4115,64.5999984741211,141049.0,62.880001068115234
2025-08-29,45.02000045776367,12486500,5.4264,64.01000213623047,141422.0,62.720001220703125
