Date,Close_B3SA3,Volume_B3SA3,Close_Dolar,Close_Petroleo,Close_Ibovespa,Close_Minerio
2023-09-05,11.973868370056152,34042400,4.9705,86.69000244140625,117331.0,55.72749328613281
2023-09-06,11.75820541381836,27071200,4.9762,87.54000091552734,115985.0,55.64838409423828
2023-09-08,11.75820541381836,31896700,4.9835,87.51000213623047,115313.0,53.81131362915039
2023-09-11,12.105138778686523,32550700,4.9366,87.29000091552734,116883.0,55.622013092041016
2023-09-12,12.339553833007812,29782800,4.9505,88.83999633789062,117968.0,55.542903900146484
2023-09-13,12.386436462402344,28936200,4.9171,88.5199966430664,118176.0,55.472591400146484
2023-09-14,12.470824241638184,27146800,4.8751,90.16000366210938,119392.0,58.039215087890625
2023-09-15,12.377059936523438,36593100,4.8689,90.7699966430664,118758.0,57.88100051879883
2023-09-18,12.264541625976562,15670500,4.8535,91.4800033569336,118288.0,57.371185302734375
2023-09-19,12.114516258239746,21640500,4.8575,91.19999694824219,117846.0,57.4942512512207
2023-09-20,12.311423301696777,30619100,4.8487,90.27999877929688,118695.0,57.59093475341797
2023-09-21,11.80509090423584,40628500,4.9229,89.62999725341797,116145.0,56.02634811401367
2023-09-22,11.659193992614746,29941600,4.9131,90.02999877929688,116009.0,56.31641387939453
2023-09-25,11.668649673461914,30433600,4.9606,89.68000030517578,115925.0,55.43742752075195
2023-09-26,11.413337707519531,51265700,4.9717,90.38999938964844,114193.0,54.505706787109375
2023-09-27,11.375514030456543,44300700,5.0289,93.68000030517578,114327.0,54.778194427490234
2023-09-28,11.545723915100098,31834700,5.0475,91.70999908447266,115731.0,56.07029724121094
2023-09-29,11.621368408203125,23002700,5.0076,90.79000091552734,116565.0,55.93844985961914
2023-10-02,11.347146034240723,26431000,5.0679,88.81999969482422,115057.0,55.11220932006836
2023-10-03,10.864893913269043,51682100,5.11,89.2300033569336,113419.0,53.96073532104492
2023-10-04,11.214762687683105,32895300,5.1526,84.22000122070312,113607.0,53.160865783691406
2023-10-05,11.091835975646973,25192200,5.1713,82.30999755859375,113284.0,53.53003692626953
2023-10-06,11.195852279663086,52568200,5.1918,82.79000091552734,114170.0,54.496917724609375
2023-10-09,11.139115333557129,34445400,5.1666,86.37999725341797,115156.0,53.872840881347656
2023-10-10,11.394426345825195,43373800,5.0862,85.97000122070312,116737.0,54.9539909362793
2023-10-11,11.375514030456543,25967000,5.0496,83.48999786376953,117051.0,55.34074020385742
2023-10-13,10.968910217285156,31360700,5.0625,87.69000244140625,115754.0,54.8309326171875
2023-10-16,11.101292610168457,18822000,5.0618,86.66000366210938,116534.0,56.3779411315918
2023-10-17,10.656861305236816,78125700,5.0384,86.66000366210938,115908.0,56.580108642578125
2023-10-18,10.5244779586792,71398700,5.0568,88.31999969482422,114060.0,54.8660888671875
2023-10-19,10.401551246643066,45432400,5.054,89.37000274658203,114004.0,54.409019470214844
2023-10-20,10.543389320373535,40978900,5.0528,88.75,113155.0,53.23118209838867
2023-10-23,10.694684982299805,29667800,5.0164,85.48999786376953,112785.0,53.05538558959961
2023-10-24,10.968910217285156,54908300,5.0065,83.73999786376953,113762.0,54.8660888671875
2023-10-25,10.912172317504883,71753900,4.9981,85.38999938964844,112830.0,55.472591400146484
2023-10-26,11.091835975646973,45057800,5.0055,83.20999908447266,114777.0,55.455013275146484
2023-10-27,10.590670585632324,39597000,4.948,85.54000091552734,113301.0,56.035133361816406
2023-10-30,10.477198600769043,39671100,5.0074,82.30999755859375,112532.0,56.4394645690918
2023-10-31,10.496110916137695,37086000,5.0575,81.0199966430664,113144.0,56.55373001098633
2023-11-01,10.921628952026367,44636800,5.0194,80.44000244140625,115053.0,57.204185485839844
2023-11-03,11.545723915100098,66501900,4.891,80.51000213623047,118160.0,58.276546478271484
2023-11-06,11.574090003967285,33391600,4.8999,80.81999969482422,118487.0,58.61055374145508
2023-11-07,11.782120704650879,48835200,4.867,77.37000274658203,119268.0,56.87017059326172
2023-11-08,11.791577339172363,28362600,4.8855,75.33000183105469,119099.0,56.773475646972656
2023-11-09,11.687561988830566,25942900,4.9007,75.73999786376953,119012.0,56.65921401977539
2023-11-10,12.254919052124023,36346300,4.9219,77.16999816894531,120636.0,57.5381965637207
2023-11-13,11.753753662109375,42165300,4.9247,78.26000213623047,120376.0,57.6436767578125
2023-11-14,11.97123908996582,45235100,4.8682,78.26000213623047,123328.0,59.60380554199219
2023-11-16,12.217094421386719,39109300,4.8575,72.9000015258789,124576.0,59.463172912597656
2023-11-17,12.037431716918945,44472400,4.8849,75.88999938964844,125062.0,59.93782043457031
2023-11-20,12.396758079528809,23900400,4.8723,77.5999984741211,126095.0,60.85196304321289
2023-11-21,12.141447067260742,25672000,4.8806,77.7699966430664,125607.0,61.73972702026367
2023-11-22,12.311654090881348,33864800,4.8968,77.0999984741211,126035.0,61.39693069458008
2023-11-24,12.217094421386719,20559200,4.8927,75.54000091552734,125542.0,61.28266143798828
2023-11-27,12.217094421386719,27004700,4.8951,74.86000061035156,125683.0,60.67616653442383
2023-11-28,12.500773429870605,35096600,4.8867,76.41000366210938,126538.0,61.02775955200195
2023-11-29,12.529141426086426,57656100,4.8933,77.86000061035156,126101.0,60.53553009033203
2023-11-30,12.576420783996582,43356300,4.9355,75.95999908447266,127331.0,60.72890090942383
2023-12-01,12.793907165527344,28188700,4.9191,74.06999969482422,128103.0,62.54840087890625
2023-12-04,12.803363800048828,45646100,4.9091,73.04000091552734,126803.0,60.69375228881836
2023-12-05,12.718259811401367,40133100,4.9522,72.31999969482422,126903.0,60.201515197753906
2023-12-06,12.510228157043457,41140900,4.9031,69.37999725341797,125623.0,60.64100646972656
2023-12-07,12.566965103149414,19636000,4.8949,69.33999633789062,126010.0,61.91553497314453
2023-12-08,12.803363800048828,31813900,4.9158,71.2300033569336,127094.0,61.6782112121582
2023-12-11,13.17214584350586,39856100,4.944,71.31999969482422,126916.0,60.78164291381836
2023-12-12,13.0964994430542,44275900,4.9476,68.61000061035156,126403.0,61.03654861450195
2023-12-13,13.644943237304688,64190500,4.958,69.47000122070312,129465.0,61.933109283447266
2023-12-14,14.02318286895752,69818600,4.8912,71.58000183105469,130842.0,63.4449577331543
2023-12-15,13.87188720703125,52175400,4.9397,71.43000030517578,130197.0,63.68227767944336
2023-12-18,13.938078880310059,22756700,4.9399,72.47000122070312,131084.0,64.01630401611328
2023-12-19,13.758413314819336,30892100,4.8663,73.44000244140625,131851.0,64.86012268066406
2023-12-20,13.399088859558105,34277600,4.8766,74.22000122070312,130804.0,63.69107437133789
2023-12-21,13.701681137084961,29293900,4.8755,73.88999938964844,132182.0,65.04471588134766
2023-12-22,13.72059154510498,28239600,4.8619,73.55999755859375,132753.0,64.89527893066406
2023-12-26,13.862430572509766,10881600,4.8368,75.56999969482422,133533.0,65.20292663574219
2023-12-27,13.786783218383789,16243800,4.8306,74.11000061035156,134194.0,65.72151947021484
2023-12-28,13.758413314819336,20491200,4.8413,71.7699966430664,134185.0,65.51936340332031
2024-01-02,13.492300987243652,30729000,4.8916,70.37999725341797,132697.0,65.27324676513672
2024-01-03,13.454215049743652,43928000,4.9212,72.69999694824219,132834.0,64.649169921875
2024-01-04,13.063822746276855,41789500,4.9188,72.19000244140625,131226.0,64.20088958740234
2024-01-05,13.301865577697754,39303900,4.8899,73.80999755859375,132023.0,63.84928512573242
2024-01-08,13.597040176391602,27469900,4.885,70.7699966430664,132427.0,64.02509307861328
2024-01-09,13.387560844421387,30342700,4.8937,72.23999786376953,131447.0,62.28470230102539
2024-01-10,13.254257202148438,20165800,4.8901,71.37000274658203,130841.0,61.80126190185547
2024-01-11,13.282824516296387,23289000,4.8794,72.0199966430664,130649.0,61.581512451171875
2024-01-12,13.42564868927002,24421600,4.8543,72.68000030517578,130988.0,61.68699264526367
2024-01-16,13.31138801574707,36138100,4.9038,72.4000015258789,129294.0,60.72890090942383
2024-01-17,13.073343276977539,26273900,4.9346,72.55999755859375,128524.0,59.94660568237305
2024-01-18,13.187605857849121,30560300,4.9403,74.08000183105469,127316.0,60.799224853515625
2024-01-19,13.130474090576172,36625000,4.9223,73.41000366210938,127636.0,60.430049896240234
2024-01-22,12.83530044555664,22740300,4.949,75.19000244140625,126602.0,59.13794708251953
2024-01-23,13.073343276977539,30925900,4.9715,74.37000274658203,128263.0,60.4212532043457
2024-01-24,12.978128433227539,20000600,4.9192,75.08999633789062,127816.0,61.13324737548828
2024-01-25,12.78769302368164,24605800,4.9232,77.36000061035156,128169.0,61.616676330566406
2024-01-26,12.587736129760742,36744500,4.9125,78.01000213623047,128967.0,62.205596923828125
2024-01-29,12.578213691711426,19832000,4.9225,76.77999877929688,128503.0,62.451717376708984
2024-01-30,12.378257751464844,31869100,4.9638,77.81999969482422,127402.0,61.70457077026367
2024-01-31,12.463953971862793,29470800,4.9535,75.8499984741211,127752.0,60.887123107910156
2024-02-01,12.654387474060059,38297200,4.935,73.81999969482422,128481.0,61.634254455566406
2024-02-02,12.54012680053711,52712700,4.9471,72.27999877929688,127182.0,60.19272994995117
2024-02-05,12.444911003112793,23037300,5.0053,72.77999877929688,127593.0,59.331321716308594
2024-02-06,12.578213691711426,39654300,4.9687,73.30999755859375,130416.0,60.05208206176758
2024-02-07,12.78769302368164,31385600,4.9608,73.86000061035156,129608.0,60.22788619995117
2024-02-08,12.530606269836426,30911000,4.9804,76.22000122070312,128217.0,59.86750793457031
2024-02-09,12.606779098510742,76235100,4.9717,76.83999633789062,128026.0,59.70048904418945
2024-02-14,12.244953155517578,37596000,4.9723,76.63999938964844,127018.0,58.962154388427734
2024-02-15,12.08308219909668,44655800,4.971,78.02999877929688,127804.0,59.36648178100586
2024-02-16,12.121171951293945,66965300,4.9761,79.19000244140625,128726.0,60.75527572631836
2024-02-20,12.321125984191895,47432000,4.9408,78.18000030517578,129916.0,57.942527770996094
2024-02-21,12.197345733642578,36621400,4.9303,77.91000366210938,130032.0,57.55577850341797
2024-02-22,12.044995307922363,27702400,4.9419,78.61000061035156,130241.0,57.7403678894043
2024-02-23,11.854561805725098,62080800,4.9851,76.48999786376953,129419.0,57.99527359008789
2024-02-26,11.883127212524414,31223700,4.9819,77.58000183105469,129609.0,56.82622146606445
2024-02-27,12.140214920043945,42297000,4.9575,78.87000274658203,131689.0,57.11628723144531
2024-02-28,12.041528701782227,25756200,4.9557,78.54000091552734,130155.0,56.21971893310547
2024-02-29,12.280826568603516,68497700,4.9833,78.26000213623047,129020.0,56.72074508666992
2024-03-01,11.888375282287598,69636300,4.9596,79.97000122070312,129180.0,57.25692367553711
2024-03-04,11.77351188659668,32530100,4.9475,78.73999786376953,128341.0,57.00201416015625
2024-03-05,11.668219566345215,41616100,4.9488,78.1500015258789,128098.0,56.07908630371094
2024-03-06,11.725653648376465,64366000,4.9398,79.12999725341797,128890.0,57.00201416015625
2024-03-07,11.792656898498535,43360500,4.9364,78.93000030517578,128340.0,58.28357696533203
2024-03-08,11.926665306091309,62540000,4.9751,78.01000213623047,127071.0,57.3864860534668
2024-03-11,12.041528701782227,34745900,4.9777,77.93000030517578,126124.0,56.75486373901367
2024-03-12,12.271254539489746,44590800,4.9813,77.55999755859375,127668.0,57.4139518737793
2024-03-13,12.213823318481445,32177000,4.9803,79.72000122070312,128006.0,57.82587432861328
2024-03-14,11.974522590637207,39623100,4.9768,81.26000213623047,127690.0,56.80063247680664
2024-03-15,11.802228927612305,46402500,4.9937,81.04000091552734,126742.0,56.91963195800781
2024-03-18,11.830944061279297,17929500,5.0124,82.72000122070312,126954.0,57.002017974853516
2024-03-19,11.783084869384766,21266300,5.0352,83.47000122070312,127529.0,57.496337890625
2024-03-20,12.204251289367676,30160800,5.012,81.68000030517578,129125.0,58.46665954589844
2024-03-21,11.869231224060059,34768100,4.9807,81.06999969482422,128159.0,58.70466613769531
2024-03-22,11.486352920532227,60130400,4.9897,80.62999725341797,127027.0,57.670257568359375
2024-03-25,11.390633583068848,43172300,4.9869,81.94999694824219,126931.0,58.04557800292969
2024-03-26,11.390633583068848,54494400,4.987,81.62000274658203,126863.0,56.91048049926758
2024-03-27,11.556435585021973,22829000,4.9856,81.3499984741211,127691.0,58.091346740722656
2024-03-28,11.527593612670898,20303900,4.9962,83.16999816894531,128106.0,58.34766387939453
2024-04-01,11.316078186035156,48653200,5.0532,83.70999908447266,126990.0,58.75043487548828
2024-04-02,11.277621269226074,61624700,5.0476,85.1500015258789,127549.0,59.58344650268555
2024-04-03,11.248778343200684,61062600,5.0724,85.43000030517578,127318.0,59.1348991394043
2024-04-04,11.498750686645508,72579200,5.0237,86.58999633789062,127428.0,57.944881439208984
2024-04-05,11.53720760345459,45683100,5.052,86.91000366210938,126795.0,57.670257568359375
2024-04-08,11.662193298339844,33474500,5.0421,86.43000030517578,128857.0,60.48970031738281
2024-04-09,11.912166595458984,37588600,5.008,85.2300033569336,129890.0,61.56986999511719
2024-04-10,11.498750686645508,50523500,5.0654,86.20999908447266,128054.0,60.88331985473633
2024-04-11,11.51797866821289,37532200,5.0765,85.0199966430664,127396.0,60.66361999511719
2024-04-12,11.258392333984375,38489000,5.1364,85.66000366210938,125946.0,60.40731430053711
2024-04-15,11.037261009216309,51176300,5.1746,85.41000366210938,125334.0,61.12131881713867
2024-04-16,10.893047332763672,49107500,5.2635,85.36000061035156,124389.0,60.132694244384766
2024-04-17,10.806517601013184,48295800,5.2469,82.69000244140625,124171.0,61.13047790527344
2024-04-18,10.71037483215332,39453700,5.2512,82.7300033569336,124196.0,61.0389404296875
2024-04-19,10.748831748962402,39339300,5.2269,83.13999938964844,125124.0,61.30440139770508
2024-04-22,10.835360527038574,31325900,5.2043,82.8499984741211,125573.0,61.51494598388672
2024-04-23,10.66230297088623,44050500,5.1626,83.36000061035156,125148.0,61.0023193359375
2024-04-24,10.518086433410645,45024900,5.1592,82.80999755859375,124741.0,62.375423431396484
2024-04-25,10.412330627441406,32548600,5.1679,83.56999969482422,124646.0,62.04587936401367
2024-04-26,10.787290573120117,60635700,5.1184,83.8499984741211,126526.0,62.46696090698242
2024-04-29,10.71037483215332,43235700,5.1155,82.62999725341797,127352.0,63.171817779541016
2024-04-30,10.373872756958008,84850200,5.1718,81.93000030517578,125924.0,62.091651916503906
2024-05-02,10.633459091186523,45228600,5.1184,78.94999694824219,127122.0,62.50358200073242
2024-05-03,10.950733184814453,90899800,5.0668,78.11000061035156,128509.0,63.10774612426758
2024-05-06,11.066104888916016,42966900,5.0727,78.4800033569336,128466.0,63.913291931152344
2024-05-07,11.133404731750488,34889000,5.061,78.37999725341797,129210.0,64.11468505859375
2024-05-08,11.219934463500977,31077900,5.0887,78.98999786376953,129481.0,63.180973052978516
2024-05-09,10.77767562866211,68966400,5.1577,79.26000213623047,128188.0,64.07807159423828
2024-05-10,10.518086433410645,118753800,5.1464,78.26000213623047,127600.0,63.89499282836914
2024-05-13,10.796903610229492,77187400,5.1412,79.12000274658203,128155.0,63.931602478027344
2024-05-14,11.027647972106934,67138300,5.1356,78.0199966430664,128515.0,63.7943000793457
2024-05-15,11.066104888916016,41176000,5.1423,78.62999725341797,128028.0,64.38015747070312
2024-05-16,11.133404731750488,32593500,5.127,79.2300033569336,128284.0,65.82648468017578
2024-05-17,10.979576110839844,40678300,5.1157,80.05999755859375,128151.0,67.3826675415039
2024-05-20,10.989190101623535,44273000,5.1085,79.80000305175781,127751.0,67.18128204345703
2024-05-21,10.96996021270752,33561200,5.1037,79.26000213623047,127412.0,67.263671875
2024-05-22,10.633459091186523,57305300,5.1502,77.56999969482422,125650.0,66.11026000976562
2024-05-23,10.681530952453613,54028500,5.1443,76.87000274658203,124729.0,65.37793731689453
2024-05-24,10.71037483215332,26333100,5.1508,77.72000122070312,124306.0,65.77156066894531
2024-05-28,10.643074035644531,39515600,5.1538,79.83000183105469,123780.0,64.86531066894531
2024-05-29,10.46040153503418,61738900,5.1972,79.2300033569336,122707.0,63.64783477783203
2024-05-31,10.287343978881836,74029300,5.2416,76.98999786376953,122098.0,64.16960906982422
2024-06-03,10.277729034423828,38467100,5.2373,74.22000122070312,122032.0,63.54713439941406
2024-06-04,10.296958923339844,23975600,5.2687,73.25,121802.0,62.531036376953125
2024-06-05,10.325799942016602,33540500,5.2841,74.06999969482422,121407.0,62.32050323486328
2024-06-06,10.652688980102539,37945300,5.2681,75.55000305175781,122899.0,63.34574890136719
2024-06-07,10.33541488647461,29214600,5.2802,75.52999877929688,120767.0,62.24726486206055
2024-06-10,10.085442543029785,31506500,5.3666,77.73999786376953,120760.0,62.47611618041992
2024-06-11,10.143128395080566,46968400,5.3524,77.9000015258789,121635.0,61.496639251708984
2024-06-12,9.99891185760498,53011400,5.3891,78.5,119936.0,61.40510177612305
2024-06-13,9.691255569458008,80030000,5.3974,78.62000274658203,119568.0,61.25863265991211
2024-06-14,9.97006893157959,33385900,5.363,78.44999694824219,119662.0,60.88331985473633
2024-06-17,10.152742385864258,36269600,5.413,80.33000183105469,119138.0,60.40731430053711
2024-06-18,10.200814247131348,39203100,5.4074,81.56999969482422,119630.0,60.65446853637695
2024-06-20,10.003161430358887,35005600,5.4254,82.16999816894531,120446.0,61.25863265991211
2024-06-21,10.071012496948242,52259900,5.4416,80.7300033569336,121341.0,60.78262710571289
2024-06-24,10.187328338623047,25130500,5.4,81.62999725341797,122637.0,60.828392028808594
2024-06-25,10.003161430358887,33772800,5.429,80.83000183105469,122331.0,60.89247131347656
2024-06-26,9.906231880187988,47855200,5.5097,80.9000015258789,122641.0,61.14878845214844
2024-06-27,10.080704689025879,24010200,5.5229,81.73999786376953,124308.0,60.25169372558594
2024-06-28,9.925616264343262,25537700,5.5589,81.54000091552734,123907.0,60.352386474609375
2024-07-01,10.148557662963867,48451600,5.5893,83.37999725341797,124718.0,60.791786193847656
2024-07-02,10.129170417785645,44061200,5.6677,82.80999755859375,124787.0,60.425621032714844
2024-07-03,10.109785079956055,53846200,5.5863,83.87999725341797,125662.0,62.155731201171875
2024-07-05,10.197021484375,24797300,5.497,83.16000366210938,126267.0,61.91771697998047
2024-07-08,10.361802101135254,45874000,5.472,82.33000183105469,126548.0,61.487483978271484
2024-07-09,10.293951988220215,23203400,5.4387,81.41000366210938,127108.0,61.313560485839844
2024-07-10,10.40057373046875,44543000,5.3967,82.0999984741211,127218.0,61.78041076660156
2024-07-11,10.710749626159668,60570000,5.41,82.62000274658203,128294.0,62.32050323486328
2024-07-12,11.156627655029297,69549900,5.4529,82.20999908447266,128897.0,62.72327423095703
2024-07-15,11.108161926269531,25362600,5.4563,81.91000366210938,129321.0,61.8353385925293
2024-07-16,11.127547264099121,27642600,5.4274,80.76000213623047,129110.0,60.70939636230469
2024-07-17,11.13724136352539,32806900,5.467,82.8499984741211,129450.0,60.2059211730957
2024-07-18,10.827065467834473,46897800,5.5426,82.81999969482422,127652.0,58.92436218261719
2024-07-19,10.827065467834473,25877800,5.5543,80.12999725341797,127616.0,58.384273529052734
2024-07-22,10.943380355834961,17799800,5.5598,79.77999877929688,127860.0,58.57651138305664
2024-07-23,10.836758613586426,20302200,5.5807,76.95999908447266,126590.0,58.15542221069336
2024-07-24,10.691364288330078,18716400,5.6346,77.58999633789062,126423.0,58.11880874633789
2024-07-25,10.565354347229004,16615700,5.6402,78.27999877929688,125954.0,58.88774871826172
2024-07-26,10.61382007598877,19124000,5.6465,77.16000366210938,127492.0,59.55598831176758
2024-07-29,10.516889572143555,16649600,5.6479,75.80999755859375,126954.0,59.2264404296875
2024-07-30,10.429652214050293,21917500,5.6532,74.7300033569336,126139.0,58.15542221069336
2024-07-31,10.516889572143555,32559100,5.6621,77.91000366210938,127652.0,59.64753341674805
2024-08-01,10.536274909973145,46829600,5.6681,76.30999755859375,127395.0,58.11880874633789
2024-08-02,10.526583671569824,51921800,5.7366,73.5199966430664,125854.0,58.28357696533203
2024-08-05,10.526583671569824,39632900,5.7646,72.94000244140625,125270.0,57.642799377441406
2024-08-06,10.55566120147705,31887700,5.6528,73.19999694824219,126267.0,57.72518539428711
2024-08-07,10.79798698425293,26401800,5.6093,75.2300033569336,127514.0,57.24917984008789
2024-08-08,11.00153923034668,25036600,5.6172,76.19000244140625,128661.0,57.59703063964844
2024-08-09,11.650970458984375,57161200,5.5115,76.83999633789062,130615.0,57.88996124267578
2024-08-12,11.82544231414795,43079700,5.4911,80.05999755859375,131116.0,57.954036712646484
2024-08-13,12.251934051513672,42332500,5.4875,78.3499984741211,132398.0,58.356815338134766
2024-08-14,12.310091972351074,44443400,5.4502,76.9800033569336,133318.0,57.15763473510742
2024-08-15,12.319786071777344,25924400,5.4651,78.16000366210938,134153.0,57.441410064697266
2024-08-16,12.106538772583008,32001400,5.4632,76.6500015258789,133953.0,57.724002838134766
2024-08-19,12.397327423095703,31024400,5.4237,74.37000274658203,135778.0,58.854366302490234
2024-08-20,12.503951072692871,47554300,5.4547,74.04000091552734,136087.0,58.4022216796875
2024-08-21,12.56210994720459,55896700,5.4707,71.93000030517578,136464.0,59.71156311035156
2024-08-22,12.15500545501709,43486300,5.5524,73.01000213623047,135173.0,59.09928512573242
2024-08-23,12.348864555358887,58243700,5.5263,74.83000183105469,135608.0,59.363033294677734
2024-08-26,12.407022476196289,29501300,5.4921,77.41999816894531,136889.0,60.02241516113281
2024-08-27,12.261627197265625,39600600,5.4969,75.52999877929688,136776.0,60.28616714477539
2024-08-28,12.310091972351074,30210200,5.5315,74.5199966430664,137344.0,59.34419631958008
2024-08-29,12.15500545501709,39235500,5.6358,75.91000366210938,136041.0,59.645626068115234
2024-08-30,12.290705680847168,118454800,5.6562,73.55000305175781,136004.0,59.59852600097656
2024-09-03,11.7769775390625,38221000,5.6224,70.33999633789062,134353.0,56.83855056762695
2024-09-04,12.16469669342041,44741500,5.6359,69.19999694824219,136111.0,56.603057861328125
2024-09-05,12.203469276428223,18944700,5.6049,69.1500015258789,136502.0,56.88564682006836
2024-09-06,11.854520797729492,27784200,5.5702,67.66999816894531,134572.0,56.24510955810547
2024-09-09,11.922374725341797,13782900,5.6097,68.70999908447266,134737.0,56.5276985168457
2024-09-10,12.058073997497559,70072700,5.6254,65.75,134320.0,56.30162811279297
2024-09-11,11.757593154907227,62897400,5.6387,67.30999755859375,134677.0,57.65806579589844
2024-09-12,11.680048942565918,47159100,5.6554,68.97000122070312,134029.0,58.317447662353516
2024-09-13,11.757593154907227,64866300,5.5717,68.6500015258789,134882.0,58.92030715942383
2024-09-16,11.786670684814453,24753700,5.5207,70.08999633789062,135118.0,59.52316665649414
2024-09-17,11.883601188659668,18077800,5.501,71.19000244140625,134960.0,59.268836975097656
2024-09-18,11.757593154907227,42205300,5.4767,70.91000366210938,133748.0,59.25941848754883
2024-09-19,11.631584167480469,51993800,5.4189,71.94999694824219,133123.0,61.3976936340332
2024-09-20,11.243863105773926,55541400,5.4775,71.91999816894531,131065.0,59.88111877441406
2024-09-23,10.856143951416016,58376700,5.5446,70.37000274658203,130568.0,60.83251190185547
2024-09-24,10.904609680175781,84784300,5.4702,71.55999755859375,132156.0,63.50770568847656
2024-09-25,10.54842758178711,117931300,5.4736,69.69000244140625,131586.0,63.743202209472656
2024-09-26,10.607084274291992,167073900,5.4412,67.66999816894531,133010.0,66.64447021484375
2024-09-27,10.489770889282227,64574600,5.4431,68.18000030517578,132730.0,67.09662628173828
2024-09-30,10.470218658447266,60955500,5.4481,68.16999816894531,131816.0,67.04010009765625
2024-10-01,10.470218658447266,38491000,5.4521,69.83000183105469,132495.0,67.03068542480469
2024-10-02,10.695069313049316,61962200,5.4305,70.0999984741211,133515.0,66.71041107177734
2024-10-03,10.479994773864746,41875600,5.485,73.70999908447266,131672.0,65.77786254882812
2024-10-04,10.509323120117188,42988300,5.4686,74.37999725341797,131792.0,65.65540313720703
2024-10-07,10.313801765441895,50239800,5.4626,77.13999938964844,132018.0,65.58004760742188
2024-10-08,10.460442543029785,46497200,5.5197,73.56999969482422,131512.0,62.791812896728516
2024-10-09,10.440890312194824,45895200,5.5737,73.23999786376953,129962.0,62.49979782104492
2024-10-10,10.509323120117188,37701700,5.5819,75.8499984741211,130353.0,62.961360931396484
2024-10-11,10.450666427612305,25480900,5.6263,75.55999755859375,129992.0,63.3287353515625
2024-10-14,10.636412620544434,35854800,5.6045,73.83000183105469,131005.0,63.771453857421875
2024-10-15,10.597308158874512,30199500,5.6378,70.58000183105469,131043.0,62.61283874511719
2024-10-16,10.734173774719238,41240600,5.6749,70.38999938964844,131750.0,62.123008728027344
2024-10-17,10.479994773864746,23156000,5.6758,70.66999816894531,130793.0,61.31291198730469
2024-10-18,10.411561012268066,30999400,5.6672,69.22000122070312,130499.0,61.56724548339844
2024-10-21,10.607084274291992,26633900,5.7068,70.55999755859375,130362.0,61.18103790283203
2024-10-22,10.372457504272461,29304400,5.6958,72.08999633789062,129721.0,61.6802864074707
2024-10-23,10.382233619689941,39674300,5.7149,70.7699966430664,129233.0,60.74773025512695
2024-10-24,10.538651466369629,34038300,5.7087,70.19000244140625,130067.0,60.86076736450195
2024-10-25,10.470218658447266,26411000,5.6969,71.77999877929688,129893.0,61.491886138916016
2024-10-28,10.646188735961914,29203800,5.6988,67.37999725341797,131213.0,62.339664459228516
2024-10-29,10.587532043457031,26229700,5.714,67.20999908447266,130730.0,62.716453552246094
2024-10-30,10.538651466369629,26539600,5.7801,68.61000061035156,130639.0,62.07591247558594
2024-10-31,10.382233619689941,28075100,5.7779,69.26000213623047,129713.0,61.12451934814453
2024-11-01,10.186711311340332,33123200,5.8073,69.48999786376953,128121.0,61.53899002075195
2024-11-04,10.616859436035156,39785000,5.7898,71.47000122070312,130515.0,61.2375602722168
2024-11-05,10.724397659301758,28896400,5.7846,71.98999786376953,130661.0,61.69912338256836
2024-11-06,10.411561012268066,37995800,5.7648,71.69000244140625,130341.0,61.53899002075195
2024-11-07,10.470218658447266,55293600,5.6624,72.36000061035156,129682.0,63.554805755615234
2024-11-08,10.079174041748047,58652500,5.7648,70.37999725341797,127830.0,60.69121170043945
2024-11-11,9.93253231048584,66155900,5.798,68.04000091552734,127874.0,58.9674072265625
2024-11-12,10.079174041748047,55851700,5.7694,68.12000274658203,127698.0,57.64864730834961
2024-11-13,10.000964164733887,73712300,5.7713,68.43000030517578,127734.0,57.102298736572266
2024-11-14,10.040070533752441,86415300,5.7885,68.69999694824219,127792.0,56.9233283996582
2024-11-18,9.776113510131836,88368100,5.7603,69.16000366210938,127768.0,58.5152587890625
2024-11-19,9.795666694641113,53425300,5.7743,69.38999938964844,128197.0,58.807273864746094
2024-11-21,9.600144386291504,67659300,5.8173,70.0999984741211,126922.0,58.939144134521484
2024-11-22,9.795666694641113,59138800,5.8124,71.23999786376953,129126.0,58.73191452026367
2024-11-25,9.912980079650879,85622700,5.8002,68.94000244140625,129036.0,59.325355529785156
2024-11-26,9.9520845413208,52418300,5.799,68.7699966430664,129922.0,58.43048095703125
2024-11-27,9.541487693786621,57603000,5.8291,68.72000122070312,127669.0,58.703651428222656
2024-11-29,9.052681922912598,81908200,6.0535,68.0,125668.0,59.1934814453125
2024-12-02,9.160219192504883,78340300,6.0634,68.0999984741211,125236.0,59.59852600097656
2024-12-03,9.24820327758789,39449100,6.0707,69.94000244140625,126139.0,59.8245964050293
2024-12-04,9.355740547180176,35039100,6.0581,68.54000091552734,126087.0,59.71156311035156
2024-12-05,9.561039924621582,54294600,5.9849,68.30000305175781,127858.0,59.834022521972656
2024-12-06,9.707681655883789,128262700,6.0293,67.19999694824219,125946.0,58.50584030151367
2024-12-09,9.776113510131836,61349800,6.057,68.37000274658203,127210.0,61.12451934814453
2024-12-10,9.93253231048584,73907300,6.0529,68.58999633789062,128228.0,61.0585823059082
2024-12-11,10.15738296508789,90179100,6.032,70.29000091552734,129593.0,61.20930099487305
2024-12-12,10.049844741821289,97737700,5.9408,70.0199966430664,126042.0,59.76808547973633
2024-12-13,9.991189002990723,149204900,6.04,71.29000091552734,124612.0,58.60003662109375
2024-12-16,9.893428802490234,89670800,6.0509,70.70999908447266,123560.0,57.70516586303711
2024-12-17,9.893428802490234,67956300,6.1685,70.08000183105469,124698.0,57.893558502197266
2024-12-18,9.63924789428711,83174900,6.1624,70.58000183105469,120772.0,55.89657974243164
2024-12-19,9.756562232971191,58258000,6.1841,69.91000366210938,121188.0,55.32197570800781
2024-12-20,10.040070533752441,63902800,6.078,69.45999908447266,122102.0,55.23719787597656
2024-12-23,10.030293464660645,37011700,6.1612,69.23999786376953,120767.0,55.792964935302734
2024-12-26,10.098726272583008,30737700,6.1656,69.62000274658203,121078.0,55.81180191040039
2024-12-27,10.12805461883545,44639700,6.1991,70.5999984741211,120269.0,55.58572769165039
2024-12-30,10.088950157165527,38408700,6.1923,70.98999786376953,120283.0,55.19009780883789
2025-01-02,10.033894538879395,29510200,6.2086,73.12999725341797,120125.0,55.359657287597656
2025-01-03,9.935524940490723,42817300,6.1563,73.95999908447266,118533.0,55.199520111083984
2025-01-06,10.210965156555176,39587600,6.1119,73.55999755859375,120022.0,54.99229049682617
2025-01-07,10.142104148864746,60452900,6.0741,74.25,121163.0,54.81330871582031
2025-01-08,10.132266998291016,38515300,6.1321,73.31999969482422,119625.0,55.227779388427734
2025-01-10,9.640409469604492,36793100,6.0965,76.56999969482422,118856.0,55.425594329833984
2025-01-13,9.630571365356445,30436900,6.1079,78.81999969482422,119007.0,56.066131591796875
2025-01-14,9.67975902557373,39132200,6.0671,77.5,119299.0,56.87622833251953
2025-01-15,10.329010009765625,53092400,6.0377,80.04000091552734,122650.0,56.95158386230469
2025-01-16,10.10275650024414,26640800,6.0322,78.68000030517578,121234.0,56.32046890258789
2025-01-17,10.181452751159668,30748300,6.0609,77.87999725341797,122350.0,57.55445098876953
2025-01-21,10.201126098632812,25403800,6.044,75.88999938964844,123338.0,58.147891998291016
2025-01-22,10.260149955749512,47319900,5.9674,75.44000244140625,122972.0,57.57328796386719
2025-01-23,10.181452751159668,36718200,5.9399,74.62000274658203,122483.0,57.987754821777344
2025-01-24,10.201126098632812,45091300,5.8925,74.66000366210938,122447.0,58.48699951171875
2025-01-27,10.388032913208008,52771300,5.9272,73.16999816894531,124862.0,58.373966217041016
2025-01-28,10.378196716308594,45701800,5.893,73.7699966430664,124056.0,56.4240837097168
2025-01-29,10.378196716308594,43636900,5.8596,72.62000274658203,123432.0,56.25453186035156
2025-01-30,10.909402847290039,98412200,5.9006,72.7300033569336,126913.0,57.37547302246094
2025-01-31,11.007772445678711,60632400,5.8301,72.52999877929688,126135.0,56.90449142456055
2025-02-03,10.978261947631836,42468600,5.8687,73.16000366210938,125970.0,56.376983642578125
2025-02-04,10.889727592468262,40751400,5.7927,72.69999694824219,125147.0,57.64864730834961
2025-02-05,10.811030387878418,36082500,5.7997,71.02999877929688,125534.0,57.808780670166016
2025-02-06,11.037285804748535,26547400,5.7856,70.61000061035156,126225.0,58.581199645996094
2025-02-07,10.781518936157227,34977500,5.7557,71.0,124619.0,58.355125427246094
2025-02-10,10.919239044189453,25229800,5.7808,72.31999969482422,125572.0,58.63771438598633
2025-02-11,10.997937202453613,29425200,5.7788,73.31999969482422,126522.0,58.07253646850586
2025-02-12,10.86021614074707,43189900,5.7711,71.37000274658203,124380.0,58.439903259277344
2025-02-13,10.98809814453125,21988200,5.7788,71.29000091552734,124850.0,59.617366790771484
2025-02-14,11.401259422302246,46583100,5.7283,70.73999786376953,128219.0,59.68330383300781
2025-02-18,11.33240032196045,58285600,5.6979,71.8499984741211,128532.0,60.45572280883789
2025-02-19,11.184842109680176,38104400,5.7087,72.25,127309.0,59.11812210083008
2025-02-20,11.106145858764648,44076800,5.7019,72.56999969482422,127601.0,60.5593376159668
2025-02-21,11.037285804748535,94029400,5.7027,70.4000015258789,127128.0,59.843441009521484
2025-02-24,10.663473129272461,58518400,5.7258,70.69999694824219,125401.0,59.09928512573242
2025-02-25,10.624124526977539,76158600,5.7779,68.93000030517578,125980.0,58.50584030151367
2025-02-26,10.466731071472168,40355500,5.7757,68.62000274658203,124769.0,58.00659942626953
2025-02-27,10.525753021240234,32846300,5.8228,70.3499984741211,124799.0,57.18708038330078
2025-02-28,10.23063850402832,57805500,5.8488,69.76000213623047,122799.0,57.0457878112793
2025-03-05,10.358521461486816,46942500,5.7914,66.30999755859375,123047.0,60.0506706237793
2025-03-06,10.466731071472168,39802700,5.7489,66.36000061035156,123358.0,60.229644775390625
2025-03-07,10.525753021240234,41638200,5.7688,67.04000091552734,125035.0,60.8349723815918
2025-03-10,10.29949951171875,33483600,5.793,66.02999877929688,124519.0,60.73733901977539
2025-03-11,10.23063850402832,26354600,5.8346,66.25,123507.0,60.385860443115234
2025-03-12,10.329010009765625,39894000,5.8268,67.68000030517578,123864.0,59.341190338134766
2025-03-13,11.411096572875977,111595000,5.8131,66.55000305175781,125637.0,59.751251220703125
2025-03-14,12.660414695739746,126026800,5.7419,67.18000030517578,128957.0,61.547691345214844
2025-03-17,12.217742919921875,89758000,5.7082,67.58000183105469,130834.0,61.96751403808594
2025-03-18,11.843932151794434,112067000,5.6852,66.9000015258789,131475.0,62.62165069580078
2025-03-19,12.148883819580078,41690500,5.6657,67.16000366210938,132508.0,62.34828186035156
2025-03-20,12.198068618774414,42754900,5.6628,68.26000213623047,131955.0,61.4305305480957
2025-03-21,12.355463981628418,46789800,5.7241,68.27999877929688,132345.0,60.52254867553711
2025-03-24,12.198068618774414,40560200,5.7403,69.11000061035156,131321.0,60.69828414916992
2025-03-25,12.188232421875,25375500,5.6992,69.0,132068.0,61.32313919067383
2025-03-26,12.240464210510254,22029800,5.7298,69.6500015258789,132520.0,61.3817138671875
2025-03-27,12.250351905822754,27455400,5.7474,69.91999816894531,133149.0,60.864261627197266
2025-03-28,12.102042198181152,20197500,5.766,69.36000061035156,131902.0,59.58527374267578
2025-03-31,12.003169059753418,29378400,5.7422,71.4800033569336,130260.0,58.65776443481445
2025-04-01,12.121817588806152,22267700,5.7051,71.19999694824219,131147.0,58.8042106628418
2025-04-02,12.280013084411621,20422100,5.6923,71.70999908447266,131190.0,58.482025146484375
2025-04-03,12.586519241333008,57239000,5.6067,66.94999694824219,131141.0,57.04682159423828
2025-04-04,11.914183616638184,38448800,5.7777,61.9900016784668,127256.0,53.37582778930664
2025-04-07,11.81531047821045,50560500,5.8877,60.70000076293945,125588.0,53.268436431884766
2025-04-08,11.607677459716797,35507800,5.9368,59.58000183105469,123932.0,51.081459045410156
2025-04-09,12.032832145690918,71372100,6.0605,62.349998474121094,127796.0,54.2935791015625
2025-04-10,11.726325035095215,37053200,5.9115,60.06999969482422,126355.0,53.57109451293945
2025-04-11,11.80542278289795,46094000,5.8737,61.5,127682.0,55.51398849487305
2025-04-14,12.032832145690918,35402500,5.8425,61.529998779296875,129454.0,55.66043472290039
2025-04-15,12.121817588806152,30452400,5.8707,61.33000183105469,129245.0,55.904518127441406
2025-04-16,11.924072265625,48582300,5.8808,62.470001220703125,128317.0,55.806884765625
2025-04-17,12.042718887329102,16597800,5.8559,64.68000030517578,129650.0,56.79297637939453
2025-04-22,12.280013084411621,24950100,5.7496,64.30999755859375,130464.0,58.208648681640625
2025-04-23,12.507420539855957,34484400,5.688,62.27000045776367,132216.0,58.77492141723633
2025-04-24,13.120433807373047,57242400,5.6738,62.790000915527344,134580.0,60.22964859008789
2025-04-25,13.239080429077148,37617800,5.6846,63.02000045776367,134739.0,59.126399993896484
2025-04-28,13.268742561340332,34401500,5.6681,62.04999923706055,135016.0,59.42905807495117
2025-04-29,13.080883979797363,46192900,5.6467,60.41999816894531,135093.0,59.43882369995117
2025-04-30,13.337953567504883,60556100,5.6608,58.209999084472656,135067.0,57.99386215209961
2025-05-02,13.159982681274414,35156600,5.6394,58.290000915527344,135134.0,58.28675842285156
2025-05-05,13.06110954284668,21723000,5.652,57.130001068115234,133491.0,58.15983581542969
2025-05-06,13.011672019958496,38505300,5.721,59.09000015258789,133516.0,58.3843879699707
2025-05-07,13.001785278320312,32650800,5.7375,58.06999969482422,133398.0,58.59918212890625
2025-05-08,14.089387893676758,206214600,5.686,59.90999984741211,136232.0,57.77906799316406
2025-05-09,14.366230964660645,87134400,5.6511,61.02000045776367,136512.0,58.56012725830078
2025-05-12,14.19814682006836,71564100,5.6822,61.95000076293945,136563.0,59.956275939941406
2025-05-13,14.78149700164795,58164100,5.6262,63.66999816894531,138963.0,60.795921325683594
2025-05-14,14.484878540039062,47283900,5.61,63.150001525878906,138423.0,60.56159973144531
2025-05-15,14.603527069091797,43622900,5.6328,61.619998931884766,139334.0,61.264556884765625
2025-05-16,14.603527069091797,24313700,5.6925,62.4900016784668,139187.0,61.157161712646484
2025-05-19,14.652962684631348,20967500,5.6591,62.689998626708984,139636.0,60.91307830810547
2025-05-20,14.78149700164795,23985800,5.662,62.560001373291016,140110.0,60.766632080078125
2025-05-21,14.336569786071777,39859700,5.6571,61.56999969482422,137881.0,60.51278305053711
2025-05-22,14.178373336791992,42796000,5.639,61.20000076293945,137273.0,59.67314147949219
2025-05-23,14.22780990600586,32278300,5.6932,61.529998779296875,137824.0,60.12225341796875
2025-05-27,14.21792221069336,30670400,5.6539,60.88999938964844,139541.0,59.3607177734375
2025-05-28,14.138823509216309,31459400,5.6936,61.84000015258789,138888.0,58.53084182739258
2025-05-29,13.941078186035156,48897400,5.6559,60.939998626708984,138534.0,58.77492141723633
2025-05-30,13.792768478393555,82246300,5.7087,60.790000915527344,137027.0,58.02314758300781
2025-06-02,13.555474281311035,45794000,5.6937,62.52000045776367,136787.0,58.16960144042969
2025-06-03,14.020176887512207,44178300,5.6694,63.40999984741211,137546.0,57.456878662109375
2025-06-04,13.792768478393555,32415100,5.6332,62.849998474121094,137002.0,57.163978576660156
2025-06-05,13.426939010620117,44559500,5.5969,63.369998931884766,136236.0,57.837650299072266
2025-06-06,13.417051315307617,24936300,5.5947,64.58000183105469,136102.0,57.63261795043945
2025-06-09,13.011672019958496,80451800,5.576,65.29000091552734,135699.0,57.90599060058594
2025-06-10,12.991899490356445,32255300,5.5557,64.9800033569336,136436.0,58.06220245361328
2025-06-11,13.090770721435547,61925500,5.539,68.1500015258789,137128.0,57.437355041503906
2025-06-12,12.833701133728027,66355600,5.5388,68.04000091552734,137800.0,57.2909049987793
2025-06-13,12.902912139892578,52654600,5.5652,72.9800033569336,137213.0,56.62699890136719
2025-06-16,13.3181791305542,31235100,5.5123,71.7699966430664,139256.0,56.929664611816406
2025-06-17,13.37750244140625,29313700,5.4773,74.83999633789062,138840.0,55.66043472290039
2025-06-18,13.63457202911377,55485100,5.4879,75.13999938964844,138717.0,55.59209060668945
2025-06-20,13.466487884521484,52205800,5.4957,74.93000030517578,137116.0,54.56694793701172
2025-06-23,13.248968124389648,32994200,5.5213,68.51000213623047,136551.0,55.73854446411133
2025-06-24,13.440656661987305,23573800,5.4938,64.37000274658203,137165.0,55.83617401123047
2025-06-25,13.53012752532959,20218100,5.5427,64.91999816894531,135767.0,55.36753845214844
2025-06-26,14.017252922058105,33383200,5.5145,65.23999786376953,137114.0,57.19327163696289
2025-06-27,14.037135124206543,20422900,5.4759,65.5199966430664,136866.0,57.349483489990234
2025-06-30,14.49443531036377,34139300,5.4571,65.11000061035156,138855.0,56.94919204711914
2025-07-01,14.414905548095703,29418200,5.4511,65.44999694824219,139549.0,56.919898986816406
2025-07-02,14.365198135375977,43698400,5.4512,67.44999694824219,139051.0,58.755393981933594
2025-07-03,14.534200668334961,28673500,5.4208,67.0,140928.0,57.62285614013672
2025-07-07,14.564023971557617,60133400,5.4552,67.93000030517578,139490.0,56.295047760009766
2025-07-08,14.504377365112305,32968400,5.4571,68.33000183105469,139303.0,57.339717864990234
2025-07-09,14.39502239227295,43324400,5.4626,68.37999725341797,137481.0,57.320194244384766
2025-07-10,14.007311820983887,54593600,5.5433,66.56999969482422,136743.0,58.67728805541992
2025-07-11,13.649423599243164,24753200,5.5722,68.44999694824219,136187.0,59.65361404418945
2025-07-14,13.53012752532959,16998500,5.5595,66.9800033569336,135299.0,58.40391540527344
2025-07-15,13.649423599243164,28427600,5.5576,66.5199966430664,135250.0,57.08587646484375
2025-07-16,13.59971809387207,21195700,5.5722,66.37999725341797,135511.0,58.3062858581543
2025-07-17,13.659364700317383,19252700,5.5737,67.54000091552734,135565.0,58.608943939208984
2025-07-18,12.893884658813477,110000600,5.5466,67.33999633789062,133382.0,59.10687255859375
2025-07-21,13.02312183380127,27833400,5.5625,67.19999694824219,134167.0,60.58112716674805
2025-07-22,12.99329662322998,17304600,5.5709,66.20999908447266,134036.0,62.80715560913086
2025-07-23,13.311419486999512,20683700,5.5537,65.25,135368.0,63.090293884277344
2025-07-24,13.043004035949707,20520300,5.5239,66.02999877929688,133808.0,62.318992614746094
2025-07-25,12.99329662322998,20299900,5.5426,65.16000366210938,133524.0,61.60626983642578
2025-07-28,12.625468254089355,22762200,5.5877,66.70999908447266,132129.0,60.717811584472656
2025-07-29,12.63541030883789,17195600,5.5764,69.20999908447266,132726.0,60.795921325683594
2025-07-30,12.675174713134766,22210300,5.6034,70.0,133990.0,58.081729888916016
2025-07-31,12.506173133850098,24010500,5.6021,69.26000213623047,133071.0,58.3551025390625
2025-08-01,12.516114234924316,22196200,5.5436,67.33000183105469,132437.0,58.23794174194336
2025-08-04,12.605586051940918,29274800,5.5113,66.29000091552734,132971.0,58.579654693603516
2025-08-05,12.506173133850098,16600500,5.5119,65.16000366210938,133151.0,58.28675842285156
2025-08-06,12.64535140991211,21662300,5.4802,64.3499984741211,134538.0,58.66752624511719
2025-08-07,12.834236145019531,43471800,5.4638,63.880001068115234,136528.0,59.33142852783203
2025-08-08,12.804412841796875,30494500,5.4254,63.880001068115234,135913.0,60.395626068115234
2025-08-11,12.6851167678833,21690500,5.4473,63.959999084472656,135623.0,60.66899490356445
2025-08-12,12.575761795043945,34054800,5.4052,63.16999816894531,137914.0,61.60626983642578
2025-08-13,12.625468254089355,34558200,5.3928,62.650001525878906,136687.0,62.06514358520508
2025-08-14,12.774588584899902,25411600,5.4095,63.959999084472656,136356.0,61.040000915527344
2025-08-15,13.072827339172363,25879800,5.3928,62.79999923706055,136341.0,61.2400016784668
2025-08-18,13.082768440246582,17580500,5.4155,63.41999816894531,137322.0,60.36000061035156
2025-08-19,12.456465721130371,37944900,5.4716,62.349998474121094,134432.0,60.59000015258789
2025-08-20,12.25763988494873,45171200,5.4726,63.209999084472656,134667.0,60.619998931884766
2025-08-21,12.178109169006348,26879900,5.4828,63.52000045776367,134511.0,61.29999923706055
2025-08-22,12.48629093170166,34681400,5.4392,63.65999984741211,137968.0,62.689998626708984
2025-08-25,12.476348876953125,21521500,5.4174,64.80000305175781,138025.0,62.33000183105469
2025-08-26,12.36699390411377,18756700,5.4218,63.25,137771.0,61.95000076293945
2025-08-27,12.5956449508667,23148600,5.4428,64.1500015258789,139206.0,62.11000061035156
2025-08-28,12.953531265258789,44836800,5.4115,64.5999984741211,141049.0,62.880001068115234
2025-08-29,12.903824806213379,27571700,5.4264,64.01000213623047,141422.0,62.720001220703125
