Date,Close_BBDC4,Volume_BBDC4,Close_Dolar,Close_Petroleo,Close_Ibovespa,Close_Minerio
2021-08-02,17.248977661132812,48047120,5.1379,71.26000213623047,122516.0,60.64411926269531
2021-08-03,17.347301483154297,59400990,5.2464,70.55999755859375,123577.0,62.09596252441406
2021-08-04,16.66104507446289,108007020,5.2091,68.1500015258789,121801.0,61.49855041503906
2021-08-05,16.413433074951172,69889160,5.1464,69.08999633789062,121633.0,58.86577606201172
2021-08-06,16.77425193786621,50173090,5.241,68.27999877929688,122810.0,59.02553939819336
2021-08-09,16.76717185974121,38625510,5.2774,66.4800033569336,123019.0,59.44234085083008
2021-08-10,16.52661895751953,38955290,5.2217,68.29000091552734,122202.0,60.39404296875
2021-08-11,16.590301513671875,30339760,5.2013,69.25,122056.0,59.810516357421875
2021-08-12,16.356834411621094,40036700,5.2351,69.08999633789062,120701.0,58.82221984863281
2021-08-13,16.434656143188477,42676590,5.2474,68.44000244140625,121194.0,59.0302848815918
2021-08-16,16.300235748291016,31897250,5.2495,67.29000091552734,119180.0,57.9825439453125
2021-08-17,16.23656463623047,45561120,5.2585,66.58999633789062,117904.0,57.09084701538086
2021-08-18,16.130434036254883,46310550,5.3025,65.45999908447266,116643.0,55.08452606201172
2021-08-19,16.09506607055664,56256860,5.418,63.689998626708984,117165.0,53.81386184692383
2021-08-20,16.003095626831055,31478480,5.4274,62.31999969482422,118053.0,53.888160705566406
2021-08-23,16.116291046142578,31936080,5.3686,65.63999938964844,117472.0,54.244850158691406
2021-08-24,16.540775299072266,40907240,5.3017,67.54000091552734,120211.0,55.797889709472656
2021-08-25,16.56907081604004,20103600,5.2465,68.36000061035156,120818.0,56.02824783325195
2021-08-26,16.250707626342773,33102630,5.2429,67.41999816894531,118724.0,55.00278854370117
2021-08-27,16.462955474853516,22746900,5.22,68.73999786376953,120678.0,56.3477668762207
2021-08-30,16.28608512878418,22814990,5.1952,69.20999908447266,119740.0,56.518672943115234
2021-08-31,16.37805938720703,35247850,5.1433,68.5,118781.0,55.78302764892578
2021-09-01,16.349756240844727,26944060,5.1576,68.58999633789062,119396.0,55.66413497924805
2021-09-02,15.775506019592285,42032980,5.1735,69.98999786376953,116677.0,55.939064025878906
2021-09-03,15.697616577148438,48821960,5.1685,69.29000091552734,116933.0,56.37749481201172
2021-09-08,14.947075843811035,58961320,5.2524,69.30000305175781,113413.0,54.6535530090332
2021-09-09,15.010808944702148,76710590,5.2825,68.13999938964844,115361.0,53.546356201171875
2021-09-10,14.82670783996582,55216260,5.2158,69.72000122070312,114286.0,54.378597259521484
2021-09-13,15.131175994873047,41682960,5.219,70.44999694824219,116404.0,54.82444763183594
2021-09-14,15.032050132751465,36636930,5.226,70.45999908447266,116181.0,54.02192306518555
2021-09-15,14.897517204284668,18948050,5.2576,72.61000061035156,115063.0,54.660980224609375
2021-09-16,14.706338882446289,74356480,5.2594,72.61000061035156,113794.0,52.11963653564453
2021-09-17,14.17530345916748,88977020,5.3103,71.97000122070312,111439.0,50.55916976928711
2021-09-20,13.644254684448242,83070790,5.3332,70.29000091552734,108844.0,49.09531021118164
2021-09-21,13.842513084411621,54100090,5.3044,70.55999755859375,110250.0,48.57514953613281
2021-09-22,14.047849655151367,42577590,5.2783,72.2300033569336,112282.0,49.48169708251953
2021-09-23,14.670938491821289,51252410,5.2891,73.30000305175781,114064.0,49.823524475097656
2021-09-24,14.345232009887695,44736120,5.3435,73.9800033569336,113283.0,49.615455627441406
2021-09-27,14.77714729309082,89182170,5.3478,75.44999694824219,113583.0,50.18763732910156
2021-09-28,14.465603828430176,109024520,5.4206,75.29000091552734,110124.0,48.916961669921875
2021-09-29,14.727585792541504,63995360,5.4173,74.83000183105469,111107.0,48.85009002685547
2021-09-30,14.748820304870605,77271700,5.4394,75.02999877929688,110979.0,49.65261459350586
2021-10-01,15.117008209228516,46504920,5.3911,75.87999725341797,112900.0,49.64518737792969
2021-10-04,14.69107723236084,42585840,5.4204,77.62000274658203,110393.0,49.45941162109375
2021-10-05,14.939115524291992,35939200,5.4611,78.93000030517578,110458.0,49.32565689086914
2021-10-06,15.052499771118164,38029200,5.5097,77.43000030517578,110560.0,49.83837890625
2021-10-07,14.676896095275879,63955540,5.514,78.30000305175781,110585.0,50.62604522705078
2021-10-08,14.776121139526367,75912210,5.5084,79.3499984741211,112833.0,50.878692626953125
2021-10-11,14.506819725036621,39408270,5.5161,80.5199966430664,112180.0,51.87441635131836
2021-10-13,14.464299201965332,51281670,5.5471,80.44000244140625,113456.0,51.30968475341797
2021-10-14,14.329641342163086,49092780,5.4988,81.30999755859375,113185.0,52.825565338134766
2021-10-15,15.08084774017334,64975020,5.451,82.27999877929688,114648.0,52.335140228271484
2021-10-18,15.343063354492188,40842340,5.5193,82.44000244140625,114428.0,52.14935302734375
2021-10-19,14.868247032165527,49452260,5.5521,82.95999908447266,110673.0,52.67694091796875
2021-10-20,15.37850284576416,53331080,5.5571,83.87000274658203,110786.0,50.62604522705078
2021-10-21,15.059590339660645,63172340,5.6423,82.5,107735.0,48.70146560668945
2021-10-22,14.49263858795166,85791750,5.7117,83.76000213623047,106296.0,48.9541130065918
2021-10-25,14.712331771850586,27476570,5.5973,83.76000213623047,108715.0,49.6600456237793
2021-10-26,14.379255294799805,40538850,5.58,84.6500015258789,106420.0,49.065582275390625
2021-10-27,14.570595741271973,31750950,5.5667,82.66000366210938,106363.0,47.88408660888672
2021-10-28,14.520986557006836,29216880,5.6124,82.80999755859375,105705.0,47.92866516113281
2021-10-29,14.102862358093262,30768100,5.643,83.56999969482422,103501.0,47.014678955078125
2021-11-01,14.5918550491333,30642040,5.6694,84.05000305175781,105551.0,47.103851318359375
2021-11-03,14.470545768737793,50494950,5.6672,80.86000061035156,105617.0,46.152706146240234
2021-11-04,13.512933731079102,78727770,5.5942,78.80999755859375,103412.0,45.22385787963867
2021-11-05,14.179720878601074,118130540,5.5455,81.2699966430664,104824.0,45.04551696777344
2021-11-08,13.853412628173828,56784310,5.5627,81.93000030517578,104781.0,46.28646469116211
2021-11-09,13.697359085083008,66943360,5.4957,84.1500015258789,105535.0,45.625118255615234
2021-11-10,14.46345043182373,96874910,5.459,81.33999633789062,105968.0,44.83744812011719
2021-11-11,14.534381866455078,39270990,5.4171,81.58999633789062,107725.0,46.814048767089844
2021-11-12,14.676243782043457,46733060,5.4199,80.79000091552734,106312.0,46.32361602783203
2021-11-16,14.654973030090332,41142090,5.4772,80.76000213623047,104508.0,44.993499755859375
2021-11-17,14.718811988830566,43446370,5.4993,78.36000061035156,102945.0,45.08267593383789
2021-11-18,14.576939582824707,61360750,5.547,79.01000213623047,102524.0,44.510501861572266
2021-11-19,14.56275749206543,43549440,5.5584,76.0999984741211,103035.0,45.11239242553711
2021-11-22,14.31448745727539,41808360,5.5841,76.75,102122.0,46.07839584350586
2021-11-23,14.591133117675781,41310170,5.6456,78.5,103663.0,47.43824005126953
2021-11-24,14.96707820892334,37099150,5.6027,78.38999938964844,104514.0,47.37135314941406
2021-11-26,14.48472785949707,43187100,5.5865,68.1500015258789,102224.0,46.31618118286133
2021-11-29,14.378332138061523,30746980,5.6118,69.94999694824219,102814.0,46.76945877075195
2021-11-30,14.122964859008789,65055100,5.6199,66.18000030517578,101915.0,46.58368682861328
2021-12-01,14.066219329833984,42846430,5.6168,65.56999969482422,100775.0,46.18986129760742
2021-12-02,14.782611846923828,64814970,5.6345,66.5,104466.0,47.653724670410156
2021-12-03,14.740004539489746,41316880,5.6432,66.26000213623047,105070.0,45.57310485839844
2021-12-06,15.052420616149902,46710070,5.6877,69.48999786376953,106859.0,46.137847900390625
2021-12-07,14.874908447265625,47259850,5.6411,72.05000305175781,107558.0,47.676021575927734
2021-12-08,14.782611846923828,35081420,5.5779,72.36000061035156,108096.0,47.46795654296875
2021-12-09,14.40630054473877,28753890,5.5564,70.94000244140625,106291.0,47.54226303100586
2021-12-10,14.3494873046875,30212710,5.5931,71.66999816894531,107758.0,47.63886260986328
2021-12-13,14.0867919921875,33137500,5.6357,71.29000091552734,107383.0,47.713172912597656
2021-12-14,14.299799919128418,45201860,5.6461,70.7300033569336,106760.0,48.0772819519043
2021-12-15,14.299799919128418,44282040,5.7127,70.87000274658203,107370.0,47.965824127197266
2021-12-16,14.477302551269531,39404310,5.6963,72.37999725341797,108212.0,48.89467239379883
2021-12-17,14.072590827941895,62958720,5.6959,70.86000061035156,107201.0,48.233333587646484
2021-12-20,13.781477928161621,49098940,5.7055,68.2300033569336,105020.0,47.80234909057617
2021-12-21,13.72244644165039,24044790,5.7372,71.12000274658203,105500.0,49.05072021484375
2021-12-22,13.787144660949707,33019030,5.7201,72.76000213623047,105244.0,48.9541130065918
2021-12-23,13.83027458190918,29967190,5.691,73.79000091552734,104891.0,49.19933319091797
2021-12-27,13.988423347473145,22208010,5.665,75.56999969482422,105531.0,49.347957611083984
2021-12-28,13.93809986114502,19267820,5.6438,75.9800033569336,104864.0,48.98384094238281
2021-12-29,13.873405456542969,15056580,5.6619,76.55999755859375,104107.0,49.13246154785156
2021-12-30,13.808712005615234,36097050,5.5805,76.98999786376953,104822.0,49.615455627441406
2022-01-03,14.153749465942383,35620970,5.6309,76.08000183105469,103922.0,49.58573532104492
2022-01-04,14.246549606323242,110060060,5.6776,76.98999786376953,103514.0,50.17277145385742
2022-01-05,14.145813941955566,45808070,5.6628,77.8499984741211,101006.0,51.057029724121094
2022-01-06,14.347278594970703,36651120,5.7042,79.45999908447266,101561.0,52.04533386230469
2022-01-07,14.555943489074707,84778540,5.6753,78.9000015258789,102719.0,53.680110931396484
2022-01-10,14.606315612792969,51092910,5.6736,78.2300033569336,101945.0,54.029354095458984
2022-01-11,14.62789535522461,53026600,5.6351,81.22000122070312,103779.0,55.30001449584961
2022-01-12,14.519968032836914,49113570,5.5611,82.63999938964844,105686.0,56.526100158691406
2022-01-13,14.778993606567383,57497660,5.5246,82.12000274658203,105530.0,56.221439361572266
2022-01-14,15.016439437866211,56481590,5.5349,83.81999969482422,106928.0,56.02824783325195
2022-01-18,15.376200675964355,74687690,5.5213,85.43000030517578,106522.0,56.27346420288086
2022-01-19,15.181925773620605,50084980,5.4978,86.95999908447266,108013.0,57.90080261230469
2022-01-20,15.1675386428833,28939130,5.4166,86.9000015258789,109102.0,56.59299087524414
2022-01-21,15.009244918823242,44387750,5.4401,85.13999938964844,108942.0,55.25543975830078
2022-01-24,15.325827598571777,86358580,5.491,83.30999755859375,107752.0,54.44547653198242
2022-01-25,15.937427520751953,74485400,5.4971,85.5999984741211,109845.0,54.750144958496094
2022-01-26,15.951812744140625,75827730,5.4324,87.3499984741211,111573.0,55.01021957397461
2022-01-27,16.030963897705078,65708720,5.3812,86.61000061035156,112315.0,55.797889709472656
2022-01-28,16.261211395263672,49132160,5.3954,86.81999969482422,111478.0,54.34144592285156
2022-01-31,16.40511131286621,62474390,5.3574,88.1500015258789,112388.0,53.05592727661133
2022-02-01,16.462684631347656,29653910,5.281,88.19999694824219,113147.0,55.13654708862305
2022-02-02,16.16668701171875,51841460,5.2956,88.26000213623047,112161.0,55.203426361083984
2022-02-03,16.404325485229492,42935860,5.3025,90.2699966430664,111696.0,54.594093322753906
2022-02-04,16.512348175048828,40621790,5.3284,92.30999755859375,112245.0,54.906192779541016
2022-02-07,16.454734802246094,33281710,5.2913,91.31999969482422,111996.0,56.94966125488281
2022-02-08,16.361122131347656,48921730,5.2699,89.36000061035156,112234.0,58.03455352783203
2022-02-09,14.956891059875488,226386930,5.2735,89.66000366210938,112461.0,58.205474853515625
2022-02-10,15.172914505004883,80558500,5.2101,89.87999725341797,113359.0,58.67361068725586
2022-02-11,15.22332763671875,89646920,5.1987,93.0999984741211,113572.0,57.80419921875
2022-02-14,15.244937896728516,42557020,5.2106,95.45999908447266,113807.0,58.235191345214844
2022-02-15,15.259340286254883,45128050,5.1881,92.06999969482422,114660.0,57.31377029418945
2022-02-16,15.439371109008789,44218790,5.163,93.66000366210938,115181.0,58.37636947631836
2022-02-17,15.259340286254883,25904450,5.1565,91.76000213623047,113528.0,56.97938537597656
2022-02-18,15.34575080871582,33335500,5.1339,91.06999969482422,112768.0,57.685306549072266
2022-02-22,15.108116149902344,44470030,5.0611,92.3499984741211,112892.0,57.789337158203125
2022-02-23,15.036094665527344,26533320,5.0143,92.0999984741211,112008.0,57.58871078491211
2022-02-24,14.582427978515625,79078560,5.1174,92.80999755859375,111592.0,56.0431022644043
2022-02-25,14.654441833496094,55603460,5.1394,91.58999633789062,113142.0,57.93052291870117
2022-03-02,14.503213882446289,42620050,5.1347,110.5999984741211,115174.0,62.076904296875
2022-03-03,14.783439636230469,42707830,5.0479,107.66999816894531,115166.0,62.418739318847656
2022-03-04,14.358176231384277,43527770,5.0758,115.68000030517578,114474.0,60.84339904785156
2022-03-07,13.990571975708008,52141650,5.0579,119.4000015258789,111593.0,59.104591369628906
2022-03-08,14.170766830444336,68288990,5.0903,123.69999694824219,111203.0,57.611000061035156
2022-03-09,15.07896614074707,62361860,5.0094,108.69999694824219,113900.0,57.75218963623047
2022-03-10,14.985264778137207,33495110,5.0513,106.0199966430664,113663.0,59.27260208129883
2022-03-11,14.920391082763672,42839830,5.0255,109.33000183105469,111713.0,57.58588409423828
2022-03-14,15.028508186340332,36692150,5.0647,103.01000213623047,109928.0,54.933082580566406
2022-03-15,14.992474555969238,51826390,5.1314,96.44000244140625,108959.0,54.70343017578125
2022-03-16,15.208704948425293,51718480,5.1287,95.04000091552734,111112.0,57.58588409423828
2022-03-17,15.266375541687012,52868970,5.0764,102.9800033569336,113076.0,59.26468276977539
2022-03-18,15.230330467224121,91396580,5.0411,104.69999694824219,115311.0,59.731903076171875
2022-03-21,15.59072208404541,46281290,4.9666,112.12000274658203,116155.0,61.52156066894531
2022-03-22,15.785344123840332,48284500,4.9208,111.76000213623047,117272.0,60.55546951293945
2022-03-23,15.684428215026855,30857860,4.8704,114.93000030517578,117457.0,61.67201614379883
2022-03-24,15.915081024169922,43444170,4.8067,112.33999633789062,119053.0,62.00461196899414
2022-03-25,16.05924415588379,40055180,4.7782,113.9000015258789,119081.0,62.97071075439453
2022-03-28,15.979955673217773,25232680,4.7905,105.95999908447266,118738.0,62.18674087524414
2022-03-29,16.26827049255371,54799690,4.7486,104.23999786376953,120014.0,62.067962646484375
2022-03-30,16.1673641204834,27442800,4.7497,107.81999969482422,120260.0,63.74675750732422
2022-03-31,16.01599884033203,36693250,4.7378,100.27999877929688,119999.0,63.66756820678711
2022-04-01,15.84300708770752,35110570,4.6984,99.2699966430664,121570.0,65.47306823730469
2022-04-04,15.777334213256836,22034760,4.6175,103.27999877929688,121280.0,64.44361877441406
2022-04-05,15.337278366088867,41254180,4.64,101.95999908447266,118885.0,63.73884963989258
2022-04-06,15.25792121887207,44633160,4.6967,96.2300033569336,118228.0,63.80218505859375
2022-04-07,15.322846412658691,33112640,4.7422,96.02999877929688,118862.0,64.02391815185547
2022-04-08,15.49598503112793,37651020,4.7513,98.26000213623047,118322.0,63.572540283203125
2022-04-11,15.474347114562988,32351330,4.7025,94.29000091552734,116953.0,63.144927978515625
2022-04-12,15.337278366088867,29440620,4.6483,100.5999984741211,116147.0,63.73884963989258
2022-04-13,15.49598503112793,35077570,4.6811,104.25,116782.0,64.88706970214844
2022-04-14,15.459918022155762,30043860,4.7158,106.94999694824219,116182.0,64.8316421508789
2022-04-18,15.734049797058105,34271160,4.6746,108.20999908447266,115687.0,65.25133514404297
2022-04-19,15.52989387512207,32993200,4.6664,102.55999755859375,115057.0,63.905120849609375
2022-04-20,15.474347114562988,22521400,4.6397,102.75,114344.0,62.22633743286133
2022-04-22,15.252145767211914,35690800,4.7326,102.06999969482422,111078.0,57.546295166015625
2022-04-25,15.156919479370117,38839200,4.8818,98.54000091552734,110685.0,56.09714126586914
2022-04-26,14.506211280822754,66772900,4.9666,101.69999694824219,108213.0,54.43418502807617
2022-04-27,14.59349250793457,62402800,5.0167,102.0199966430664,109349.0,56.9365348815918
2022-04-28,14.458593368530273,66856100,5.011,105.36000061035156,109919.0,56.627708435058594
2022-04-29,14.26814079284668,61884300,4.9191,104.69000244140625,107876.0,56.318870544433594
2022-05-02,14.26020336151123,43038200,5.0266,105.16999816894531,106639.0,56.18425369262695
2022-05-03,14.354717254638672,55511000,5.0167,102.41000366210938,106528.0,56.318870544433594
2022-05-04,14.561262130737305,54528700,5.0093,107.80999755859375,108344.0,56.865272521972656
2022-05-05,14.084620475769043,47513400,5.0051,108.26000213623047,105304.0,54.61632537841797
2022-05-06,14.378544807434082,73889800,5.075,109.7699966430664,105135.0,53.903621673583984
2022-05-09,14.593045234680176,66525900,5.134,103.08999633789062,103250.0,51.44878005981445
2022-05-10,14.736024856567383,57446300,5.139,99.76000213623047,103110.0,51.551727294921875
2022-05-11,14.990229606628418,44034600,5.1244,105.70999908447266,104397.0,51.80513000488281
2022-05-12,15.085554122924805,25040300,5.1482,106.12999725341797,105688.0,51.01324462890625
2022-05-13,15.26032543182373,27983200,5.1075,110.48999786376953,106924.0,52.113956451416016
2022-05-16,15.514528274536133,29746400,5.0666,114.19999694824219,108233.0,52.71579360961914
2022-05-17,15.832295417785645,37015800,4.9676,112.4000015258789,108789.0,54.608402252197266
2022-05-18,15.538366317749023,45581800,4.9592,109.58999633789062,106247.0,52.79498291015625
2022-05-19,15.41919994354248,55752600,4.9198,112.20999908447266,107005.0,53.79276657104492
2022-05-20,15.625750541687012,38174000,4.8777,113.2300033569336,108488.0,55.06769561767578
2022-05-23,15.879953384399414,36222200,4.7973,110.29000091552734,110346.0,56.010047912597656
2022-05-24,16.213600158691406,40495800,4.8106,109.7699966430664,110581.0,56.437652587890625
2022-05-25,16.030900955200195,30288400,4.8359,110.33000183105469,110580.0,56.92862319946289
2022-05-26,16.11827278137207,39550400,4.7967,114.08999633789062,111890.0,57.11867141723633
2022-05-27,16.348649978637695,40497700,4.7434,115.06999969482422,111942.0,57.95808029174805
2022-05-31,16.28510093688965,55770400,4.7289,114.66999816894531,111351.0,58.15604782104492
2022-06-01,15.99117374420166,35754500,4.7765,115.26000213623047,111360.0,57.98976135253906
2022-06-02,15.926740646362305,27083600,4.7879,116.87000274658203,112393.0,60.040733337402344
2022-06-03,15.83132553100586,17800100,4.7956,118.87000274658203,111102.0,59.28052520751953
2022-06-06,15.84722900390625,11405400,4.7839,118.5,110186.0,60.11199951171875
2022-06-07,15.712050437927246,21522200,4.8909,119.41000366210938,110070.0,62.083797454833984
2022-06-08,15.433745384216309,23629700,4.8711,122.11000061035156,108368.0,60.57130813598633
2022-06-09,15.425797462463379,40261700,4.8951,121.51000213623047,107094.0,58.924171447753906
2022-06-10,15.19521427154541,39495800,4.9836,120.66999816894531,105481.0,56.77025604248047
2022-06-13,14.97257137298584,28188100,5.1033,120.93000030517578,102598.0,54.4896240234375
2022-06-14,14.821493148803711,23589800,5.1203,118.93000030517578,102063.0,53.38889694213867
2022-06-15,14.924859046936035,42167500,5.1119,115.30999755859375,102807.0,55.051856994628906
2022-06-17,14.694269180297852,56517300,5.1313,109.55999755859375,99825.0,51.108272552490234
2022-06-21,14.976702690124512,30440200,5.1462,110.6500015258789,99685.0,51.7892951965332
2022-06-22,14.912422180175781,35022300,5.1509,106.19000244140625,99522.0,49.65911865234375
2022-06-23,14.518725395202637,36957800,5.1833,104.2699966430664,98080.0,48.154537200927734
2022-06-24,14.398200035095215,34188700,5.2334,107.62000274658203,98672.0,49.66704177856445
2022-06-27,14.599067687988281,24748500,5.2214,109.56999969482422,100764.0,49.904605865478516
2022-06-28,14.390170097351074,31457800,5.2179,111.76000213623047,100591.0,50.09465408325195
2022-06-29,14.141094207763672,45403300,5.2268,109.77999877929688,99622.0,49.833335876464844
2022-06-30,13.819703102111816,42129000,5.238,105.76000213623047,98542.0,48.30500030517578
2022-07-01,13.924156188964844,22723600,5.3142,108.43000030517578,98954.0,47.37849426269531
2022-07-05,13.810715675354004,19873600,5.3899,99.5,98295.0,45.35918045043945
2022-07-06,13.698115348815918,20841700,5.4321,98.52999877929688,98719.0,45.34334182739258
2022-07-07,13.979633331298828,39176300,5.364,102.7300033569336,100730.0,47.109249114990234
2022-07-08,13.987683296203613,19211100,5.3086,104.79000091552734,100289.0,46.80833053588867
2022-07-11,13.706154823303223,15202200,5.3477,104.08999633789062,98212.0,45.77888870239258
2022-07-12,13.762459754943848,25334600,5.412,95.83999633789062,98271.0,45.31167221069336
2022-07-13,13.448763847351074,30571100,5.3992,96.30000305175781,97881.0,46.00852966308594
2022-07-14,13.143109321594238,45285000,5.4568,95.77999877929688,96121.0,43.30028533935547
2022-07-15,13.223540306091309,39165900,5.4014,97.58999633789062,96551.0,43.878360748291016
2022-07-18,13.3924560546875,27541200,5.3675,102.5999984741211,96916.0,44.852378845214844
2022-07-19,13.883113861083984,32754800,5.3904,104.22000122070312,98245.0,45.493804931640625
2022-07-20,13.706154823303223,35322500,5.4288,102.26000213623047,98287.0,45.37501907348633
2022-07-21,13.89116096496582,28221100,5.475,96.3499984741211,99033.0,45.557151794433594
2022-07-22,13.714194297790527,32676600,5.4522,94.69999694824219,98925.0,45.53339767456055
2022-07-25,13.899197578430176,24554900,5.4144,96.69999694824219,100270.0,47.25178909301758
2022-07-26,13.802677154541016,25712700,5.3608,94.9800033569336,99772.0,46.80833053588867
2022-07-27,13.883113861083984,20248300,5.3074,97.26000213623047,101438.0,47.0538215637207
2022-07-28,13.987683296203613,32776400,5.2149,96.41999816894531,102597.0,47.4180908203125
2022-07-29,14.019851684570312,31334800,5.1884,98.62000274658203,103165.0,48.32875061035156
2022-08-01,13.987683296203613,22790100,5.1606,93.88999938964844,102225.0,47.711082458496094
2022-08-02,14.228418350219727,40541200,5.2329,94.41999816894531,103362.0,46.95878601074219
2022-08-03,14.453883171081543,28300300,5.2846,90.66000366210938,103775.0,46.863765716552734
2022-08-04,14.719613075256348,46297600,5.2409,88.54000091552734,105892.0,46.97462844848633
2022-08-05,14.896766662597656,70278300,5.2165,89.01000213623047,106472.0,48.059513092041016
2022-08-08,14.945075035095215,28027200,5.1247,90.76000213623047,108402.0,48.1466178894043
2022-08-09,15.16248607635498,33583700,5.1224,90.5,108651.0,48.57423782348633
2022-08-10,15.404059410095215,40650200,5.0497,91.93000030517578,110236.0,48.86723327636719
2022-08-11,15.53289794921875,38010400,5.1127,94.33999633789062,109718.0,49.64527130126953
2022-08-12,15.72614574432373,29995100,5.1023,92.08999633789062,112764.0,49.82736587524414
2022-08-15,15.645625114440918,30443000,5.0925,89.41000366210938,113032.0,48.428558349609375
2022-08-16,15.871091842651367,23972600,5.134,86.52999877929688,113512.0,50.47296905517578
2022-08-17,15.89525032043457,23628000,5.1784,88.11000061035156,113708.0,49.38040542602539
2022-08-18,15.9918794631958,22363200,5.1773,90.5,113813.0,50.06740188598633
2022-08-19,15.790571212768555,22014600,5.1961,90.7699966430664,111496.0,48.69342041015625
2022-08-22,15.573159217834473,15569700,5.1709,90.2300033569336,110501.0,48.776187896728516
2022-08-23,15.685885429382324,12149300,5.103,93.73999786376953,112857.0,50.572288513183594
2022-08-24,15.597312927246094,23308700,5.105,94.88999938964844,112898.0,48.933448791503906
2022-08-25,15.710050582885742,33878200,5.1173,92.5199966430664,113532.0,49.80253219604492
2022-08-26,15.653682708740234,29014500,5.0903,93.05999755859375,112299.0,49.42179489135742
2022-08-29,15.710050582885742,19061800,5.0428,97.01000213623047,112323.0,49.032779693603516
2022-08-30,15.661725044250488,18597600,5.0617,91.63999938964844,110431.0,46.98836135864258
2022-08-31,15.267172813415527,50789500,5.179,89.55000305175781,109523.0,46.591068267822266
2022-09-01,15.396010398864746,32988800,5.2007,86.61000061035156,110405.0,44.9770622253418
2022-09-02,15.564445495605469,49703800,5.1878,86.87000274658203,110864.0,45.10121536254883
2022-09-06,15.499969482421875,35403700,5.2228,86.87999725341797,109764.0,45.42401885986328
2022-09-08,15.411298751831055,18121700,5.2155,83.54000091552734,109916.0,45.804752349853516
2022-09-09,15.620861053466797,17577500,5.1633,86.79000091552734,112300.0,47.948490142822266
2022-09-12,15.774011611938477,21459500,5.1183,87.77999877929688,113407.0,48.701698303222656
2022-09-13,15.653105735778809,20325400,5.1794,87.30999755859375,110794.0,46.91387176513672
2022-09-14,15.580565452575684,17631500,5.1774,88.4800033569336,110547.0,46.516578674316406
2022-09-15,15.524147033691406,17430800,5.2211,85.0999984741211,109954.0,45.81303024291992
2022-09-16,15.34681510925293,55848400,5.2882,85.11000061035156,109280.0,45.66404342651367
2022-09-19,15.741766929626465,47561500,5.2367,85.7300033569336,111824.0,46.60762405395508
2022-09-20,16.24957275390625,55045000,5.1705,84.44999694824219,112517.0,45.61438751220703
2022-09-21,16.152851104736328,36242300,5.1692,82.94000244140625,111936.0,44.05003356933594
2022-09-22,16.523622512817383,39088100,5.1677,83.48999786376953,114070.0,45.81303024291992
2022-09-23,16.201204299926758,38353600,5.2257,78.73999786376953,111716.0,43.17267990112305
2022-09-26,15.91103458404541,10591200,5.3548,76.70999908447266,109114.0,42.3946418762207
2022-09-27,15.814311981201172,29141500,5.3508,78.5,108376.0,43.354774475097656
2022-09-28,15.822379112243652,38504200,5.3594,82.1500015258789,108451.0,44.58803939819336
2022-09-29,15.943283081054688,36767300,5.3916,81.2300033569336,107664.0,45.672325134277344
2022-09-30,15.991643905639648,23472700,5.4066,79.48999786376953,110037.0,45.57300567626953
2022-10-03,17.09589958190918,72013900,5.2002,83.62999725341797,116134.0,47.178733825683594
2022-10-04,17.087007522583008,32759000,5.1411,86.5199966430664,116230.0,49.04104995727539
2022-10-05,17.272560119628906,28893000,5.2144,87.76000213623047,117198.0,48.618927001953125
2022-10-06,16.91758918762207,47265200,5.2009,88.44999694824219,117561.0,47.31944274902344
2022-10-07,16.514219284057617,73837200,5.2221,92.63999938964844,116375.0,47.42703628540039
2022-10-10,16.26412582397461,49206300,5.1941,91.12999725341797,115941.0,47.559471130371094
2022-10-11,16.22378158569336,32893900,5.2068,89.3499984741211,114827.0,46.48346710205078
2022-10-13,15.989819526672363,37633900,5.3017,89.11000061035156,114300.0,46.70694351196289
2022-10-14,15.884941101074219,26359800,5.2824,85.61000061035156,112072.0,44.455604553222656
2022-10-17,15.997896194458008,18923800,5.2713,85.45999908447266,113624.0,45.672325134277344
2022-10-18,16.11890411376953,44309400,5.2697,82.81999969482422,115743.0,45.28330612182617
2022-10-19,16.191509246826172,29547600,5.2808,85.55000305175781,116274.0,44.48044204711914
2022-10-20,16.377065658569336,49603500,5.2176,85.9800033569336,117171.0,44.141090393066406
2022-10-21,16.723966598510742,50452400,5.1919,85.05000305175781,119929.0,45.98685073852539
2022-10-24,16.01403045654297,41018300,5.2744,84.58000183105469,116013.0,44.77013397216797
2022-10-25,15.917216300964355,24860900,5.3091,85.31999969482422,114626.0,45.56472396850586
2022-10-26,15.223408699035645,55001100,5.3248,87.91000366210938,112764.0,47.10424041748047
2022-10-27,15.505773544311523,32956100,5.3003,89.08000183105469,114641.0,45.31641387939453
2022-10-28,15.594511985778809,23368600,5.3454,87.9000015258789,114539.0,43.72723388671875
2022-10-31,16.022096633911133,58768900,5.257,86.52999877929688,116037.0,44.15763854980469
2022-11-01,16.110836029052734,48476000,5.15,88.37000274658203,116929.0,45.498504638671875
2022-11-03,15.835451126098633,31611800,5.1349,88.16999816894531,116896.0,43.884498596191406
2022-11-04,15.665876388549805,41996600,5.036,92.61000061035156,118155.0,48.287845611572266
2022-11-07,15.149062156677246,52267000,5.0886,91.79000091552734,115342.0,48.387168884277344
2022-11-08,15.003708839416504,56009200,5.1744,88.91000366210938,116160.0,49.264530181884766
2022-11-09,12.39542007446289,499194800,5.1629,85.83000183105469,113580.0,48.29612731933594
2022-11-10,12.032034873962402,180563000,5.3064,86.47000122070312,109775.0,50.3322639465332
2022-11-11,12.233916282653809,121144900,5.3051,88.95999908447266,112253.0,53.56027603149414
2022-11-14,12.241989135742188,73637500,5.3013,85.87000274658203,113161.0,53.171260833740234
2022-11-16,12.282366752624512,69709700,5.3204,85.58999633789062,110243.0,53.39473342895508
2022-11-17,12.548848152160645,111982000,5.4655,81.63999938964844,109703.0,53.742374420166016
2022-11-18,12.605374336242676,76091400,5.3477,80.08000183105469,108880.0,53.95757293701172
2022-11-21,12.51655101776123,46728300,5.3259,79.7300033569336,109748.0,53.204368591308594
2022-11-22,12.468095779418945,40922700,5.3339,80.94999694824219,109037.0,53.96584701538086
2022-11-23,12.379267692565918,48131200,5.393,77.94000244140625,108683.0,54.74388122558594
2022-11-25,12.39542007446289,31535100,5.3508,76.27999877929688,108977.0,54.40453338623047
2022-11-28,12.379267692565918,35206100,5.3796,77.23999786376953,108782.0,53.96584701538086
2022-11-29,12.524622917175293,31529200,5.3076,78.19999694824219,110910.0,56.16752624511719
2022-11-30,12.581148147583008,39650500,5.2941,80.55000305175781,112486.0,56.81312561035156
2022-12-01,12.435794830322266,59654400,5.1948,81.22000122070312,110926.0,57.26008605957031
2022-12-02,12.426881790161133,86889800,5.1974,79.9800033569336,111924.0,57.78981399536133
2022-12-05,11.966029167175293,48011700,5.2464,76.93000030517578,109401.0,57.49183654785156
2022-12-06,12.249007225036621,73397300,5.2396,74.25,109533.0,58.22020721435547
2022-12-07,12.111560821533203,27019100,5.2208,72.01000213623047,109361.0,57.814632415771484
2022-12-08,11.763899803161621,40884200,5.2091,71.45999908447266,107245.0,59.428653717041016
2022-12-09,11.561769485473633,29843800,5.2396,71.0199966430664,107689.0,59.999755859375
2022-12-12,11.432408332824707,62653000,5.3066,73.16999816894531,105264.0,58.87409210205078
2022-12-13,11.092828750610352,46700100,5.2669,75.38999938964844,103892.0,59.271385192871094
2022-12-14,11.327301025390625,76655700,5.3406,77.27999877929688,103803.0,58.53474426269531
2022-12-15,11.18985366821289,46986900,5.3183,76.11000061035156,103738.0,58.31126022338867
2022-12-16,11.173685073852539,50773500,5.2806,74.29000091552734,102825.0,57.467010498046875
2022-12-19,11.480921745300293,35317400,5.316,75.19000244140625,104530.0,56.99522018432617
2022-12-20,11.893259048461914,84518300,5.2427,76.08999633789062,106979.0,57.63254165649414
2022-12-21,11.990281105041504,43956000,5.2031,78.29000091552734,107313.0,58.55129623413086
2022-12-22,12.03071117401123,20749500,5.1871,77.48999786376953,107317.0,58.178829193115234
2022-12-23,12.240925788879395,21104200,5.1445,79.55999755859375,109698.0,58.59267807006836
2022-12-27,11.893259048461914,78235200,5.2832,79.52999877929688,108347.0,59.122398376464844
2022-12-28,12.25709056854248,45117800,5.2736,78.95999908447266,110237.0,58.46023941040039
2022-12-29,12.249007225036621,41911700,5.2177,78.4000015258789,110031.0,58.840980529785156
2023-01-03,11.333795547485352,127764400,5.3759,76.93000030517578,104166.0,58.81615447998047
2023-01-04,11.366180419921875,153235200,5.4459,72.83999633789062,105334.0,59.21344757080078
2023-01-05,11.860006332397461,164949200,5.4026,73.66999816894531,107518.0,59.552799224853516
2023-01-06,12.191926002502441,86788300,5.2855,73.7699966430664,108836.0,61.30751419067383
2023-01-09,12.346386909484863,73674800,5.2967,74.62999725341797,109227.0,61.37372970581055
2023-01-10,12.716950416564941,118245200,5.2395,75.12000274658203,110912.0,62.58217239379883
2023-01-11,12.969600677490234,88295000,5.202,77.41000366210938,111763.0,62.366973876953125
2023-01-12,12.66641902923584,97774200,5.14,78.38999938964844,111877.0,64.2955093383789
2023-01-13,12.624306678771973,35872400,5.1146,79.86000061035156,110916.0,64.18791198730469
2023-01-17,12.321124076843262,36676900,5.1203,80.18000030517578,111439.0,62.88014221191406
2023-01-18,12.506400108337402,46015200,5.0909,79.4800033569336,112452.0,63.236053466796875
2023-01-19,12.53166389465332,77758400,5.2144,80.33000183105469,113006.0,63.997528076171875
2023-01-20,12.354808807373047,39537400,5.1986,81.30999755859375,112301.0,64.87489318847656
2023-01-23,11.832655906677246,72241700,5.1922,81.62000274658203,111709.0,65.18942260742188
2023-01-24,11.958983421325684,32256100,5.1696,80.12999725341797,113028.0,65.37979125976562
2023-01-25,11.874765396118164,44253900,5.1042,80.1500015258789,114195.0,66.11644744873047
2023-01-26,11.908454895019531,36574500,5.0951,81.01000213623047,114109.0,66.5468521118164
2023-01-27,11.554736137390137,56910500,5.0767,79.68000030517578,112502.0,65.8929672241211
2023-01-30,11.613688468933105,58048100,5.0959,77.9000015258789,111888.0,65.33013916015625
2023-01-31,11.807390213012695,39064700,5.0993,78.87000274658203,113532.0,65.67776489257812
2023-02-01,11.580002784729004,37948600,5.0721,76.41000366210938,112303.0,65.4625473022461
2023-02-02,11.756241798400879,77873500,4.9901,75.87999725341797,109935.0,62.201438903808594
2023-02-03,11.49480152130127,39818600,5.103,73.38999938964844,108490.0,61.83724594116211
2023-02-06,11.45263671875,27231000,5.1763,74.11000061035156,108456.0,61.15026092529297
2023-02-07,11.385170936584473,32094700,5.1695,77.13999938964844,107920.0,61.779300689697266
2023-02-08,11.941777229309082,81945200,5.2036,78.47000122070312,109882.0,61.53927230834961
2023-02-09,11.638171195983887,58306600,5.2315,78.05999755859375,107783.0,61.55583953857422
2023-02-10,10.685187339782715,237891100,5.2526,79.72000122070312,108150.0,60.68675994873047
2023-02-13,11.06470012664795,87016300,5.1834,80.13999938964844,108846.0,61.24958038330078
2023-02-14,11.16589641571045,56512300,5.1507,79.05999755859375,107659.0,61.8289680480957
2023-02-15,11.604436874389648,85427900,5.2243,78.58999633789062,109442.0,61.60548782348633
2023-02-16,11.823707580566406,69398600,5.2432,78.48999786376953,109905.0,62.00279235839844
2023-02-17,11.756241798400879,38594300,5.2012,76.33999633789062,109303.0,61.61377716064453
2023-02-22,11.638171195983887,36666600,5.173,73.94999694824219,107152.0,60.297725677490234
2023-02-23,11.58757209777832,42173800,5.133,75.38999938964844,107720.0,59.172061920166016
2023-02-24,11.216500282287598,40443000,5.1791,76.31999969482422,105873.0,57.0283317565918
2023-02-27,11.106863021850586,24898500,5.196,75.68000030517578,105711.0,57.243534088134766
2023-02-28,11.030964851379395,38059200,5.2078,77.05000305175781,104932.0,57.71532440185547
2023-03-01,10.946627616882324,43825000,5.207,77.69000244140625,104385.0,60.18185043334961
2023-03-02,10.8021821975708,32975000,5.208,78.16000366210938,103326.0,61.03437805175781
2023-03-03,10.861306190490723,31061100,5.2037,79.68000030517578,103866.0,62.22626876831055
2023-03-06,11.224474906921387,38725200,5.197,80.45999908447266,104700.0,60.18185043334961
2023-03-07,11.486294746398926,58414500,5.1901,77.58000183105469,104228.0,58.451969146728516
2023-03-08,11.841019630432129,76198500,5.1387,76.66000366210938,106540.0,59.246551513671875
2023-03-09,11.798789024353027,61048300,5.1353,75.72000122070312,105071.0,58.29800033569336
2023-03-10,11.460954666137695,40235200,5.1822,76.68000030517578,103618.0,57.71689987182617
2023-03-13,11.334271430969238,33541200,5.24,74.80000305175781,103121.0,58.460365295410156
2023-03-14,11.266701698303223,44785600,5.2362,71.33000183105469,102932.0,59.29782485961914
2023-03-15,11.42717456817627,70935100,5.2981,67.61000061035156,102675.0,56.2897834777832
2023-03-16,11.748113632202148,84701000,5.2892,68.3499984741211,103435.0,55.315589904785156
2023-03-17,11.258255958557129,76083800,5.2679,66.73999786376953,101982.0,55.26430892944336
2023-03-20,11.064003944396973,34593300,5.2467,67.63999938964844,100923.0,56.79397201538086
2023-03-21,11.097785949707031,38954800,5.2444,69.33000183105469,100998.0,56.383785247802734
2023-03-22,10.996438026428223,29424300,5.2648,70.9000015258789,100221.0,55.589046478271484
2023-03-23,10.616375923156738,61539500,5.2632,69.95999908447266,97926.0,55.20449447631836
2023-03-24,10.734617233276367,40452000,5.2921,69.26000213623047,98829.0,55.26430892944336
2023-03-27,10.928872108459473,45000300,5.2306,72.80999755859375,99670.0,55.623226165771484
2023-03-28,10.91197681427002,30254900,5.1733,73.19999694824219,101185.0,56.4521484375
2023-03-29,10.971100807189941,58776800,5.1493,72.97000122070312,101793.0,57.110164642333984
2023-03-30,11.300488471984863,58758400,5.1254,74.37000274658203,103713.0,58.20399475097656
2023-03-31,11.123124122619629,60841800,5.0804,75.66999816894531,101882.0,58.62272262573242
2023-04-03,10.844412803649902,58954700,5.0637,80.41999816894531,101506.0,58.1869010925293
2023-04-04,11.088834762573242,46417800,5.0762,80.70999908447266,101869.0,57.195613861083984
2023-04-05,11.181879997253418,51710100,5.0447,80.61000061035156,100978.0,57.127254486083984
2023-04-06,11.021170616149902,32588600,5.0683,80.69999694824219,100822.0,57.04179382324219
2023-04-10,11.148046493530273,24189300,5.0834,79.73999786376953,101847.0,57.41780471801758
2023-04-11,11.731670379638672,94873900,5.0128,81.52999877929688,106214.0,59.48583221435547
2023-04-12,11.67245864868164,63610500,4.9496,83.26000213623047,106890.0,59.33201217651367
2023-04-13,11.680919647216797,33003100,4.9097,82.16000366210938,106458.0,59.7336540222168
2023-04-14,11.664002418518066,41846400,4.9455,82.5199966430664,106279.0,58.60563659667969
2023-04-17,11.613251686096191,28114200,4.9421,80.83000183105469,106016.0,59.144004821777344
2023-04-18,11.537127494812012,45070000,4.9678,80.86000061035156,106163.0,60.16948318481445
2023-04-19,11.325669288635254,45391200,5.0467,79.16000366210938,103913.0,59.144004821777344
2023-04-20,11.427170753479004,61683400,5.0497,77.29000091552734,104367.0,57.51179885864258
2023-04-24,11.334127426147461,30197500,5.0595,78.76000213623047,103947.0,55.08485412597656
2023-04-25,11.587876319885254,66333300,5.0613,77.06999969482422,103220.0,53.102272033691406
2023-04-26,11.418710708618164,29344200,5.0585,74.30000305175781,102312.0,53.78592300415039
2023-04-27,11.638628959655762,66471700,5.015,74.76000213623047,102923.0,54.43539047241211
2023-04-28,11.714752197265625,34292000,5.0007,76.77999877929688,104432.0,54.68321228027344
2023-05-02,11.545585632324219,76570500,5.0334,71.66000366210938,101927.0,53.08518600463867
2023-05-03,11.646358489990234,37376800,5.0227,68.5999984741211,101797.0,52.99118423461914
2023-05-04,11.917399406433105,71085400,5.0106,68.55999755859375,102174.0,52.53826904296875
2023-05-05,12.51030445098877,113562200,4.9696,71.33999633789062,105148.0,54.40975570678711
2023-05-08,12.97615909576416,119305500,4.9696,73.16000366210938,106042.0,54.58066177368164
2023-05-09,12.849108695983887,63086800,5.0007,73.70999908447266,107114.0,54.555030822753906
2023-05-10,12.874519348144531,34391600,4.9547,72.55999755859375,107448.0,53.99102020263672
2023-05-11,13.04391860961914,38711200,4.9696,70.87000274658203,108256.0,52.452816009521484
2023-05-12,13.103212356567383,33331100,4.9234,70.04000091552734,108464.0,52.76045608520508
2023-05-15,13.306493759155273,44270100,4.9103,71.11000061035156,109029.0,53.760292053222656
2023-05-16,13.314963340759277,29720900,4.9122,70.86000061035156,108194.0,52.478450775146484
2023-05-17,13.255672454833984,31306500,4.9513,72.83000183105469,109460.0,53.52955627441406
2023-05-18,13.298022270202637,30064600,4.9647,71.86000061035156,110108.0,52.91427230834961
2023-05-19,13.619885444641113,81459600,4.9858,71.55000305175781,110745.0,53.17064666748047
2023-05-22,13.484365463256836,24901500,4.968,71.98999786376953,110213.0,52.905731201171875
2023-05-23,13.594476699829102,65141600,4.9674,72.91000366210938,109929.0,51.97426223754883
2023-05-24,13.179443359375,84758000,4.9474,74.33999633789062,108800.0,50.495872497558594
2023-05-25,13.653765678405762,57019700,4.999,71.83000183105469,110054.0,50.75224685668945
2023-05-26,13.653765678405762,34702600,5.0114,72.66999816894531,110906.0,52.230628967285156
2023-05-30,13.298022270202637,46546900,5.0593,69.45999908447266,108967.0,51.444435119628906
2023-05-31,13.137090682983398,48483600,5.0959,68.08999633789062,108335.0,50.461692810058594
2023-06-01,13.365781784057617,33499600,5.035,70.0999984741211,110565.0,52.162261962890625
2023-06-02,13.381875038146973,0,4.9558,71.73999786376953,112558.0,53.98247146606445
2023-06-05,13.848292350769043,37490300,4.9236,72.1500015258789,112696.0,53.768829345703125
2023-06-06,14.068781852722168,33361400,4.9292,71.73999786376953,114610.0,54.40975570678711
2023-06-07,14.060297966003418,25890200,4.9119,72.52999877929688,115488.0,54.41830062866211
2023-06-09,14.297744750976562,34371000,4.8922,70.16999816894531,117019.0,55.178855895996094
2023-06-12,14.179014205932617,38493000,4.8832,67.12000274658203,117336.0,54.469573974609375
2023-06-13,14.195982933044434,45002300,4.8533,69.41999816894531,116743.0,56.059051513671875
2023-06-14,14.289263725280762,60815500,4.8462,68.2699966430664,119069.0,57.47761917114258
2023-06-15,14.3316650390625,29023000,4.8222,70.62000274658203,119221.0,58.40908432006836
2023-06-16,14.374067306518555,41296400,4.8286,71.77999877929688,118758.0,57.72544479370117
2023-06-20,14.662398338317871,28404300,4.793,70.5,119622.0,56.34105682373047
2023-06-21,14.6284761428833,32294600,4.7795,72.52999877929688,120420.0,55.88814163208008
2023-06-22,14.246857643127441,36675900,4.775,69.51000213623047,118934.0,55.631771087646484
2023-06-23,14.068781852722168,43608700,4.7799,69.16000366210938,118977.0,54.26447677612305
2023-06-26,14.000932693481445,36850700,4.7698,69.37000274658203,118243.0,54.469573974609375
2023-06-27,14.049771308898926,38301600,4.7903,67.69999694824219,117523.0,55.46086120605469
2023-06-28,13.818037033081055,48492800,4.8563,69.55999755859375,116681.0,54.20465850830078
2023-06-29,13.878113746643066,40903300,4.8584,69.86000061035156,118383.0,54.520843505859375
2023-06-30,14.118425369262695,41639400,4.8192,70.63999938964844,118087.0,54.555030822753906
2023-07-03,14.298666000366211,17915500,4.7876,69.79000091552734,119673.0,55.401039123535156
2023-07-05,14.23763656616211,19944300,4.8577,71.79000091552734,119549.0,54.7003059387207
2023-07-06,13.893938064575195,40277700,4.8977,71.80000305175781,117426.0,53.78592300415039
2023-07-07,13.988457679748535,21703000,4.8799,73.86000061035156,118898.0,54.161930084228516
2023-07-10,13.99704647064209,19191400,4.8735,72.98999786376953,117942.0,53.99102020263672
2023-07-11,14.005643844604492,30173500,4.8949,74.83000183105469,117220.0,55.153221130371094
2023-07-12,13.87675666809082,18940500,4.8058,75.75,117666.0,57.18706512451172
2023-07-13,14.220449447631836,34783700,4.8038,76.88999938964844,119264.0,58.97310256958008
2023-07-14,14.117341995239258,30430600,4.7957,75.41999816894531,117711.0,58.56291198730469
2023-07-17,14.263420104980469,20090100,4.8302,74.1500015258789,118219.0,57.528892517089844
2023-07-18,14.23763656616211,22381500,4.804,75.75,117841.0,57.39216995239258
2023-07-19,14.186079025268555,24524300,4.8,75.3499984741211,117552.0,56.59742736816406
2023-07-20,14.194672584533691,47691600,4.7888,75.62999725341797,118083.0,56.913604736328125
2023-07-21,14.658665657043457,43331100,4.7732,77.06999969482422,120217.0,56.81106948852539
2023-07-24,14.263420104980469,62342600,4.7457,78.73999786376953,121342.0,57.281070709228516
2023-07-25,14.211857795715332,45514000,4.7496,79.62999725341797,122008.0,59.656742095947266
2023-07-26,14.357932090759277,22666000,4.7368,78.77999877929688,122560.0,58.06725311279297
2023-07-27,14.03141975402832,30083400,4.7202,80.08999633789062,119990.0,57.29816436767578
2023-07-28,14.186079025268555,25809200,4.7253,80.58000183105469,120187.0,56.486328125
2023-07-31,14.314970970153809,22318100,4.7415,81.80000305175781,121943.0,56.87088394165039
2023-08-01,14.28060245513916,26649900,4.7752,81.37000274658203,121248.0,56.03341293334961
2023-08-02,14.339934349060059,34593700,4.8083,79.48999786376953,120859.0,54.53793716430664
2023-08-03,14.236703872680664,52594900,4.8797,81.55000305175781,120586.0,54.7430305480957
2023-08-04,13.290458679199219,150660800,4.8609,82.81999969482422,119508.0,54.72593688964844
2023-08-07,13.195836067199707,45283000,4.901,81.94000244140625,119380.0,54.7344856262207
2023-08-08,13.256051063537598,32711600,4.9217,82.91999816894531,119090.0,54.32429504394531
2023-08-09,13.18723201751709,37143300,4.9015,84.4000015258789,118409.0,54.43539047241211
2023-08-10,13.29906177520752,27521100,4.8518,82.81999969482422,118350.0,53.925575256347656
2023-08-11,13.22164249420166,44038100,4.8918,83.19000244140625,118065.0,53.63551712036133
2023-08-14,13.152824401855469,27965700,4.9481,82.51000213623047,116810.0,52.68621063232422
2023-08-15,13.18723201751709,30300300,4.9812,80.98999786376953,116171.0,51.631439208984375
2023-08-16,13.118413925170898,40641100,4.9772,79.37999725341797,115592.0,51.29741668701172
2023-08-17,12.980778694152832,49707800,4.9816,80.38999938964844,114982.0,52.352203369140625
2023-08-18,13.066801071166992,24526300,4.9724,81.25,115409.0,52.1500358581543
2023-08-21,12.972177505493164,18689900,4.9847,80.72000122070312,114429.0,52.69500732421875
2023-08-22,13.058199882507324,25653900,4.9431,80.3499984741211,116156.0,53.020233154296875
2023-08-23,13.23884391784668,26483400,4.8977,78.88999938964844,118135.0,54.224430084228516
2023-08-24,12.920561790466309,28986200,4.8748,79.05000305175781,117026.0,53.433349609375
2023-08-25,12.757119178771973,21558900,4.8772,79.83000183105469,115837.0,53.3630256652832
2023-08-28,13.170025825500488,41896500,4.8938,80.0999984741211,117121.0,54.25080490112305
2023-08-29,13.324870109558105,28648200,4.8706,81.16000366210938,118404.0,54.78697967529297
2023-08-30,13.040992736816406,24566600,4.8653,81.62999725341797,117535.0,55.156158447265625
2023-08-31,12.860347747802734,47366800,4.9219,83.62999725341797,115742.0,54.936405181884766
2023-09-01,12.894757270812988,20774500,4.9318,85.55000305175781,117893.0,56.1230354309082
2023-09-05,12.557960510253906,38596300,4.9705,86.69000244140625,117331.0,55.72749328613281
2023-09-06,12.385698318481445,30673700,4.9762,87.54000091552734,115985.0,55.64838409423828
2023-09-08,12.385698318481445,26255000,4.9835,87.51000213623047,115313.0,53.811309814453125
2023-09-11,12.618254661560059,27501400,4.9366,87.29000091552734,116883.0,55.622013092041016
2023-09-12,12.773287773132324,30070000,4.9505,88.83999633789062,117968.0,55.54290771484375
2023-09-13,12.824968338012695,38146100,4.9171,88.5199966430664,118176.0,55.47258758544922
2023-09-14,12.87664794921875,38099300,4.8751,90.16000366210938,119392.0,58.03921890258789
2023-09-15,12.850808143615723,38634100,4.8689,90.7699966430664,118758.0,57.88099670410156
2023-09-18,12.850808143615723,16752200,4.8535,91.4800033569336,118288.0,57.37118911743164
2023-09-19,12.704384803771973,25653600,4.8575,91.19999694824219,117846.0,57.4942512512207
2023-09-20,12.756065368652344,29633200,4.8487,90.27999877929688,118695.0,57.59093475341797
2023-09-21,12.282341003417969,52192300,4.9229,89.62999725341797,116145.0,56.026344299316406
2023-09-22,12.18759536743164,39166700,4.9131,90.02999877929688,116009.0,56.31641387939453
2023-09-25,12.153143882751465,29657400,4.9606,89.68000030517578,115925.0,55.43743133544922
2023-09-26,12.023946762084961,35395500,4.9717,90.38999938964844,114193.0,54.50570297241211
2023-09-27,11.989492416381836,41531600,5.0289,93.68000030517578,114327.0,54.77819061279297
2023-09-28,12.273728370666504,29948700,5.0475,91.70999908447266,115731.0,56.07029724121094
2023-09-29,12.316794395446777,20641500,5.0076,90.79000091552734,116565.0,55.93844985961914
2023-10-02,12.14452838897705,22179800,5.0679,88.81999969482422,115057.0,55.112205505371094
2023-10-03,11.997026443481445,23190500,5.11,89.2300033569336,113419.0,53.96073913574219
2023-10-04,12.402387619018555,45563700,5.1526,84.22000122070312,113607.0,53.160865783691406
2023-10-05,12.454137802124023,40153400,5.1713,82.30999755859375,113284.0,53.53003692626953
2023-10-06,12.480008125305176,29367600,5.1918,82.79000091552734,114170.0,54.496917724609375
2023-10-09,12.367889404296875,20940600,5.1666,86.37999725341797,115156.0,53.872840881347656
2023-10-10,12.50588321685791,21013500,5.0862,85.97000122070312,116737.0,54.95398712158203
2023-10-11,12.687005043029785,31695400,5.0496,83.48999786376953,117051.0,55.34074020385742
2023-10-13,12.497258186340332,31324400,5.0625,87.69000244140625,115754.0,54.8309326171875
2023-10-16,12.626630783081055,24351900,5.0618,86.66000366210938,116534.0,56.3779411315918
2023-10-17,12.497258186340332,27989500,5.0384,86.66000366210938,115908.0,56.580108642578125
2023-10-18,12.385138511657715,32347600,5.0568,88.31999969482422,114060.0,54.8660888671875
2023-10-19,12.445510864257812,24267000,5.054,89.37000274658203,114004.0,54.409019470214844
2023-10-20,12.212644577026367,29052700,5.0528,88.75,113155.0,53.23118209838867
2023-10-23,12.22989273071289,25208300,5.0164,85.48999786376953,112785.0,53.055389404296875
2023-10-24,12.22989273071289,35238200,5.0065,83.73999786376953,113762.0,54.8660888671875
2023-10-25,12.195393562316895,44133500,4.9981,85.38999938964844,112830.0,55.47258758544922
2023-10-26,12.50588321685791,52455700,5.0055,83.20999908447266,114777.0,55.45500946044922
2023-10-27,12.376513481140137,43153700,4.948,85.54000091552734,113301.0,56.03513717651367
2023-10-30,12.238520622253418,37855700,5.0074,82.30999755859375,112532.0,56.43946838378906
2023-10-31,12.066022872924805,32793200,5.0575,81.0199966430664,113144.0,56.553733825683594
2023-11-01,12.178145408630371,42471800,5.0194,80.44000244140625,115053.0,57.204185485839844
2023-11-03,12.755894660949707,70577700,4.891,80.51000213623047,118160.0,58.27654266357422
2023-11-06,12.747260093688965,23949400,4.8999,80.81999969482422,118487.0,58.61055374145508
2023-11-07,13.084075927734375,80300200,4.867,77.37000274658203,119268.0,56.87016677856445
2023-11-08,13.153164863586426,33468600,4.8855,75.33000183105469,119099.0,56.77347946166992
2023-11-09,13.1790771484375,45228200,4.9007,75.73999786376953,119012.0,56.65921401977539
2023-11-10,12.989076614379883,66453700,4.9219,77.16999816894531,120636.0,57.5381965637207
2023-11-13,12.729990005493164,47338000,4.9247,78.26000213623047,120376.0,57.6436767578125
2023-11-14,12.997712135314941,42559800,4.8682,78.26000213623047,123328.0,59.60380554199219
2023-11-16,13.446803092956543,60626800,4.8575,72.9000015258789,124576.0,59.46316909790039
2023-11-17,13.325895309448242,34543100,4.8849,75.88999938964844,125062.0,59.937828063964844
2023-11-20,13.360442161560059,26702200,4.8723,77.5999984741211,126095.0,60.85196304321289
2023-11-21,13.308623313903809,17047900,4.8806,77.7699966430664,125607.0,61.73973083496094
2023-11-22,13.58498477935791,39082200,4.8968,77.0999984741211,126035.0,61.39692687988281
2023-11-24,13.95634937286377,28854100,4.8927,75.54000091552734,125542.0,61.28266906738281
2023-11-27,13.86998462677002,25263900,4.8951,74.86000061035156,125683.0,60.6761589050293
2023-11-28,13.999530792236328,43584200,4.8867,76.41000366210938,126538.0,61.02775955200195
2023-11-29,13.930438995361328,36063500,4.8933,77.86000061035156,126101.0,60.5355339050293
2023-11-30,14.051349639892578,54061000,4.9355,75.95999908447266,127331.0,60.72890090942383
2023-12-01,14.094529151916504,43911800,4.9191,74.06999969482422,128103.0,62.54840087890625
2023-12-04,13.989887237548828,24320200,4.9091,73.04000091552734,126803.0,60.69374465942383
2023-12-05,14.119583129882812,33186200,4.9522,72.31999969482422,126903.0,60.201515197753906
2023-12-06,13.97259521484375,33542000,4.9031,69.37999725341797,125623.0,60.64100646972656
2023-12-07,14.00717830657959,26382800,4.8949,69.33999633789062,126010.0,61.91554260253906
2023-12-08,14.23198413848877,40696300,4.9158,71.2300033569336,127094.0,61.678199768066406
2023-12-11,14.119583129882812,17300300,4.944,71.31999969482422,126916.0,60.781646728515625
2023-12-12,14.050413131713867,114069600,4.9476,68.61000061035156,126403.0,61.03654861450195
2023-12-13,14.664306640625,73283800,4.958,69.47000122070312,129465.0,61.933109283447266
2023-12-14,14.915056228637695,62827600,4.8912,71.58000183105469,130842.0,63.44496536254883
2023-12-15,15.06203842163086,74469300,4.9397,71.43000030517578,130197.0,63.68227767944336
2023-12-18,15.174443244934082,68532600,4.9399,72.47000122070312,131084.0,64.01630401611328
2023-12-19,15.174443244934082,31387900,4.8663,73.44000244140625,131851.0,64.86012268066406
2023-12-20,14.923700332641602,28935500,4.8766,74.22000122070312,130804.0,63.69107437133789
2023-12-21,14.932343482971191,30227000,4.8755,73.88999938964844,132182.0,65.04470825195312
2023-12-22,14.719722747802734,36672400,4.8619,73.55999755859375,132753.0,64.89527893066406
2023-12-26,14.763457298278809,13390200,4.8368,75.56999969482422,133533.0,65.20292663574219
2023-12-27,14.850918769836426,17838700,4.8306,74.11000061035156,134194.0,65.72151947021484
2023-12-28,14.947122573852539,14852700,4.8413,71.7699966430664,134185.0,65.51936340332031
2024-01-02,14.649757385253906,31715700,4.8916,70.37999725341797,132697.0,65.27325439453125
2024-01-03,14.666372299194336,20470600,4.9212,72.69999694824219,132834.0,64.64917755126953
2024-01-04,14.464983940124512,31294000,4.9188,72.19000244140625,131226.0,64.20088195800781
2024-01-05,14.78020191192627,30772400,4.8899,73.80999755859375,132023.0,63.84929275512695
2024-01-08,14.666372299194336,21044300,4.885,70.7699966430664,132427.0,64.02508544921875
2024-01-09,14.272346496582031,49479300,4.8937,72.23999786376953,131447.0,62.28470230102539
2024-01-10,14.027180671691895,39455700,4.8901,71.37000274658203,130841.0,61.8012580871582
2024-01-11,13.957131385803223,30915500,4.8794,72.0199966430664,130649.0,61.581520080566406
2024-01-12,13.843302726745605,39595400,4.8543,72.68000030517578,130988.0,61.686988830566406
2024-01-16,13.77325439453125,48307800,4.9038,72.4000015258789,129294.0,60.72890090942383
2024-01-17,13.799525260925293,35712900,4.9346,72.55999755859375,128524.0,59.94660949707031
2024-01-18,13.720719337463379,42665600,4.9403,74.08000183105469,127316.0,60.799224853515625
2024-01-19,13.694452285766602,61792500,4.9223,73.41000366210938,127636.0,60.43004608154297
2024-01-22,13.536837577819824,30906700,4.949,75.19000244140625,126602.0,59.137939453125
2024-01-23,13.466795921325684,37294600,4.9715,74.37000274658203,128263.0,60.42125701904297
2024-01-24,13.414258003234863,36308700,4.9192,75.08999633789062,127816.0,61.133235931396484
2024-01-25,13.4492826461792,30256900,4.9232,77.36000061035156,128169.0,61.616676330566406
2024-01-26,13.589378356933594,22825700,4.9125,78.01000213623047,128967.0,62.205596923828125
2024-01-29,13.466795921325684,17302700,4.9225,76.77999877929688,128503.0,62.451717376708984
2024-01-30,13.370475769042969,35419800,4.9638,77.81999969482422,127402.0,61.704566955566406
2024-01-31,13.440526008605957,32956700,4.9535,75.8499984741211,127752.0,60.887115478515625
2024-02-01,13.414258003234863,32717300,4.935,73.81999969482422,128481.0,61.63425827026367
2024-02-02,13.430892944335938,41476600,4.9471,72.27999877929688,127182.0,60.19272994995117
2024-02-05,13.702666282653809,31582200,5.0053,72.77999877929688,127593.0,59.33132553100586
2024-02-06,14.553054809570312,99040100,4.9687,73.30999755859375,130416.0,60.05208206176758
2024-02-07,12.238591194152832,341120300,4.9608,73.86000061035156,129608.0,60.227882385253906
2024-02-08,11.887919425964355,156143100,4.9804,76.22000122070312,128217.0,59.86750030517578
2024-02-09,11.800248146057129,99727200,4.9717,76.83999633789062,128026.0,59.700496673583984
2024-02-14,11.721345901489258,46804300,4.9723,76.63999938964844,127018.0,58.96215057373047
2024-02-15,11.773948669433594,49860300,4.971,78.02999877929688,127804.0,59.36648178100586
2024-02-16,11.817780494689941,55291600,4.9761,79.19000244140625,128726.0,60.75527572631836
2024-02-20,12.247360229492188,85230500,4.9408,78.18000030517578,129916.0,57.942527770996094
2024-02-21,12.203526496887207,43236100,4.9303,77.91000366210938,130032.0,57.555782318115234
2024-02-22,12.273662567138672,42741200,4.9419,78.61000061035156,130241.0,57.7403678894043
2024-02-23,12.11585807800293,34751100,4.9851,76.48999786376953,129419.0,57.995269775390625
2024-02-26,12.098323822021484,21888800,4.9819,77.58000183105469,129609.0,56.82622528076172
2024-02-27,12.2911958694458,45546800,4.9575,78.87000274658203,131689.0,57.11628723144531
2024-02-28,12.238591194152832,22066700,4.9557,78.54000091552734,130155.0,56.219722747802734
2024-02-29,12.054488182067871,62632200,4.9833,78.26000213623047,129020.0,56.720741271972656
2024-03-01,12.098323822021484,29511700,4.9596,79.97000122070312,129180.0,57.25692367553711
2024-03-04,11.983297348022461,31807800,4.9475,78.73999786376953,128341.0,57.00201416015625
2024-03-05,12.044751167297363,31456000,4.9488,78.1500015258789,128098.0,56.07908248901367
2024-03-06,12.132540702819824,31614900,4.9398,79.12999725341797,128890.0,57.00201416015625
2024-03-07,12.07986831665039,21462000,4.9364,78.93000030517578,128340.0,58.2835807800293
2024-03-08,12.15009593963623,31663900,4.9751,78.01000213623047,127071.0,57.3864860534668
2024-03-11,12.220328330993652,27118300,4.9777,77.93000030517578,126124.0,56.754859924316406
2024-03-12,12.369572639465332,42760600,4.9813,77.55999755859375,127668.0,57.4139518737793
2024-03-13,12.50125789642334,25253000,4.9803,79.72000122070312,128006.0,57.82588195800781
2024-03-14,12.580268859863281,41564200,4.9768,81.26000213623047,127690.0,56.80063247680664
2024-03-15,12.387131690979004,30908700,4.9937,81.04000091552734,126742.0,56.91963195800781
2024-03-18,12.466139793395996,15035500,5.0124,82.72000122070312,126954.0,57.00202178955078
2024-03-19,12.395909309387207,16792800,5.0352,83.47000122070312,127529.0,57.496337890625
2024-03-20,12.553932189941406,35020600,5.012,81.68000030517578,129125.0,58.46665954589844
2024-03-21,12.413463592529297,19771200,4.9807,81.06999969482422,128159.0,58.70466232299805
2024-03-22,12.255444526672363,28438800,4.9897,80.62999725341797,127027.0,57.670265197753906
2024-03-25,12.23788833618164,31920500,4.9869,81.94999694824219,126931.0,58.04557418823242
2024-03-26,12.413463592529297,19219400,4.987,81.62000274658203,126863.0,56.91047668457031
2024-03-27,12.60660457611084,35882600,4.9856,81.3499984741211,127691.0,58.091346740722656
2024-03-28,12.518815994262695,25925000,4.9962,83.16999816894531,128106.0,58.34765625
2024-04-01,12.40468692779541,24308100,5.0532,83.70999908447266,126990.0,58.75043869018555
2024-04-02,12.474112510681152,24862500,5.0476,85.1500015258789,127549.0,59.58344650268555
2024-04-03,12.720253944396973,50953400,5.0724,85.43000030517578,127318.0,59.13490295410156
2024-04-04,12.799370765686035,53741700,5.0237,86.58999633789062,127428.0,57.944881439208984
2024-04-05,12.764208793640137,18774100,5.052,86.91000366210938,126795.0,57.670265197753906
2024-04-08,12.852117538452148,23453800,5.0421,86.43000030517578,128857.0,60.48970413208008
2024-04-09,12.931233406066895,23248900,5.008,85.2300033569336,129890.0,61.56986999511719
2024-04-10,12.658720016479492,28689800,5.0654,86.20999908447266,128054.0,60.88331985473633
2024-04-11,12.64992904663086,20195300,5.0765,85.0199966430664,127396.0,60.66361618041992
2024-04-12,12.491695404052734,22530800,5.1364,85.66000366210938,125946.0,60.407310485839844
2024-04-15,12.307086944580078,30053000,5.1746,85.41000366210938,125334.0,61.12132263183594
2024-04-16,12.2191801071167,39993200,5.2635,85.36000061035156,124389.0,60.132694244384766
2024-04-17,12.157644271850586,27611500,5.2469,82.69000244140625,124171.0,61.13047790527344
2024-04-18,12.104899406433105,40788000,5.2512,82.7300033569336,124196.0,61.038936614990234
2024-04-19,11.990620613098145,49864000,5.2269,83.13999938964844,125124.0,61.304405212402344
2024-04-22,11.937874794006348,24572300,5.2043,82.8499984741211,125573.0,61.514949798583984
2024-04-23,12.016992568969727,29567700,5.1626,83.36000061035156,125148.0,61.0023193359375
2024-04-24,12.016992568969727,21669200,5.1592,82.80999755859375,124741.0,62.375423431396484
2024-04-25,12.00820255279541,18043100,5.1679,83.56999969482422,124646.0,62.04587936401367
2024-04-26,12.20159912109375,23755300,5.1184,83.8499984741211,126526.0,62.46696853637695
2024-04-29,12.359834671020508,25762000,5.1155,82.62999725341797,127352.0,63.17182540893555
2024-04-30,12.307086944580078,60459200,5.1718,81.93000030517578,125924.0,62.091651916503906
2024-05-02,12.166435241699219,79939800,5.1184,78.94999694824219,127122.0,62.503578186035156
2024-05-03,12.130324363708496,61196700,5.0668,78.11000061035156,128509.0,63.10774612426758
2024-05-06,12.121519088745117,30205500,5.0727,78.4800033569336,128466.0,63.913299560546875
2024-05-07,12.121519088745117,30097000,5.061,78.37999725341797,129210.0,64.11469268798828
2024-05-08,12.147928237915039,23271100,5.0887,78.98999786376953,129481.0,63.18097686767578
2024-05-09,11.839829444885254,60548200,5.1577,79.26000213623047,128188.0,64.07807159423828
2024-05-10,11.769404411315918,38379100,5.1464,78.26000213623047,127600.0,63.89499282836914
2024-05-13,11.822223663330078,21216600,5.1412,79.12000274658203,128155.0,63.931602478027344
2024-05-14,11.813419342041016,41886100,5.1356,78.0199966430664,128515.0,63.7943000793457
2024-05-15,11.698982238769531,31232700,5.1423,78.62999725341797,128028.0,64.38015747070312
2024-05-16,11.760603904724121,30538600,5.127,79.2300033569336,128284.0,65.82648468017578
2024-05-17,11.822223663330078,31448500,5.1157,80.05999755859375,128151.0,67.38267517089844
2024-05-20,11.73419189453125,27043700,5.1085,79.80000305175781,127751.0,67.1812744140625
2024-05-21,11.795814514160156,26225200,5.1037,79.26000213623047,127412.0,67.26366424560547
2024-05-22,11.531728744506836,36303200,5.1502,77.56999969482422,125650.0,66.11026000976562
2024-05-23,11.338066101074219,47524300,5.1443,76.87000274658203,124729.0,65.37794494628906
2024-05-24,11.417292594909668,34080500,5.1508,77.72000122070312,124306.0,65.77156066894531
2024-05-28,11.37327766418457,26207100,5.1538,79.83000183105469,123780.0,64.86531066894531
2024-05-29,11.258840560913086,29552400,5.1972,79.2300033569336,122707.0,63.6478271484375
2024-05-31,11.153206825256348,50760400,5.2416,76.98999786376953,122098.0,64.16960906982422
2024-06-03,11.22362995147705,30299600,5.2373,74.22000122070312,122032.0,63.54713439941406
2024-06-04,11.328518867492676,44292600,5.2687,73.25,121802.0,62.53103256225586
2024-06-05,11.266803741455078,23783000,5.2841,74.06999969482422,121407.0,62.320499420166016
2024-06-06,11.504837036132812,26997300,5.2681,75.55000305175781,122899.0,63.34574890136719
2024-06-07,11.41667652130127,131901800,5.2802,75.52999877929688,120767.0,62.24726104736328
2024-06-10,11.337331771850586,24749200,5.3666,77.73999786376953,120760.0,62.47611618041992
2024-06-11,11.39904499053955,24693700,5.3524,77.9000015258789,121635.0,61.49664306640625
2024-06-12,11.187459945678711,59033400,5.3891,78.5,119936.0,61.40509796142578
2024-06-13,11.196277618408203,42051200,5.3974,78.62000274658203,119568.0,61.258628845214844
2024-06-14,11.310884475708008,43737800,5.363,78.44999694824219,119662.0,60.88331985473633
2024-06-17,11.434309005737305,59437200,5.413,80.33000183105469,119138.0,60.407310485839844
2024-06-18,11.25704574584961,39586800,5.4074,81.56999969482422,119630.0,60.65446853637695
2024-06-20,11.284323692321777,33487200,5.4254,82.16999816894531,120446.0,61.258628845214844
2024-06-21,11.275232315063477,63797400,5.4416,80.7300033569336,121341.0,60.782630920410156
2024-06-24,11.311604499816895,29037500,5.4,81.62999725341797,122637.0,60.828392028808594
2024-06-25,11.220675468444824,26896300,5.429,80.83000183105469,122331.0,60.8924674987793
2024-06-26,11.247956275939941,35848900,5.5097,80.9000015258789,122641.0,61.1487922668457
2024-06-27,11.29341983795166,20010000,5.5229,81.73999786376953,124308.0,60.25168991088867
2024-06-28,11.25704574584961,31675700,5.5589,81.54000091552734,123907.0,60.352386474609375
2024-07-01,11.157023429870605,18567800,5.5893,83.37999725341797,124718.0,60.79178237915039
2024-07-02,11.137876510620117,26562800,5.6677,82.80999755859375,124787.0,60.425621032714844
2024-07-03,11.174304008483887,31060900,5.5863,83.87999725341797,125662.0,62.155731201171875
2024-07-05,11.347336769104004,41410800,5.497,83.16000366210938,126267.0,61.917720794677734
2024-07-08,11.347336769104004,33661100,5.472,82.33000183105469,126548.0,61.487483978271484
2024-07-09,11.347336769104004,18579400,5.4387,81.41000366210938,127108.0,61.313560485839844
2024-07-10,11.538585662841797,32909900,5.3967,82.0999984741211,127218.0,61.78041458129883
2024-07-11,11.538585662841797,35308200,5.41,82.62000274658203,128294.0,62.320499420166016
2024-07-12,11.511263847351074,28892700,5.4529,82.20999908447266,128897.0,62.72327423095703
2024-07-15,11.483943939208984,18471500,5.4563,81.91000366210938,129321.0,61.83534240722656
2024-07-16,11.520369529724121,28351100,5.4274,80.76000213623047,129110.0,60.70939254760742
2024-07-17,11.656974792480469,23144800,5.467,82.8499984741211,129450.0,60.20592498779297
2024-07-18,11.438408851623535,22829000,5.5426,82.81999969482422,127652.0,58.92436218261719
2024-07-19,11.374659538269043,31721300,5.5543,80.12999725341797,127616.0,58.384273529052734
2024-07-22,11.502158164978027,20828400,5.5598,79.77999877929688,127860.0,58.57651138305664
2024-07-23,11.420194625854492,22575300,5.5807,76.95999908447266,126590.0,58.155426025390625
2024-07-24,11.429302215576172,17329000,5.6346,77.58999633789062,126423.0,58.118812561035156
2024-07-25,11.247161865234375,27476800,5.6402,78.27999877929688,125954.0,58.88774871826172
2024-07-26,11.33823013305664,45675500,5.6465,77.16000366210938,127492.0,59.55598449707031
2024-07-29,11.383768081665039,20952000,5.6479,75.80999755859375,126954.0,59.2264404296875
2024-07-30,11.292695045471191,20995500,5.6532,74.7300033569336,126139.0,58.155426025390625
2024-07-31,11.32001781463623,32230200,5.6621,77.91000366210938,127652.0,59.64753341674805
2024-08-01,11.465727806091309,59113900,5.6681,76.30999755859375,127395.0,58.118812561035156
2024-08-02,11.537757873535156,57959900,5.7366,73.5199966430664,125854.0,58.2835807800293
2024-08-05,12.41335391998291,133145300,5.7646,72.94000244140625,125270.0,57.64280319213867
2024-08-06,12.8237886428833,104219100,5.6528,73.19999694824219,126267.0,57.725189208984375
2024-08-07,12.851147651672363,59096500,5.6093,75.2300033569336,127514.0,57.24917984008789
2024-08-08,12.997082710266113,44280800,5.6172,76.19000244140625,128661.0,57.59702682495117
2024-08-09,13.316308975219727,37787700,5.5115,76.83999633789062,130615.0,57.889957427978516
2024-08-12,13.407515525817871,24117200,5.4911,80.05999755859375,131116.0,57.954036712646484
2024-08-13,13.571691513061523,36761400,5.4875,78.3499984741211,132398.0,58.3568115234375
2024-08-14,13.690260887145996,53268600,5.4502,76.9800033569336,133318.0,57.15763473510742
2024-08-15,13.827070236206055,31738900,5.4651,78.16000366210938,134153.0,57.44141387939453
2024-08-16,13.653778076171875,49810300,5.4632,76.6500015258789,133953.0,57.724002838134766
2024-08-19,14.264869689941406,73702900,5.4237,74.37000274658203,135778.0,58.854366302490234
2024-08-20,14.319591522216797,30434800,5.4547,74.04000091552734,136087.0,58.4022216796875
2024-08-21,14.25574779510498,25842000,5.4707,71.93000030517578,136464.0,59.71156311035156
2024-08-22,14.15541934967041,33853100,5.5524,73.01000213623047,135173.0,59.09928512573242
2024-08-23,14.283109664916992,33620800,5.5263,74.83000183105469,135608.0,59.363033294677734
2024-08-26,14.237505912780762,13905900,5.4921,77.41999816894531,136889.0,60.02241516113281
2024-08-27,14.064210891723633,18690000,5.4969,75.52999877929688,136776.0,60.28616714477539
2024-08-28,14.292230606079102,27179000,5.5315,74.5199966430664,137344.0,59.34419631958008
2024-08-29,14.25574779510498,29559800,5.6358,75.91000366210938,136041.0,59.645626068115234
2024-08-30,14.264869689941406,51286000,5.6562,73.55000305175781,136004.0,59.59852600097656
2024-09-03,14.382691383361816,26984600,5.6224,70.33999633789062,134353.0,56.83855056762695
2024-09-04,14.492271423339844,33458800,5.6359,69.19999694824219,136111.0,56.603057861328125
2024-09-05,14.620118141174316,29843800,5.6049,69.1500015258789,136502.0,56.88564682006836
2024-09-06,14.337030410766602,19284000,5.5702,67.66999816894531,134572.0,56.24510955810547
2024-09-09,14.382691383361816,16779800,5.6097,68.70999908447266,134737.0,56.5276985168457
2024-09-10,14.428349494934082,27410100,5.6254,65.75,134320.0,56.30162811279297
2024-09-11,14.263976097106934,19715400,5.6387,67.30999755859375,134677.0,57.65806579589844
2024-09-12,14.200053215026855,21793200,5.6554,68.97000122070312,134029.0,58.317447662353516
2024-09-13,14.200053215026855,27724900,5.5717,68.6500015258789,134882.0,58.92030715942383
2024-09-16,14.090471267700195,27880800,5.5207,70.08999633789062,135118.0,59.523170471191406
2024-09-17,13.999152183532715,34079400,5.501,71.19000244140625,134960.0,59.26883316040039
2024-09-18,13.91696548461914,32088700,5.4767,70.91000366210938,133748.0,59.25941848754883
2024-09-19,13.725194931030273,38153100,5.4189,71.94999694824219,133123.0,61.39768981933594
2024-09-20,13.469503402709961,57966500,5.4775,71.91999816894531,131065.0,59.8811149597168
2024-09-23,13.122491836547852,45384200,5.5446,70.37000274658203,130568.0,60.83251190185547
2024-09-24,13.104229927062988,44927000,5.4702,71.55999755859375,132156.0,63.50770568847656
2024-09-25,13.186415672302246,44200800,5.4736,69.69000244140625,131586.0,63.74319839477539
2024-09-26,13.524296760559082,58564400,5.4412,67.66999816894531,133010.0,66.64447784423828
2024-09-27,13.643009185791016,44021100,5.4431,68.18000030517578,132730.0,67.09661865234375
2024-09-30,13.423843383789062,37058100,5.4481,68.16999816894531,131816.0,67.04010009765625
2024-10-01,13.597424507141113,29701400,5.4521,69.83000183105469,132495.0,67.03068542480469
2024-10-02,14.087690353393555,48598900,5.4305,70.0999984741211,133515.0,66.71040344238281
2024-10-03,13.939398765563965,34496900,5.485,73.70999908447266,131672.0,65.77786254882812
2024-10-04,13.957937240600586,23637900,5.4686,74.37999725341797,131792.0,65.65540313720703
2024-10-07,14.087690353393555,28305600,5.4626,77.13999938964844,132018.0,65.58004760742188
2024-10-08,14.106226921081543,22407600,5.5197,73.56999969482422,131512.0,62.791812896728516
2024-10-09,13.828179359436035,31287500,5.5737,73.23999786376953,129962.0,62.49979782104492
2024-10-10,13.902326583862305,21996700,5.5819,75.8499984741211,130353.0,62.96136474609375
2024-10-11,13.716961860656738,35337900,5.6263,75.55999755859375,129992.0,63.328731536865234
2024-10-14,13.92086410522461,22762100,5.6045,73.83000183105469,131005.0,63.771453857421875
2024-10-15,14.041348457336426,29965600,5.6378,70.58000183105469,131043.0,62.61283874511719
2024-10-16,13.99500846862793,55542100,5.6749,70.38999938964844,131750.0,62.12300491333008
2024-10-17,14.087690353393555,29445500,5.6758,70.66999816894531,130793.0,61.31291198730469
2024-10-18,14.198907852172852,39996000,5.6672,69.22000122070312,130499.0,61.56724548339844
2024-10-21,14.161835670471191,22922500,5.7068,70.55999755859375,130362.0,61.18103790283203
2024-10-22,14.069154739379883,32416400,5.6958,72.08999633789062,129721.0,61.6802864074707
2024-10-23,14.013545036315918,19789900,5.7149,70.7699966430664,129233.0,60.74773025512695
2024-10-24,14.041348457336426,24512500,5.7087,70.19000244140625,130067.0,60.86077117919922
2024-10-25,13.837448120117188,31639200,5.6969,71.77999877929688,129893.0,61.49188995361328
2024-10-28,14.087690353393555,22941700,5.6988,67.37999725341797,131213.0,62.33966064453125
2024-10-29,13.883788108825684,32485200,5.714,67.20999908447266,130730.0,62.71644973754883
2024-10-30,13.930130004882812,28738700,5.7801,68.61000061035156,130639.0,62.07591247558594
2024-10-31,13.318428039550781,84313700,5.7779,69.26000213623047,129713.0,61.12451934814453
2024-11-01,13.07745361328125,62202000,5.8073,69.48999786376953,128121.0,61.53899002075195
2024-11-04,13.095065116882324,34631600,5.7898,71.47000122070312,130515.0,61.23755645751953
2024-11-05,12.928013801574707,80715900,5.7846,71.98999786376953,130661.0,61.69912338256836
2024-11-06,12.816645622253418,61380900,5.7648,71.69000244140625,130341.0,61.53899002075195
2024-11-07,12.677433967590332,35235600,5.6624,72.36000061035156,129682.0,63.5548095703125
2024-11-08,12.538223266601562,44207900,5.7648,70.37999725341797,127830.0,60.69121551513672
2024-11-11,12.4918212890625,36639600,5.798,68.04000091552734,127874.0,58.967403411865234
2024-11-12,12.426855087280273,30009000,5.7694,68.12000274658203,127698.0,57.64864730834961
2024-11-13,12.510379791259766,30372800,5.7713,68.43000030517578,127734.0,57.10230255126953
2024-11-14,12.556783676147461,38876900,5.7885,68.69999694824219,127792.0,56.9233283996582
2024-11-18,12.73311710357666,36262700,5.7603,69.16000366210938,127768.0,58.5152587890625
2024-11-19,12.825923919677734,20410500,5.7743,69.38999938964844,128197.0,58.807273864746094
2024-11-21,12.779520988464355,37207100,5.8173,70.0999984741211,126922.0,58.93914794921875
2024-11-22,12.807363510131836,20755200,5.8124,71.23999786376953,129126.0,58.731910705566406
2024-11-25,12.62175178527832,39191600,5.8002,68.94000244140625,129036.0,59.325355529785156
2024-11-26,12.70527458190918,26857200,5.799,68.7699966430664,129922.0,58.43048095703125
2024-11-27,12.36189079284668,68995600,5.8291,68.72000122070312,127669.0,58.703651428222656
2024-11-29,11.72152042388916,96013500,6.0535,68.0,125668.0,59.193477630615234
2024-12-02,11.470941543579102,65638300,6.0634,68.0999984741211,125236.0,59.59852600097656
2024-12-03,11.432808876037598,34013800,6.0707,69.94000244140625,126139.0,59.82460021972656
2024-12-04,11.56294059753418,33476400,6.0581,68.54000091552734,126087.0,59.71156311035156
2024-12-05,11.720952033996582,32611400,5.9849,68.30000305175781,127858.0,59.834022521972656
2024-12-06,11.451399803161621,26301100,6.0293,67.19999694824219,125946.0,58.50584411621094
2024-12-09,11.37704086303711,34547600,6.057,68.37000274658203,127210.0,61.12451934814453
2024-12-10,11.600118637084961,32732400,6.0529,68.58999633789062,128228.0,61.0585823059082
2024-12-11,11.804608345031738,45892900,6.032,70.29000091552734,129593.0,61.20930099487305
2024-12-12,11.3956298828125,48022200,5.9408,70.0199966430664,126042.0,59.76808166503906
2024-12-13,11.24691104888916,24692500,6.04,71.29000091552734,124612.0,58.60003662109375
2024-12-16,11.061009407043457,52741800,6.0509,70.70999908447266,123560.0,57.705162048339844
2024-12-17,11.144664764404297,66961700,6.1685,70.08000183105469,124698.0,57.893558502197266
2024-12-18,10.679917335510254,70432300,6.1624,70.58000183105469,120772.0,55.89657974243164
2024-12-19,10.689212799072266,39732600,6.1841,69.91000366210938,121188.0,55.32197570800781
2024-12-20,10.93088150024414,63007200,6.078,69.45999908447266,122102.0,55.23719787597656
2024-12-23,10.735688209533691,28062600,6.1612,69.23999786376953,120767.0,55.792964935302734
2024-12-26,10.819344520568848,17715100,6.1656,69.62000274658203,121078.0,55.81180191040039
2024-12-27,10.735688209533691,19364200,6.1991,70.5999984741211,120269.0,55.58572769165039
2024-12-30,10.744983673095703,24874700,6.1923,70.98999786376953,120283.0,55.190101623535156
2025-01-02,10.872761726379395,31243900,6.2086,73.12999725341797,120125.0,55.359657287597656
2025-01-03,10.699820518493652,27722400,6.1563,73.95999908447266,118533.0,55.199520111083984
2025-01-06,10.909995079040527,30587800,6.1119,73.55999755859375,120022.0,54.992286682128906
2025-01-07,11.062850952148438,31934700,6.0741,74.25,121163.0,54.81330871582031
2025-01-08,10.890889167785645,35250500,6.1321,73.31999969482422,119625.0,55.227779388427734
2025-01-10,10.68071460723877,46311500,6.0965,76.56999969482422,118856.0,55.425594329833984
2025-01-13,10.718927383422852,36560700,6.1079,78.81999969482422,119007.0,56.06613540649414
2025-01-14,10.919549942016602,43570500,6.0671,77.5,119299.0,56.87622833251953
2025-01-15,11.30168628692627,42795800,6.0377,80.04000091552734,122650.0,56.95158767700195
2025-01-16,11.20615291595459,37429100,6.0322,78.68000030517578,121234.0,56.320465087890625
2025-01-17,11.072403907775879,60743100,6.0609,77.87999725341797,122350.0,57.554447174072266
2025-01-21,11.120173454284668,25985500,6.044,75.88999938964844,123338.0,58.147891998291016
2025-01-22,10.967316627502441,42528000,5.9674,75.44000244140625,122972.0,57.57328796386719
2025-01-23,10.881336212158203,36035600,5.9399,74.62000274658203,122483.0,57.98775863647461
2025-01-24,10.795355796813965,45727800,5.8925,74.66000366210938,122447.0,58.487003326416016
2025-01-27,11.062850952148438,80300500,5.9272,73.16999816894531,124862.0,58.37396240234375
2025-01-28,11.110618591308594,24844400,5.893,73.7699966430664,124056.0,56.4240837097168
2025-01-29,10.995977401733398,33371500,5.8596,72.62000274658203,123432.0,56.25453186035156
2025-01-30,11.5978422164917,56868200,5.9006,72.7300033569336,126913.0,57.37547302246094
2025-01-31,11.550073623657227,37528400,5.8301,72.52999877929688,126135.0,56.90448760986328
2025-02-03,11.530967712402344,32339300,5.8687,73.16000366210938,125970.0,56.376983642578125
2025-02-04,11.51085090637207,36005500,5.7927,72.69999694824219,125147.0,57.64864730834961
2025-02-05,11.778768539428711,42185200,5.7997,71.02999877929688,125534.0,57.808780670166016
2025-02-06,11.941431045532227,45483400,5.7856,70.61000061035156,126225.0,58.58119583129883
2025-02-07,11.472575187683105,129620600,5.7557,71.0,124619.0,58.355125427246094
2025-02-10,11.482145309448242,31716900,5.7808,72.31999969482422,125572.0,58.637718200683594
2025-02-11,11.75006103515625,40337300,5.7788,73.31999969482422,126522.0,58.072532653808594
2025-02-12,11.214228630065918,123782500,5.7711,71.37000274658203,124380.0,58.439903259277344
2025-02-13,11.36732292175293,44812400,5.7788,71.29000091552734,124850.0,59.617366790771484
2025-02-14,11.663946151733398,46996800,5.7283,70.73999786376953,128219.0,59.68330764770508
2025-02-18,11.673514366149902,25805300,5.6979,71.8499984741211,128532.0,60.45572280883789
2025-02-19,11.463007926940918,38006500,5.7087,72.25,127309.0,59.11811828613281
2025-02-20,11.43430233001709,26359900,5.7019,72.56999969482422,127601.0,60.5593376159668
2025-02-21,11.32905101776123,45757000,5.7027,70.4000015258789,127128.0,59.843441009521484
2025-02-24,11.128113746643066,30213900,5.7258,70.69999694824219,125401.0,59.09928512573242
2025-02-25,11.26207160949707,33494400,5.7779,68.93000030517578,125980.0,58.50584411621094
2025-02-26,11.041996002197266,51824900,5.7757,68.62000274658203,124769.0,58.006595611572266
2025-02-27,10.975016593933105,40713100,5.8228,70.3499984741211,124799.0,57.187076568603516
2025-02-28,10.754942893981934,84387200,5.8488,69.76000213623047,122799.0,57.04578399658203
2025-03-05,10.975016593933105,41379800,5.7914,66.30999755859375,123047.0,60.0506706237793
2025-03-06,11.0702543258667,44187500,5.7489,66.36000061035156,123358.0,60.229644775390625
2025-03-07,11.204437255859375,29808500,5.7688,67.04000091552734,125035.0,60.8349723815918
2025-03-10,11.041500091552734,42234700,5.793,66.02999877929688,124519.0,60.73733901977539
2025-03-11,10.974408149719238,43087500,5.8346,66.25,123507.0,60.385860443115234
2025-03-12,10.974408149719238,31708500,5.8268,67.68000030517578,123864.0,59.341190338134766
2025-03-13,11.166098594665527,35174100,5.8131,66.55000305175781,125637.0,59.751251220703125
2025-03-14,11.626161575317383,42086800,5.7419,67.18000030517578,128957.0,61.547691345214844
2025-03-17,11.798686027526855,23901600,5.7082,67.58000183105469,130834.0,61.96751403808594
2025-03-18,11.78909969329834,19650500,5.6852,66.9000015258789,131475.0,62.62165069580078
2025-03-19,11.894530296325684,25791100,5.6657,67.16000366210938,132508.0,62.34828186035156
2025-03-20,11.837024688720703,31369300,5.6628,68.26000213623047,131955.0,61.4305305480957
2025-03-21,11.999963760375977,74318800,5.7241,68.27999877929688,132345.0,60.52254867553711
2025-03-24,12.12456226348877,44562300,5.7403,69.11000061035156,131321.0,60.69828414916992
2025-03-25,12.325839042663574,63764400,5.6992,69.0,132068.0,61.32313919067383
2025-03-26,12.527116775512695,49065500,5.7298,69.6500015258789,132520.0,61.3817138671875
2025-03-27,12.479195594787598,40588300,5.7474,69.91999816894531,133149.0,60.864261627197266
2025-03-28,12.306671142578125,25978000,5.766,69.36000061035156,131902.0,59.58527374267578
2025-03-31,12.143733024597168,38613400,5.7422,71.4800033569336,130260.0,58.65776443481445
2025-04-01,12.161128044128418,20578300,5.7051,71.19999694824219,131147.0,58.8042106628418
2025-04-02,12.189452171325684,18113400,5.6923,71.70999908447266,131190.0,58.482025146484375
2025-04-03,12.424053192138672,46295700,5.6067,66.94999694824219,131141.0,57.04682159423828
2025-04-04,12.287201881408691,48847400,5.7777,61.9900016784668,127256.0,53.37582778930664
2025-04-07,12.081926345825195,50116900,5.8877,60.70000076293945,125588.0,53.268436431884766
2025-04-08,11.749576568603516,56053800,5.9368,59.58000183105469,123932.0,51.081459045410156
2025-04-09,12.189452171325684,64688900,6.0605,62.349998474121094,127796.0,54.2935791015625
2025-04-10,12.169900894165039,29807400,5.9115,60.06999969482422,126355.0,53.57109451293945
2025-04-11,12.336077690124512,28170600,5.8737,61.5,127682.0,55.51398849487305
2025-04-14,12.443601608276367,18681300,5.8425,61.529998779296875,129454.0,55.66043472290039
2025-04-15,12.453376770019531,20639200,5.8707,61.33000183105469,129245.0,55.904518127441406
2025-04-16,12.433828353881836,29640200,5.8808,62.470001220703125,128317.0,55.806884765625
2025-04-17,12.492476463317871,26318600,5.8559,64.68000030517578,129650.0,56.79297637939453
2025-04-22,12.443601608276367,23746500,5.7496,64.30999755859375,130464.0,58.208648681640625
2025-04-23,12.854153633117676,38980300,5.688,62.27000045776367,132216.0,58.77492141723633
2025-04-24,13.059427261352539,28878200,5.6738,62.790000915527344,134580.0,60.22964859008789
2025-04-25,13.078978538513184,26229400,5.6846,63.02000045776367,134739.0,59.126399993896484
2025-04-28,13.049654006958008,19185700,5.6681,62.04999923706055,135016.0,59.42905807495117
2025-04-29,13.196279525756836,29771000,5.6467,60.41999816894531,135093.0,59.43882369995117
2025-04-30,13.421103477478027,55291100,5.6608,58.209999084472656,135067.0,57.99386215209961
2025-05-02,13.137627601623535,27262900,5.6394,58.290000915527344,135134.0,58.28675842285156
2025-05-05,13.019160270690918,32690500,5.652,57.130001068115234,133491.0,58.15983581542969
2025-05-06,12.960427284240723,26635800,5.721,59.09000015258789,133516.0,58.3843879699707
2025-05-07,12.764650344848633,45197400,5.7375,58.06999969482422,133398.0,58.59918212890625
2025-05-08,14.76157283782959,218670200,5.686,59.90999984741211,136232.0,57.77906799316406
2025-05-09,14.800728797912598,58078200,5.6511,61.02000045776367,136512.0,58.56012725830078
2025-05-12,14.585373878479004,28273600,5.6822,61.95000076293945,136563.0,59.956275939941406
2025-05-13,14.8986177444458,41967000,5.6262,63.66999816894531,138963.0,60.795921325683594
2025-05-14,14.87903881072998,44162100,5.61,63.150001525878906,138423.0,60.56159973144531
2025-05-15,15.025872230529785,37314300,5.6328,61.619998931884766,139334.0,61.264556884765625
2025-05-16,15.074816703796387,35982000,5.6925,62.4900016784668,139187.0,61.157161712646484
2025-05-19,15.211860656738281,34562300,5.6591,62.689998626708984,139636.0,60.91307830810547
2025-05-20,15.35869312286377,27806300,5.662,62.560001373291016,140110.0,60.766632080078125
2025-05-21,15.08460521697998,25605500,5.6571,61.56999969482422,137881.0,60.51278305053711
2025-05-22,15.123761177062988,46122600,5.639,61.20000076293945,137273.0,59.67314147949219
2025-05-23,15.309748649597168,35866200,5.6932,61.529998779296875,137824.0,60.12225341796875
2025-05-27,15.701302528381348,51944300,5.6539,60.88999938964844,139541.0,59.3607177734375
2025-05-28,15.808979988098145,53685300,5.6936,61.84000015258789,138888.0,58.53084182739258
2025-05-29,15.740455627441406,35789500,5.6559,60.939998626708984,138534.0,58.77492141723633
2025-05-30,15.857925415039062,55543700,5.7087,60.790000915527344,137027.0,58.02314758300781
2025-06-02,15.897077560424805,26220300,5.6937,62.52000045776367,136787.0,58.16960144042969
2025-06-03,16.17048454284668,50865800,5.6694,63.40999984741211,137546.0,57.456878662109375
2025-06-04,16.121482849121094,36692500,5.6332,62.849998474121094,137002.0,57.163978576660156
2025-06-05,15.651068687438965,36435500,5.5969,63.369998931884766,136236.0,57.837650299072266
2025-06-06,15.641267776489258,19352100,5.5947,64.58000183105469,136102.0,57.63261795043945
2025-06-09,15.523664474487305,28177300,5.576,65.29000091552734,135699.0,57.90599060058594
2025-06-10,15.513863563537598,27623200,5.5557,64.9800033569336,136436.0,58.06220245361328
2025-06-11,15.994077682495117,48251000,5.539,68.1500015258789,137128.0,57.437355041503906
2025-06-12,16.150882720947266,38328100,5.5388,68.04000091552734,137800.0,57.2909049987793
2025-06-13,15.964677810668945,29855200,5.5652,72.9800033569336,137213.0,56.62699890136719
2025-06-16,16.30768585205078,25238300,5.5123,71.7699966430664,139256.0,56.929664611816406
2025-06-17,16.55269432067871,33555400,5.4773,74.83999633789062,138840.0,55.66043472290039
2025-06-18,16.42529296875,32449600,5.4879,75.13999938964844,138717.0,55.59209060668945
2025-06-20,16.2880859375,39693200,5.4957,74.93000030517578,137116.0,54.56694793701172
2025-06-23,16.160682678222656,25046300,5.5213,68.51000213623047,136551.0,55.73854446411133
2025-06-24,16.209684371948242,32515100,5.4938,64.37000274658203,137165.0,55.83617401123047
2025-06-25,16.072479248046875,33727300,5.5427,64.91999816894531,135767.0,55.36753845214844
2025-06-26,16.219484329223633,27870800,5.5145,65.23999786376953,137114.0,57.19327163696289
2025-06-27,16.239084243774414,28697200,5.4759,65.5199966430664,136866.0,57.349483489990234
2025-06-30,16.493892669677734,30209500,5.4571,65.11000061035156,138855.0,56.94919204711914
2025-07-01,16.64070701599121,24480600,5.4511,65.44999694824219,139549.0,56.919898986816406
2025-07-02,16.340049743652344,29531300,5.4512,67.44999694824219,139051.0,58.755393981933594
2025-07-03,16.72957420349121,34023600,5.4208,67.0,140928.0,57.62285614013672
2025-07-07,16.489866256713867,22852900,5.4552,67.93000030517578,139490.0,56.295047760009766
2025-07-08,16.529817581176758,18149600,5.4571,68.33000183105469,139303.0,57.339717864990234
2025-07-09,16.340049743652344,22687500,5.4626,68.37999725341797,137481.0,57.320194244384766
2025-07-10,16.120317459106445,24133500,5.5433,66.56999969482422,136743.0,58.67728805541992
2025-07-11,16.030427932739258,20943500,5.5722,68.44999694824219,136187.0,59.65361404418945
2025-07-14,16.090354919433594,16403700,5.5595,66.9800033569336,135299.0,58.40391540527344
2025-07-15,16.080368041992188,20723100,5.5576,66.5199966430664,135250.0,57.08587646484375
2025-07-16,16.040414810180664,18619600,5.5722,66.37999725341797,135511.0,58.3062858581543
2025-07-17,16.010452270507812,19360000,5.5737,67.54000091552734,135565.0,58.608943939208984
2025-07-18,15.650891304016113,43557800,5.5466,67.33999633789062,133382.0,59.10687255859375
2025-07-21,15.660879135131836,28460200,5.5625,67.19999694824219,134167.0,60.58112716674805
2025-07-22,15.610939979553223,22020400,5.5709,66.20999908447266,134036.0,62.80715560913086
2025-07-23,15.860634803771973,23447100,5.5537,65.25,135368.0,63.090293884277344
2025-07-24,15.660879135131836,40868200,5.5239,66.02999877929688,133808.0,62.318992614746094
2025-07-25,15.54102611541748,21825400,5.5426,65.16000366210938,133524.0,61.60626983642578
2025-07-28,15.421171188354492,24295500,5.5877,66.70999908447266,132129.0,60.717811584472656
2025-07-29,15.391207695007324,28054200,5.5764,69.20999908447266,132726.0,60.795921325683594
2025-07-30,15.64090347290039,45351600,5.6034,70.0,133990.0,58.081729888916016
2025-07-31,15.511061668395996,63011500,5.6021,69.26000213623047,133071.0,58.3551025390625
2025-08-01,15.54102611541748,30228600,5.5436,67.33000183105469,132437.0,58.23794174194336
