Date,Close_ITUB4,Volume_ITUB4,Close_Dolar,Close_Petroleo,Close_Ibovespa,Close_Minerio
2021-08-02,21.703372955322266,41157930,5.1379,71.26000213623047,122516.0,60.64411926269531
2021-08-03,21.917051315307617,60540700,5.2464,70.55999755859375,123577.0,62.09596252441406
2021-08-04,21.304485321044922,55582010,5.2091,68.1500015258789,121801.0,61.49855041503906
2021-08-05,21.36859130859375,54339010,5.1464,69.08999633789062,121633.0,58.86577606201172
2021-08-06,21.966901779174805,36621200,5.241,68.27999877929688,122810.0,59.02553939819336
2021-08-09,22.22333335876465,37313430,5.2774,66.4800033569336,123019.0,59.44234085083008
2021-08-10,21.803077697753906,34897830,5.2217,68.29000091552734,122202.0,60.39404296875
2021-08-11,22.04526710510254,38324660,5.2013,69.25,122056.0,59.810516357421875
2021-08-12,21.632137298583984,30043860,5.2351,69.08999633789062,120701.0,58.82221984863281
2021-08-13,21.924177169799805,33223520,5.2474,68.44000244140625,121194.0,59.0302848815918
2021-08-16,21.683927536010742,39312020,5.2495,67.29000091552734,119180.0,57.9825439453125
2021-08-17,21.605302810668945,42789010,5.2585,66.58999633789062,117904.0,57.09084701538086
2021-08-18,21.648195266723633,52224480,5.3025,65.45999908447266,116643.0,55.08452606201172
2021-08-19,21.36946678161621,43769660,5.418,63.689998626708984,117165.0,53.81386184692383
2021-08-20,21.290836334228516,38172750,5.4274,62.31999969482422,118053.0,53.888160705566406
2021-08-23,21.519542694091797,23682670,5.3686,65.63999938964844,117472.0,54.244850158691406
2021-08-24,22.119890213012695,33170170,5.3017,67.54000091552734,120211.0,55.797889709472656
2021-08-25,22.148479461669922,19276730,5.2465,68.36000061035156,120818.0,56.02824783325195
2021-08-26,21.612459182739258,38630680,5.2429,67.41999816894531,118724.0,55.00278854370117
2021-08-27,21.984094619750977,24498320,5.22,68.73999786376953,120678.0,56.3477668762207
2021-08-30,21.826862335205078,20682090,5.1952,69.20999908447266,119740.0,56.518672943115234
2021-08-31,22.11273956298828,47968250,5.1433,68.5,118781.0,55.78302764892578
2021-09-01,22.209270477294922,31662950,5.1576,68.58999633789062,119396.0,55.66413497924805
2021-09-02,21.408422470092773,35802470,5.1735,69.98999786376953,116677.0,55.939064025878906
2021-09-03,21.286863327026367,54584970,5.1685,69.29000091552734,116933.0,56.37749481201172
2021-09-08,20.53607749938965,52754240,5.2524,69.30000305175781,113413.0,54.6535530090332
2021-09-09,20.807783126831055,61265050,5.2825,68.13999938964844,115361.0,53.546356201171875
2021-09-10,20.600425720214844,39621450,5.2158,69.72000122070312,114286.0,54.378597259521484
2021-09-13,20.857839584350586,34180190,5.219,70.44999694824219,116404.0,54.82444763183594
2021-09-14,20.72913932800293,26599100,5.226,70.45999908447266,116181.0,54.02192306518555
2021-09-15,20.39305877685547,29037250,5.2576,72.61000061035156,115063.0,54.660980224609375
2021-09-16,20.378761291503906,51067500,5.2594,72.61000061035156,113794.0,52.11963653564453
2021-09-17,19.89253044128418,47981890,5.3103,71.97000122070312,111439.0,50.55916976928711
2021-09-20,19.442052841186523,48413420,5.3332,70.29000091552734,108844.0,49.09531021118164
2021-09-21,19.392000198364258,36929860,5.3044,70.55999755859375,110250.0,48.57514953613281
2021-09-22,19.842470169067383,42590350,5.2783,72.2300033569336,112282.0,49.48169708251953
2021-09-23,20.52891731262207,55285560,5.2891,73.30000305175781,114064.0,49.823524475097656
2021-09-24,20.242902755737305,45533180,5.3435,73.9800033569336,113283.0,49.615455627441406
2021-09-27,20.77203941345215,64275750,5.3478,75.44999694824219,113583.0,50.18763732910156
2021-09-28,20.300106048583984,67349370,5.4206,75.29000091552734,110124.0,48.916961669921875
2021-09-29,20.664777755737305,57708090,5.4173,74.83000183105469,111107.0,48.85009002685547
2021-09-30,20.68622398376465,45977470,5.4394,75.02999877929688,110979.0,49.65261459350586
2021-10-01,21.226364135742188,47093420,5.3911,75.87999725341797,112900.0,49.64518737792969
2021-10-04,17.413204193115234,64836860,5.4204,77.62000274658203,110393.0,49.45941162109375
2021-10-05,17.83530616760254,54122860,5.4611,78.93000030517578,110458.0,49.32565689086914
2021-10-06,17.892536163330078,42955550,5.5097,77.43000030517578,110560.0,49.83837890625
2021-10-07,17.513362884521484,42270800,5.514,78.30000305175781,110585.0,50.62604522705078
2021-10-08,17.64213752746582,53500150,5.5084,79.3499984741211,112833.0,50.878692626953125
2021-10-11,17.334505081176758,47040840,5.5161,80.5199966430664,112180.0,51.87441635131836
2021-10-13,17.355968475341797,46466420,5.5471,80.44000244140625,113456.0,51.30968475341797
2021-10-14,17.27012062072754,40575590,5.4988,81.30999755859375,113185.0,52.825565338134766
2021-10-15,17.71367645263672,57770460,5.451,82.27999877929688,114648.0,52.335140228271484
2021-10-18,17.83530616760254,31632480,5.5193,82.44000244140625,114428.0,52.14935302734375
2021-10-19,17.413204193115234,46328370,5.5521,82.95999908447266,110673.0,52.67694091796875
2021-10-20,17.878223419189453,41540510,5.5571,83.87000274658203,110786.0,50.62604522705078
2021-10-21,17.513362884521484,77771760,5.6423,82.5,107735.0,48.70146560668945
2021-10-22,16.840871810913086,102791040,5.7117,83.76000213623047,106296.0,48.9541130065918
2021-10-25,17.169965744018555,43705420,5.5973,83.76000213623047,108715.0,49.6600456237793
2021-10-26,16.98395347595215,31620380,5.58,84.6500015258789,106420.0,49.065582275390625
2021-10-27,17.11273193359375,32468150,5.5667,82.66000366210938,106363.0,47.88408660888672
2021-10-28,17.07696533203125,40482860,5.6124,82.80999755859375,105705.0,47.92866516113281
2021-10-29,16.67633056640625,38770490,5.643,83.56999969482422,103501.0,47.014678955078125
2021-11-01,17.340490341186523,39017880,5.6694,84.05000305175781,105551.0,47.103851318359375
2021-11-03,17.505149841308594,68212540,5.6672,80.86000061035156,105617.0,46.152706146240234
2021-11-04,16.58156394958496,78816320,5.5942,78.80999755859375,103412.0,45.22385787963867
2021-11-05,16.381101608276367,122784860,5.5455,81.2699966430664,104824.0,45.04551696777344
2021-11-08,16.29519271850586,36525940,5.5627,81.93000030517578,104781.0,46.28646469116211
2021-11-09,16.130516052246094,47803910,5.4957,84.1500015258789,105535.0,45.625118255615234
2021-11-10,16.538612365722656,52711230,5.459,81.33999633789062,105968.0,44.83744812011719
2021-11-11,16.50281524658203,43634140,5.4171,81.58999633789062,107725.0,46.814048767089844
2021-11-12,16.467012405395508,40437100,5.4199,80.79000091552734,106312.0,46.32361602783203
2021-11-16,16.29519271850586,27198050,5.4772,80.76000213623047,104508.0,44.993499755859375
2021-11-17,16.359622955322266,32825650,5.4993,78.36000061035156,102945.0,45.08267593383789
2021-11-18,16.087556838989258,36571150,5.547,79.01000213623047,102524.0,44.510501861572266
2021-11-19,15.951530456542969,31798470,5.5584,76.0999984741211,103035.0,45.11239242553711
2021-11-22,15.991056442260742,30748850,5.5841,76.75,102122.0,46.07839584350586
2021-11-23,16.259143829345703,42492010,5.6456,78.5,103663.0,47.43824005126953
2021-11-24,16.69387435913086,50744650,5.6027,78.38999938964844,104514.0,47.37135314941406
2021-11-26,16.5272216796875,35512400,5.5865,68.1500015258789,102224.0,46.31618118286133
2021-11-29,16.418548583984375,37085400,5.6118,69.94999694824219,102814.0,46.76945877075195
2021-11-30,16.21566390991211,67146970,5.6199,66.18000030517578,101915.0,46.58368682861328
2021-12-01,16.11244773864746,26234230,5.6168,65.56999969482422,100775.0,46.18986129760742
2021-12-02,16.721553802490234,34489400,5.6345,66.5,104466.0,47.653724670410156
2021-12-03,16.66354751586914,39054950,5.6432,66.26000213623047,105070.0,45.57310485839844
2021-12-06,16.859331130981445,40975660,5.6877,69.48999786376953,106859.0,46.137847900390625
2021-12-07,16.64904022216797,33767250,5.6411,72.05000305175781,107558.0,47.676021575927734
2021-12-08,16.489513397216797,41727730,5.5779,72.36000061035156,108096.0,47.46795654296875
2021-12-09,16.04718589782715,30760290,5.5564,70.94000244140625,106291.0,47.54226303100586
2021-12-10,16.068937301635742,22765380,5.5931,71.66999816894531,107758.0,47.63886260986328
2021-12-13,15.641107559204102,53385310,5.6357,71.29000091552734,107383.0,47.713172912597656
2021-12-14,15.79338264465332,34625250,5.6461,70.7300033569336,106760.0,48.0772819519043
2021-12-15,15.742621421813965,34892990,5.7127,70.87000274658203,107370.0,47.965824127197266
2021-12-16,15.902153968811035,27673690,5.6963,72.37999725341797,108212.0,48.89467239379883
2021-12-17,15.55409049987793,38808000,5.6959,70.86000061035156,107201.0,48.233333587646484
2021-12-20,15.314798355102539,24576640,5.7055,68.2300033569336,105020.0,47.80234909057617
2021-12-21,15.336552619934082,27380980,5.7372,71.12000274658203,105500.0,49.05072021484375
2021-12-22,15.394567489624023,19900430,5.7201,72.76000213623047,105244.0,48.9541130065918
2021-12-23,15.474332809448242,24614700,5.691,73.79000091552734,104891.0,49.19933319091797
2021-12-27,15.633855819702148,15428380,5.665,75.56999969482422,105531.0,49.347957611083984
2021-12-28,15.575849533081055,16823620,5.6438,75.9800033569336,104864.0,48.98384094238281
2021-12-29,15.445321083068848,14141710,5.6619,76.55999755859375,104107.0,49.13246154785156
2021-12-30,15.191523551940918,43997030,5.5805,76.98999786376953,104822.0,49.615455627441406
2022-01-03,15.610748291015625,36138190,5.6309,76.08000183105469,103922.0,49.58573532104492
2022-01-04,16.053457260131836,48343460,5.6776,76.98999786376953,103514.0,50.17277145385742
2022-01-05,15.748641014099121,34807190,5.6628,77.8499984741211,101006.0,51.057029724121094
2022-01-06,16.06797218322754,39441490,5.7042,79.45999908447266,101561.0,52.04533386230469
2022-01-07,16.423583984375,47174930,5.6753,78.9000015258789,102719.0,53.680110931396484
2022-01-10,16.575990676879883,45753290,5.6736,78.2300033569336,101945.0,54.029354095458984
2022-01-11,16.94611358642578,61516180,5.6351,81.22000122070312,103779.0,55.30001449584961
2022-01-12,16.873544692993164,45855700,5.5611,82.63999938964844,105686.0,56.526100158691406
2022-01-13,17.18561363220215,47756060,5.5246,82.12000274658203,105530.0,56.221439361572266
2022-01-14,17.054981231689453,32915410,5.5349,83.81999969482422,106928.0,56.02824783325195
2022-01-18,17.156587600708008,47950540,5.5213,85.43000030517578,106522.0,56.27346420288086
2022-01-19,17.040468215942383,34017830,5.4978,86.95999908447266,108013.0,57.90080261230469
2022-01-20,16.902576446533203,28535870,5.4166,86.9000015258789,109102.0,56.59299087524414
2022-01-21,16.909832000732422,41433370,5.4401,85.13999938964844,108942.0,55.25543975830078
2022-01-24,16.8880558013916,43612910,5.491,83.30999755859375,107752.0,54.44547653198242
2022-01-25,17.4976806640625,43286760,5.4971,85.5999984741211,109845.0,54.750144958496094
2022-01-26,17.686368942260742,61470530,5.4324,87.3499984741211,111573.0,55.01021957397461
2022-01-27,17.773462295532227,45699170,5.3812,86.61000061035156,112315.0,55.797889709472656
2022-01-28,17.991193771362305,32389170,5.3954,86.81999969482422,111478.0,54.34144592285156
2022-01-31,18.383092880249023,48669280,5.3574,88.1500015258789,112388.0,53.05592727661133
2022-02-01,18.51211166381836,31649420,5.281,88.19999694824219,113147.0,55.13654708862305
2022-02-02,18.221614837646484,37956710,5.2956,88.26000213623047,112161.0,55.203426361083984
2022-02-03,18.432220458984375,45885180,5.3025,90.2699966430664,111696.0,54.594093322753906
2022-02-04,18.490327835083008,38053290,5.3284,92.30999755859375,112245.0,54.906192779541016
2022-02-07,18.388648986816406,25404830,5.2913,91.31999969482422,111996.0,56.94966125488281
2022-02-08,18.591995239257812,41067290,5.2699,89.36000061035156,112234.0,58.03455352783203
2022-02-09,17.85122299194336,97982940,5.2735,89.66000366210938,112461.0,58.205474853515625
2022-02-10,18.19255828857422,66343310,5.2101,89.87999725341797,113359.0,58.67361068725586
2022-02-11,19.267406463623047,176736890,5.1987,93.0999984741211,113572.0,57.80419921875
2022-02-14,19.223831176757812,41789440,5.2106,95.45999908447266,113807.0,58.235191345214844
2022-02-15,19.40540313720703,32365080,5.1881,92.06999969482422,114660.0,57.31377029418945
2022-02-16,19.20204734802246,43114610,5.163,93.66000366210938,115181.0,58.37636947631836
2022-02-17,18.933338165283203,37081660,5.1565,91.76000213623047,113528.0,56.97938537597656
2022-02-18,19.00596046447754,29053090,5.1339,91.06999969482422,112768.0,57.685306549072266
2022-02-22,18.71094512939453,33319000,5.0611,92.3499984741211,112892.0,57.789337158203125
2022-02-23,18.449350357055664,24763200,5.0143,92.0999984741211,112008.0,57.58871078491211
2022-02-24,18.136903762817383,48436520,5.1174,92.80999755859375,111592.0,56.0431022644043
2022-02-25,18.50748634338379,42786810,5.1394,91.58999633789062,113142.0,57.93052291870117
2022-03-02,18.200382232666016,35717770,5.1347,110.5999984741211,115174.0,62.076904296875
2022-03-03,18.214920043945312,48997190,5.0479,107.66999816894531,115166.0,62.418739318847656
2022-03-04,17.9385986328125,33368830,5.0758,115.68000030517578,114474.0,60.84339904785156
2022-03-07,17.553220748901367,58147650,5.0579,119.4000015258789,111593.0,59.104591369628906
2022-03-08,17.38597297668457,47830750,5.0903,123.69999694824219,111203.0,57.611000061035156
2022-03-09,18.251279830932617,56756480,5.0094,108.69999694824219,113900.0,57.75218963623047
2022-03-10,18.265827178955078,32575840,5.0513,106.0199966430664,113663.0,59.27260208129883
2022-03-11,18.06222152709961,47232240,5.0255,109.33000183105469,111713.0,57.58588409423828
2022-03-14,18.31671714782715,35211110,5.0647,103.01000213623047,109928.0,54.933082580566406
2022-03-15,18.251279830932617,40505630,5.1314,96.44000244140625,108959.0,54.70343017578125
2022-03-16,18.60757827758789,44408760,5.1287,95.04000091552734,111112.0,57.58588409423828
2022-03-17,19.014772415161133,47677850,5.0764,102.9800033569336,113076.0,59.26468276977539
2022-03-18,19.152935028076172,71270430,5.0411,104.69999694824219,115311.0,59.731903076171875
2022-03-21,19.625574111938477,39558860,4.9666,112.12000274658203,116155.0,61.52156066894531
2022-03-22,19.894615173339844,40525430,4.9208,111.76000213623047,117272.0,60.55546951293945
2022-03-23,19.80736541748047,29702970,4.8704,114.93000030517578,117457.0,61.67201614379883
2022-03-24,19.938247680664062,52267930,4.8067,112.33999633789062,119053.0,62.00461196899414
2022-03-25,19.974605560302734,35284370,4.7782,113.9000015258789,119081.0,62.97071075439453
2022-03-28,19.96005630493164,23700270,4.7905,105.95999908447266,118738.0,62.18674087524414
2022-03-29,20.192750930786133,32853260,4.7486,104.23999786376953,120014.0,62.067962646484375
2022-03-30,20.236370086669922,36282840,4.7497,107.81999969482422,120260.0,63.74675750732422
2022-03-31,19.98188018798828,44990990,4.7378,100.27999877929688,119999.0,63.66756820678711
2022-04-01,20.03838348388672,44169950,4.6984,99.2699966430664,121570.0,65.47306823730469
2022-04-04,19.856481552124023,27640470,4.6175,103.27999877929688,121280.0,64.44361877441406
2022-04-05,19.4562931060791,40431710,4.64,101.95999908447266,118885.0,63.73884963989258
2022-04-06,19.449010848999023,37083530,4.6967,96.2300033569336,118228.0,63.80218505859375
2022-04-07,19.434463500976562,25953400,4.7422,96.02999877929688,118862.0,64.02391815185547
2022-04-08,19.39807891845703,28786890,4.7513,98.26000213623047,118322.0,63.572540283203125
2022-04-11,19.325313568115234,29982810,4.7025,94.29000091552734,116953.0,63.144927978515625
2022-04-12,18.98333740234375,32813770,4.6483,100.5999984741211,116147.0,63.73884963989258
2022-04-13,19.034265518188477,37252930,4.6811,104.25,116782.0,64.88706970214844
2022-04-14,19.1579647064209,25989040,4.7158,106.94999694824219,116182.0,64.8316421508789
2022-04-18,19.26710319519043,23109460,4.6746,108.20999908447266,115687.0,65.25133514404297
2022-04-19,18.925140380859375,37898080,4.6664,102.55999755859375,115057.0,63.905120849609375
2022-04-20,19.048828125,27655430,4.6397,102.75,114344.0,62.22633743286133
2022-04-22,18.67774772644043,33760980,4.7326,102.06999969482422,111078.0,57.546295166015625
2022-04-25,18.6049861907959,41050900,4.8818,98.54000091552734,110685.0,56.09714126586914
2022-04-26,17.971960067749023,46444970,4.9666,101.69999694824219,108213.0,54.43418502807617
2022-04-27,17.82644271850586,26882020,5.0167,102.0199966430664,109349.0,56.9365348815918
2022-04-28,17.680925369262695,39971030,5.011,105.36000061035156,109919.0,56.627708435058594
2022-04-29,17.368051528930664,49470190,4.9191,104.69000244140625,107876.0,56.318870544433594
2022-05-02,17.293519973754883,43238140,5.0266,105.16999816894531,106639.0,56.18425369262695
2022-05-03,17.380905151367188,28834630,5.0167,102.41000366210938,106528.0,56.318870544433594
2022-05-04,17.35904884338379,52180040,5.0093,107.80999755859375,108344.0,56.865272521972656
2022-05-05,16.958574295043945,44461450,5.0051,108.26000213623047,105304.0,54.61632537841797
2022-05-06,17.322649002075195,66495770,5.075,109.7699966430664,105135.0,53.903621673583984
2022-05-09,17.075075149536133,61961130,5.134,103.08999633789062,103250.0,51.44878005981445
2022-05-10,16.98770523071289,39156480,5.139,99.76000213623047,103110.0,51.551727294921875
2022-05-11,17.555648803710938,62378470,5.1244,105.70999908447266,104397.0,51.80513000488281
2022-05-12,17.832347869873047,59955610,5.1482,106.12999725341797,105688.0,51.01324462890625
2022-05-13,18.04351234436035,28855750,5.1075,110.48999786376953,106924.0,52.113956451416016
2022-05-16,18.23282814025879,30038470,5.0666,114.19999694824219,108233.0,52.71579360961914
2022-05-17,18.393020629882812,30051670,4.9676,112.4000015258789,108789.0,54.608402252197266
2022-05-18,18.13088607788086,41837840,4.9592,109.58999633789062,106247.0,52.79498291015625
2022-05-19,18.07264518737793,24889700,4.9198,112.20999908447266,107005.0,53.79276657104492
2022-05-20,18.29836082458496,41817490,4.8777,113.2300033569336,108488.0,55.06769561767578
2022-05-23,18.771657943725586,42356930,4.7973,110.29000091552734,110346.0,56.010047912597656
2022-05-24,19.055648803710938,43178960,4.8106,109.7699966430664,110581.0,56.437652587890625
2022-05-25,18.71340560913086,31918590,4.8359,110.33000183105469,110580.0,56.92862319946289
2022-05-26,18.946413040161133,38707020,4.7967,114.08999633789062,111890.0,57.11867141723633
2022-05-27,19.04835319519043,26675330,4.7434,115.06999969482422,111942.0,57.95808029174805
2022-05-31,19.04835319519043,72828690,4.7289,114.66999816894531,111351.0,58.15604782104492
2022-06-01,18.78433609008789,31344280,4.7765,115.26000213623047,111360.0,57.98976135253906
2022-06-02,18.86448860168457,19728060,4.7879,116.87000274658203,112393.0,60.040733337402344
2022-06-03,18.689607620239258,21987790,4.7956,118.87000274658203,111102.0,59.28052520751953
2022-06-06,18.624038696289062,14660800,4.7839,118.5,110186.0,60.11199951171875
2022-06-07,18.624038696289062,23103520,4.8909,119.41000366210938,110070.0,62.083797454833984
2022-06-08,18.266998291015625,32121870,4.8711,122.11000061035156,108368.0,60.57130813598633
2022-06-09,17.95368766784668,42154640,4.8951,121.51000213623047,107094.0,58.924171447753906
2022-06-10,17.56022071838379,39028110,4.9836,120.66999816894531,105481.0,56.77025604248047
2022-06-13,17.348913192749023,36898620,5.1033,120.93000030517578,102598.0,54.4896240234375
2022-06-14,17.23233413696289,21978220,5.1203,118.93000030517578,102063.0,53.38889694213867
2022-06-15,17.30519676208496,46833380,5.1119,115.30999755859375,102807.0,55.051856994628906
2022-06-17,17.086599349975586,50004460,5.1313,109.55999755859375,99825.0,51.108272552490234
2022-06-21,17.640371322631836,36482600,5.1462,110.6500015258789,99685.0,51.7892951965332
2022-06-22,17.509220123291016,40502880,5.1509,106.19000244140625,99522.0,49.65911865234375
2022-06-23,17.108469009399414,29807030,5.1833,104.2699966430664,98080.0,48.154537200927734
2022-06-24,17.079320907592773,29197850,5.2334,107.62000274658203,98672.0,49.66704177856445
2022-06-27,17.181324005126953,25523190,5.2214,109.56999969482422,100764.0,49.904605865478516
2022-06-28,16.991884231567383,38236000,5.2179,111.76000213623047,100591.0,50.09465408325195
2022-06-29,16.8170108795166,33761530,5.2268,109.77999877929688,99622.0,49.833335876464844
2022-06-30,16.51826286315918,40157590,5.238,105.76000213623047,98542.0,48.30500030517578
2022-07-01,16.662395477294922,38318060,5.3142,108.43000030517578,98954.0,47.37849426269531
2022-07-05,16.61863899230957,31485850,5.3899,99.5,98295.0,45.35918045043945
2022-07-06,16.465505599975586,30935190,5.4321,98.52999877929688,98719.0,45.34334182739258
2022-07-07,16.69884490966797,44442750,5.364,102.7300033569336,100730.0,47.109249114990234
2022-07-08,16.706140518188477,24299660,5.3086,104.79000091552734,100289.0,46.80833053588867
2022-07-11,16.436338424682617,18200050,5.3477,104.08999633789062,98212.0,45.77888870239258
2022-07-12,16.39987564086914,21684960,5.412,95.83999633789062,98271.0,45.31167221069336
2022-07-13,16.334251403808594,37289230,5.3992,96.30000305175781,97881.0,46.00852966308594
2022-07-14,16.151945114135742,53217120,5.4568,95.77999877929688,96121.0,43.30028533935547
2022-07-15,16.44362449645996,34233540,5.4014,97.58999633789062,96551.0,43.878360748291016
2022-07-18,16.662395477294922,22651640,5.3675,102.5999984741211,96916.0,44.852378845214844
2022-07-19,17.223878860473633,38471510,5.3904,104.22000122070312,98245.0,45.493804931640625
2022-07-20,17.00511932373047,32606530,5.4288,102.26000213623047,98287.0,45.37501907348633
2022-07-21,17.14366912841797,23838210,5.475,96.3499984741211,99033.0,45.557151794433594
2022-07-22,16.961368560791016,24843060,5.4522,94.69999694824219,98925.0,45.53339767456055
2022-07-25,17.20929718017578,35392280,5.4144,96.69999694824219,100270.0,47.25178909301758
2022-07-26,17.114498138427734,23869010,5.3608,94.9800033569336,99772.0,46.80833053588867
2022-07-27,17.172836303710938,26468750,5.3074,97.26000213623047,101438.0,47.0538215637207
2022-07-28,17.282222747802734,25992890,5.2149,96.41999816894531,102597.0,47.4180908203125
2022-07-29,17.223878860473633,32542180,5.1884,98.62000274658203,103165.0,48.32875061035156
2022-08-01,17.12729835510254,27543230,5.1606,93.88999938964844,102225.0,47.711082458496094
2022-08-02,17.309738159179688,23541320,5.2329,94.41999816894531,103362.0,46.95878601074219
2022-08-03,17.43379783630371,22051150,5.2846,90.66000366210938,103775.0,46.863765716552734
2022-08-04,17.8570556640625,37299680,5.2409,88.54000091552734,105892.0,46.97462844848633
2022-08-05,18.19273567199707,62150880,5.2165,89.01000213623047,106472.0,48.059513092041016
2022-08-08,18.418960571289062,45031910,5.1247,90.76000213623047,108402.0,48.1466178894043
2022-08-09,18.900598526000977,114213660,5.1224,90.5,108651.0,48.57423782348633
2022-08-10,19.25088119506836,53427000,5.0497,91.93000030517578,110236.0,48.86723327636719
2022-08-11,19.28007698059082,44541640,5.1127,94.33999633789062,109718.0,49.64527130126953
2022-08-12,19.513586044311523,41898120,5.1023,92.08999633789062,112764.0,49.82736587524414
2022-08-15,19.68143081665039,40224030,5.0925,89.41000366210938,113032.0,48.428558349609375
2022-08-16,19.907665252685547,28258230,5.134,86.52999877929688,113512.0,50.47296905517578
2022-08-17,19.958736419677734,27760480,5.1784,88.11000061035156,113708.0,49.38040542602539
2022-08-18,19.90035629272461,35971870,5.1773,90.5,113813.0,50.06740188598633
2022-08-19,19.661598205566406,25346310,5.1961,90.7699966430664,111496.0,48.69342041015625
2022-08-22,19.440187454223633,24263580,5.1709,90.2300033569336,110501.0,48.776187896728516
2022-08-23,19.491853713989258,16199040,5.103,93.73999786376953,112857.0,50.572288513183594
2022-08-24,19.57303810119629,22232100,5.105,94.88999938964844,112898.0,48.933448791503906
2022-08-25,19.81658935546875,30332280,5.1173,92.5199966430664,113532.0,49.80253219604492
2022-08-26,19.698509216308594,27617040,5.0903,93.05999755859375,112299.0,49.42179489135742
2022-08-29,19.632078170776367,20651730,5.0428,97.01000213623047,112323.0,49.032779693603516
2022-08-30,19.543514251708984,33431310,5.0617,91.63999938964844,110431.0,46.98836135864258
2022-08-31,19.049020767211914,54857110,5.179,89.55000305175781,109523.0,46.591068267822266
2022-09-01,19.342710494995117,53386630,5.2007,86.61000061035156,110405.0,44.9770622253418
2022-09-02,19.60858917236328,51386390,5.1878,86.87000274658203,110864.0,45.10121536254883
2022-09-06,19.74152374267578,58434640,5.2228,86.87999725341797,109764.0,45.42401885986328
2022-09-08,19.601200103759766,31291040,5.2155,83.54000091552734,109916.0,45.804752349853516
2022-09-09,19.756301879882812,26903470,5.1633,86.79000091552734,112300.0,47.948490142822266
2022-09-12,20.000024795532227,29411140,5.1183,87.77999877929688,113407.0,48.701698303222656
2022-09-13,19.793224334716797,35740540,5.1794,87.30999755859375,110794.0,46.91387176513672
2022-09-14,19.719371795654297,31879760,5.1774,88.4800033569336,110547.0,46.516578674316406
2022-09-15,19.77107048034668,24182180,5.2211,85.0999984741211,109954.0,45.81303024291992
2022-09-16,19.70459747314453,48160200,5.2882,85.11000061035156,109280.0,45.66404342651367
2022-09-19,20.443151473999023,45169520,5.2367,85.7300033569336,111824.0,46.60762405395508
2022-09-20,21.12262535095215,69232900,5.1705,84.44999694824219,112517.0,45.61438751220703
2022-09-21,20.90105628967285,52908350,5.1692,82.94000244140625,111936.0,44.05003356933594
2022-09-22,21.322032928466797,47938550,5.1677,83.48999786376953,114070.0,45.81303024291992
2022-09-23,20.90105628967285,37699420,5.2257,78.73999786376953,111716.0,43.17267990112305
2022-09-26,20.45054054260254,16053510,5.3548,76.70999908447266,109114.0,42.3946418762207
2022-09-27,20.33237075805664,42618070,5.3508,78.5,108376.0,43.354774475097656
2022-09-28,20.324989318847656,46154570,5.3594,82.1500015258789,108451.0,44.58803939819336
2022-09-29,20.627792358398438,57139500,5.3916,81.2300033569336,107664.0,45.672325134277344
2022-09-30,20.723800659179688,37234010,5.4066,79.48999786376953,110037.0,45.57300567626953
2022-10-03,21.98578453063965,78477410,5.2002,83.62999725341797,116134.0,47.178733825683594
2022-10-04,22.022737503051758,48157120,5.1411,86.5199966430664,116230.0,49.04104995727539
2022-10-05,22.022737503051758,33374220,5.2144,87.76000213623047,117198.0,48.618927001953125
2022-10-06,21.62367057800293,53746330,5.2009,88.44999694824219,117561.0,47.31944274902344
2022-10-07,21.668006896972656,61661270,5.2221,92.63999938964844,116375.0,47.42703628540039
2022-10-10,21.43891143798828,53209640,5.1941,91.12999725341797,115941.0,47.559471130371094
2022-10-11,21.291109085083008,35423300,5.2068,89.3499984741211,114827.0,46.48346710205078
2022-10-13,21.16547203063965,40900420,5.3017,89.11000061035156,114300.0,46.70694351196289
2022-10-14,21.172863006591797,44169290,5.2824,85.61000061035156,112072.0,44.455604553222656
2022-10-17,21.34284019470215,22421190,5.2713,85.45999908447266,113624.0,45.672325134277344
2022-10-18,21.867544174194336,50821760,5.2697,82.81999969482422,115743.0,45.28330612182617
2022-10-19,21.874935150146484,31206670,5.2808,85.55000305175781,116274.0,44.48044204711914
2022-10-20,22.214879989624023,75340320,5.2176,85.9800033569336,117171.0,44.141090393066406
2022-10-21,22.953899383544922,54182590,5.1919,85.05000305175781,119929.0,45.98685073852539
2022-10-24,21.911884307861328,56074040,5.2744,84.58000183105469,116013.0,44.77013397216797
2022-10-25,21.734516143798828,28654230,5.3091,85.31999969482422,114626.0,45.56472396850586
2022-10-26,21.26894187927246,53481340,5.3248,87.91000366210938,112764.0,47.10424041748047
2022-10-27,21.660619735717773,43553620,5.3003,89.08000183105469,114641.0,45.31641387939453
2022-10-28,21.830591201782227,31478480,5.3454,87.9000015258789,114539.0,43.72723388671875
2022-10-31,22.466142654418945,92135340,5.257,86.52999877929688,116037.0,44.15763854980469
2022-11-01,22.523571014404297,46108480,5.15,88.37000274658203,116929.0,45.498504638671875
2022-11-03,22.360891342163086,35776070,5.1349,88.16999816894531,116896.0,43.884498596191406
2022-11-04,22.442222595214844,34476750,5.036,92.61000061035156,118155.0,48.287845611572266
2022-11-07,21.9320068359375,51142080,5.0886,91.79000091552734,115342.0,48.387168884277344
2022-11-08,21.865459442138672,30737630,5.1744,88.91000366210938,116160.0,49.264530181884766
2022-11-09,20.815439224243164,142915850,5.1629,85.83000183105469,113580.0,48.29612731933594
2022-11-10,20.423540115356445,96218980,5.3064,86.47000122070312,109775.0,50.3322639465332
2022-11-11,19.765426635742188,108133520,5.3051,88.95999908447266,112253.0,53.56027603149414
2022-11-14,19.706274032592773,57426050,5.3013,85.87000274658203,113161.0,53.171260833740234
2022-11-16,19.425283432006836,49242710,5.3204,85.58999633789062,110243.0,53.39473342895508
2022-11-17,19.54358673095703,75346480,5.4655,81.63999938964844,109703.0,53.742374420166016
2022-11-18,19.69887351989746,54396980,5.3477,80.08000183105469,108880.0,53.95757293701172
2022-11-21,19.75803565979004,42705520,5.3259,79.7300033569336,109748.0,53.204368591308594
2022-11-22,19.43267822265625,62171120,5.3339,80.94999694824219,109037.0,53.96584701538086
2022-11-23,19.2330265045166,53988330,5.393,77.94000244140625,108683.0,54.74388122558594
2022-11-25,19.21824073791504,44743820,5.3508,76.27999877929688,108977.0,54.40453338623047
2022-11-28,18.870697021484375,44500060,5.3796,77.23999786376953,108782.0,53.96584701538086
2022-11-29,19.033374786376953,74891520,5.3076,78.19999694824219,110910.0,56.16752624511719
2022-11-30,19.225627899169922,58269090,5.2941,80.55000305175781,112486.0,56.81312561035156
2022-12-01,19.22389030456543,48670820,5.1948,81.22000122070312,110926.0,57.26008605957031
2022-12-02,19.482873916625977,61318950,5.1974,79.9800033569336,111924.0,57.78981399536133
2022-12-05,18.913110733032227,36334430,5.2464,76.93000030517578,109401.0,57.49183654785156
2022-12-06,19.34968376159668,51946070,5.2396,74.25,109533.0,58.22020721435547
2022-12-07,19.209095001220703,24503270,5.2208,72.01000213623047,109361.0,57.814632415771484
2022-12-08,18.535734176635742,67705000,5.2091,71.45999908447266,107245.0,59.428653717041016
2022-12-09,18.359302520751953,21858320,5.2396,71.0199966430664,107689.0,59.999755859375
2022-12-12,18.185741424560547,98492020,5.3066,73.16999816894531,105264.0,58.87409210205078
2022-12-13,17.499059677124023,61706700,5.2669,75.38999938964844,103892.0,59.271385192871094
2022-12-14,17.574522018432617,74658320,5.3406,77.27999877929688,103803.0,58.53474426269531
2022-12-15,17.672618865966797,54270590,5.3183,76.11000061035156,103738.0,58.31126022338867
2022-12-16,17.86880874633789,63086320,5.2806,74.29000091552734,102825.0,57.467010498046875
2022-12-19,18.404577255249023,53324810,5.316,75.19000244140625,104530.0,56.99522018432617
2022-12-20,18.600767135620117,43336810,5.2427,76.08999633789062,106979.0,57.63254165649414
2022-12-21,18.67623519897461,67821050,5.2031,78.29000091552734,107313.0,58.55129623413086
2022-12-22,18.713960647583008,24568280,5.1871,77.48999786376953,107317.0,58.178829193115234
2022-12-23,19.00824737548828,27860030,5.1445,79.55999755859375,109698.0,58.59267807006836
2022-12-27,18.525304794311523,18923960,5.2832,79.52999877929688,108347.0,59.122398376464844
2022-12-28,18.902603149414062,24966040,5.2736,78.95999908447266,110237.0,58.46023941040039
2022-12-29,18.864877700805664,27279670,5.2177,78.4000015258789,110031.0,58.840980529785156
2023-01-03,18.107975006103516,32861180,5.3759,76.93000030517578,104166.0,58.81615447998047
2023-01-04,18.160837173461914,32869650,5.4459,72.83999633789062,105334.0,59.21344757080078
2023-01-05,18.72718620300293,39955080,5.4026,73.66999816894531,107518.0,59.552799224853516
2023-01-06,19.051891326904297,41391020,5.2855,73.7699966430664,108836.0,61.30751419067383
2023-01-09,19.187808990478516,28236340,5.2967,74.62999725341797,109227.0,61.37372970581055
2023-01-10,19.557823181152344,34528340,5.2395,75.12000274658203,110912.0,62.58217239379883
2023-01-11,19.89762306213379,37615160,5.202,77.41000366210938,111763.0,62.366973876953125
2023-01-12,19.61823081970215,56127940,5.14,78.38999938964844,111877.0,64.2955093383789
2023-01-13,19.520069122314453,22840180,5.1146,79.86000061035156,110916.0,64.18791198730469
2023-01-17,19.708845138549805,35529670,5.1203,80.18000030517578,111439.0,62.88014221191406
2023-01-18,20.063751220703125,43697060,5.0909,79.4800033569336,112452.0,63.236053466796875
2023-01-19,20.063751220703125,39042300,5.2144,80.33000183105469,113006.0,63.997528076171875
2023-01-20,19.708845138549805,36889710,5.1986,81.30999755859375,112301.0,64.87489318847656
2023-01-23,19.104740142822266,50487910,5.1922,81.62000274658203,111709.0,65.18942260742188
2023-01-24,19.27841567993164,33376970,5.1696,80.12999725341797,113028.0,65.37979125976562
2023-01-25,19.34638786315918,42339220,5.1042,80.1500015258789,114195.0,66.11644744873047
2023-01-26,19.233112335205078,32875920,5.0951,81.01000213623047,114109.0,66.5468521118164
2023-01-27,18.825342178344727,33364430,5.0767,79.68000030517578,112502.0,65.8929672241211
2023-01-30,18.83289337158203,38750800,5.0959,77.9000015258789,111888.0,65.33013916015625
2023-01-31,19.127395629882812,31968970,5.0993,78.87000274658203,113532.0,65.67776489257812
2023-02-01,18.876258850097656,30922540,5.0721,76.41000366210938,112303.0,65.4625473022461
2023-02-02,19.050048828125,50951670,4.9901,75.87999725341797,109935.0,62.201438903808594
2023-02-03,18.982046127319336,40325560,5.103,73.38999938964844,108490.0,61.83724594116211
2023-02-06,18.98960304260254,30932330,5.1763,74.11000061035156,108456.0,61.15026092529297
2023-02-07,18.55131721496582,33541310,5.1695,77.13999938964844,107920.0,61.779300689697266
2023-02-08,20.08530044555664,116843760,5.2036,78.47000122070312,109882.0,61.53927230834961
2023-02-09,19.586576461791992,39666550,5.2315,78.05999755859375,107783.0,61.55583953857422
2023-02-10,19.495893478393555,57380620,5.2526,79.72000122070312,108150.0,60.68675994873047
2023-02-13,20.18353843688965,48217400,5.1834,80.13999938964844,108846.0,61.24958038330078
2023-02-14,19.93416976928711,38486360,5.1507,79.05999755859375,107659.0,61.8289680480957
2023-02-15,20.22887420654297,40574490,5.2243,78.58999633789062,109442.0,61.60548782348633
2023-02-16,20.380001068115234,33681670,5.2432,78.48999786376953,109905.0,62.00279235839844
2023-02-17,20.312000274658203,20705520,5.2012,76.33999633789062,109303.0,61.61377716064453
2023-02-22,19.93416976928711,20188850,5.173,73.94999694824219,107152.0,60.297725677490234
2023-02-23,20.009733200073242,41931120,5.133,75.38999938964844,107720.0,59.172061920166016
2023-02-24,19.397659301757812,34388310,5.1791,76.31999969482422,105873.0,57.0283317565918
2023-02-27,19.148286819458008,19513120,5.196,75.68000030517578,105711.0,57.243534088134766
2023-02-28,19.21630096435547,28606930,5.2078,77.05000305175781,104932.0,57.71532440185547
2023-03-01,18.90448570251465,48335980,5.207,77.69000244140625,104385.0,60.18185043334961
2023-03-02,18.284423828125,50715720,5.208,78.16000366210938,103326.0,61.03437805175781
2023-03-03,18.30710792541504,28170230,5.2037,79.68000030517578,103866.0,62.22626876831055
2023-03-06,18.72300910949707,34145540,5.197,80.45999908447266,104700.0,60.18185043334961
2023-03-07,18.77593994140625,30954990,5.1901,77.58000183105469,104228.0,58.451969146728516
2023-03-08,19.01035499572754,38869160,5.1387,76.66000366210938,106540.0,59.246551513671875
2023-03-09,18.64738655090332,46490290,5.1353,75.72000122070312,105071.0,58.29800033569336
2023-03-10,18.201242446899414,36161730,5.1822,76.68000030517578,103618.0,57.71689987182617
2023-03-13,17.981948852539062,37310350,5.24,74.80000305175781,103121.0,58.460365295410156
2023-03-14,17.921459197998047,42571980,5.2362,71.33000183105469,102932.0,59.29782485961914
2023-03-15,17.876087188720703,55718410,5.2981,67.61000061035156,102675.0,56.2897834777832
2023-03-16,18.170997619628906,44098780,5.2892,68.3499984741211,103435.0,55.315589904785156
2023-03-17,17.64923095703125,66568810,5.2679,66.73999786376953,101982.0,55.26430892944336
2023-03-20,17.69460105895996,35857140,5.2467,67.63999938964844,100923.0,56.79397201538086
2023-03-21,18.057571411132812,42431840,5.2444,69.33000183105469,100998.0,56.383785247802734
2023-03-22,17.95170021057129,40040330,5.2648,70.9000015258789,100221.0,55.589046478271484
2023-03-23,17.505552291870117,58081320,5.2632,69.95999908447266,97926.0,55.20449447631836
2023-03-24,17.75948143005371,33020680,5.2921,69.26000213623047,98829.0,55.26430892944336
2023-03-27,18.06541633605957,43316570,5.2306,72.80999755859375,99670.0,55.623226165771484
2023-03-28,18.1495418548584,31199300,5.1733,73.19999694824219,101185.0,56.4521484375
2023-03-29,18.325458526611328,25051180,5.1493,72.97000122070312,101793.0,57.110164642333984
2023-03-30,18.830251693725586,42010320,5.1254,74.37000274658203,103713.0,58.20399475097656
2023-03-31,18.922039031982422,63604310,5.0804,75.66999816894531,101882.0,58.62272262573242
2023-04-03,18.392122268676758,37189130,5.0637,80.41999816894531,101506.0,58.1869010925293
2023-04-04,18.75950050354004,25163490,5.0762,80.70999908447266,101869.0,57.195613861083984
2023-04-05,18.74419593811035,35111890,5.0447,80.61000061035156,100978.0,57.127254486083984
2023-04-06,18.682960510253906,23932920,5.0683,80.69999694824219,100822.0,57.04179382324219
2023-04-10,18.88196563720703,15556750,5.0834,79.73999786376953,101847.0,57.41780471801758
2023-04-11,19.49427604675293,53273330,5.0128,81.52999877929688,106214.0,59.48583221435547
2023-04-12,19.624380111694336,46009920,4.9496,83.26000213623047,106890.0,59.33201217651367
2023-04-13,19.624380111694336,39431590,4.9097,82.16000366210938,106458.0,59.7336540222168
2023-04-14,19.907575607299805,37852540,4.9455,82.5199966430664,106279.0,58.60563659667969
2023-04-17,19.869304656982422,23463110,4.9421,80.83000183105469,106016.0,59.144004821777344
2023-04-18,19.854000091552734,26613180,4.9678,80.86000061035156,106163.0,60.16948318481445
2023-04-19,19.540191650390625,30132190,5.0467,79.16000366210938,103913.0,59.144004821777344
2023-04-20,19.593767166137695,24024660,5.0497,77.29000091552734,104367.0,57.51179885864258
2023-04-24,19.417728424072266,27839130,5.0595,78.76000213623047,103947.0,55.08485412597656
2023-04-25,19.593767166137695,25223550,5.0613,77.06999969482422,103220.0,53.102272033691406
2023-04-26,19.394771575927734,18736960,5.0585,74.30000305175781,102312.0,53.78592300415039
2023-04-27,19.739187240600586,22971300,5.015,74.76000213623047,102923.0,54.43539047241211
2023-04-28,19.83869171142578,22568040,5.0007,76.77999877929688,104432.0,54.68321228027344
2023-05-02,19.070987701416016,48026440,5.0334,71.66000366210938,101927.0,53.08518600463867
2023-05-03,19.04034996032715,25745280,5.0227,68.5999984741211,101797.0,52.99118423461914
2023-05-04,19.193531036376953,43692440,5.0106,68.55999755859375,102174.0,52.53826904296875
2023-05-05,19.90582275390625,47963850,4.9696,71.33999633789062,105148.0,54.40975570678711
2023-05-08,20.181549072265625,58095840,4.9696,73.16000366210938,106042.0,54.58066177368164
2023-05-09,20.304088592529297,41998110,5.0007,73.70999908447266,107114.0,54.555030822753906
2023-05-10,20.60279655456543,34066890,4.9547,72.55999755859375,107448.0,53.99102020263672
2023-05-11,20.80192756652832,34852180,4.9696,70.87000274658203,108256.0,52.452816009521484
2023-05-12,20.61045265197754,19550300,4.9234,70.04000091552734,108464.0,52.76045608520508
2023-05-15,20.687040328979492,19735760,4.9103,71.11000061035156,109029.0,53.760292053222656
2023-05-16,20.618118286132812,29004910,4.9122,70.86000061035156,108194.0,52.478450775146484
2023-05-17,20.82490348815918,26391310,4.9513,72.83000183105469,109460.0,53.52955627441406
2023-05-18,20.748321533203125,26026990,4.9647,71.86000061035156,110108.0,52.91427230834961
2023-05-19,20.579809188842773,53587380,4.9858,71.55000305175781,110745.0,53.17064666748047
2023-05-22,20.189212799072266,28983570,4.968,71.98999786376953,110213.0,52.905731201171875
2023-05-23,20.35004997253418,30548870,4.9674,72.91000366210938,109929.0,51.97426223754883
2023-05-24,20.23516082763672,31618070,4.9474,74.33999633789062,108800.0,50.495872497558594
2023-05-25,20.87086296081543,50055940,4.999,71.83000183105469,110054.0,50.75224685668945
2023-05-26,20.710018157958984,32650200,5.0114,72.66999816894531,110906.0,52.230628967285156
2023-05-30,20.327070236206055,47472480,5.0593,69.45999908447266,108967.0,51.444435119628906
2023-05-31,20.166229248046875,37310350,5.0959,68.08999633789062,108335.0,50.461692810058594
2023-06-01,20.463329315185547,28085530,5.035,70.0999984741211,110565.0,52.162261962890625
2023-06-02,20.762237548828125,27641240,4.9558,71.73999786376953,112558.0,53.98247146606445
2023-06-05,20.80821990966797,27058460,4.9236,72.1500015258789,112696.0,53.768829345703125
2023-06-06,20.953834533691406,28833750,4.9292,71.73999786376953,114610.0,54.40975570678711
2023-06-07,21.01514434814453,30835310,4.9119,72.52999877929688,115488.0,54.41830062866211
2023-06-09,21.306396484375,32201950,4.8922,70.16999816894531,117019.0,55.178855895996094
2023-06-12,21.07646369934082,32634250,4.8832,67.12000274658203,117336.0,54.469573974609375
2023-06-13,21.31404685974121,36633300,4.8533,69.41999816894531,116743.0,56.059051513671875
2023-06-14,21.605287551879883,54878340,4.8462,68.2699966430664,119069.0,57.47761917114258
2023-06-15,21.888866424560547,29439520,4.8222,70.62000274658203,119221.0,58.40908432006836
2023-06-16,21.957839965820312,45772430,4.8286,71.77999877929688,118758.0,57.72544479370117
2023-06-20,22.24614715576172,27329060,4.793,70.5,119622.0,56.34105682373047
2023-06-21,22.462726593017578,28969930,4.7795,72.52999877929688,120420.0,55.88814163208008
2023-06-22,22.24614715576172,26302870,4.775,69.51000213623047,118934.0,55.631771087646484
2023-06-23,22.176536560058594,18249330,4.7799,69.16000366210938,118977.0,54.26447677612305
2023-06-26,22.14559555053711,14948670,4.7698,69.37000274658203,118243.0,54.469573974609375
2023-06-27,21.898067474365234,28629810,4.7903,67.69999694824219,117523.0,55.46086120605469
2023-06-28,21.774303436279297,20581330,4.8563,69.55999755859375,116681.0,54.20465850830078
2023-06-29,22.037294387817383,68098470,4.8584,69.86000061035156,118383.0,54.520843505859375
2023-06-30,21.983154296875,30642040,4.8192,70.63999938964844,118087.0,54.555030822753906
2023-07-03,22.414770126342773,19408730,4.7876,69.79000091552734,119673.0,55.401039123535156
2023-07-05,22.468948364257812,19416210,4.8577,71.79000091552734,119549.0,54.7003059387207
2023-07-06,22.136138916015625,31140340,4.8977,71.80000305175781,117426.0,53.78592300415039
2023-07-07,22.55408477783203,30559320,4.8799,73.86000061035156,118898.0,54.161930084228516
2023-07-10,22.407033920288086,14563340,4.8735,72.98999786376953,117942.0,53.99102020263672
2023-07-11,22.01229476928711,30854670,4.8949,74.83000183105469,117220.0,55.153221130371094
2023-07-12,21.88071632385254,20275860,4.8058,75.75,117666.0,57.18706512451172
2023-07-13,22.120656967163086,24056120,4.8038,76.88999938964844,119264.0,58.97310256958008
2023-07-14,21.888456344604492,27101690,4.7957,75.41999816894531,117711.0,58.56291198730469
2023-07-17,22.31415367126465,17528940,4.8302,74.1500015258789,118219.0,57.528892517089844
2023-07-18,21.88071632385254,42999220,4.804,75.75,117841.0,57.39216995239258
2023-07-19,21.64851951599121,43241770,4.8,75.3499984741211,117552.0,56.59742736816406
2023-07-20,22.05099105834961,41561080,4.7888,75.62999725341797,118083.0,56.913604736328125
2023-07-21,22.445730209350586,35159520,4.7732,77.06999969482422,120217.0,56.81106948852539
2023-07-24,22.089702606201172,36153810,4.7457,78.73999786376953,121342.0,57.281070709228516
2023-07-25,22.136138916015625,38390000,4.7496,79.62999725341797,122008.0,59.656742095947266
2023-07-26,22.259971618652344,36920840,4.7368,78.77999877929688,122560.0,58.06725311279297
2023-07-27,21.76462173461914,21542070,4.7202,80.08999633789062,119990.0,57.29816436767578
2023-07-28,22.089702606201172,17907450,4.7253,80.58000183105469,120187.0,56.486328125
2023-07-31,22.167095184326172,16760590,4.7415,81.80000305175781,121943.0,56.87088394165039
2023-08-01,22.2349796295166,16318060,4.7752,81.37000274658203,121248.0,56.03341293334961
2023-08-02,22.1652774810791,20178730,4.8083,79.48999786376953,120859.0,54.53793716430664
2023-08-03,21.994892120361328,24103090,4.8797,81.55000305175781,120586.0,54.7430305480957
2023-08-04,21.592164993286133,48628910,4.8609,82.81999969482422,119508.0,54.72593688964844
2023-08-07,21.421789169311523,36302090,4.901,81.94000244140625,119380.0,54.7344856262207
2023-08-08,21.375314712524414,48969250,4.9217,82.91999816894531,119090.0,54.32429504394531
2023-08-09,21.297868728637695,38566990,4.9015,84.4000015258789,118409.0,54.43539047241211
2023-08-10,21.367568969726562,33682660,4.8518,82.81999969482422,118350.0,53.925575256347656
2023-08-11,21.406295776367188,21367170,4.8918,83.19000244140625,118065.0,53.63551712036133
2023-08-14,21.09650421142578,27683040,4.9481,82.51000213623047,116810.0,52.68621063232422
2023-08-15,20.980337142944336,27265480,4.9812,80.98999786376953,116171.0,51.631439208984375
2023-08-16,20.9648494720459,37325420,4.9772,79.37999725341797,115592.0,51.29741668701172
2023-08-17,20.717012405395508,41781300,4.9816,80.38999938964844,114982.0,52.352203369140625
2023-08-18,20.879661560058594,22995610,4.9724,81.25,115409.0,52.1500358581543
2023-08-21,20.794464111328125,36008610,4.9847,80.72000122070312,114429.0,52.69500732421875
2023-08-22,21.119739532470703,23395350,4.9431,80.3499984741211,116156.0,53.020233154296875
2023-08-23,21.383068084716797,26597670,4.8977,78.88999938964844,118135.0,54.224430084228516
2023-08-24,21.135231018066406,20526440,4.8748,79.05000305175781,117026.0,53.433349609375
2023-08-25,20.802202224731445,24557170,4.8772,79.83000183105469,115837.0,53.3630256652832
2023-08-28,21.50697898864746,37705360,4.8938,80.0999984741211,117121.0,54.25080490112305
2023-08-29,21.847745895385742,38923390,4.8706,81.16000366210938,118404.0,54.78697967529297
2023-08-30,21.42953109741211,19305770,4.8653,81.62999725341797,117535.0,55.156158447265625
2023-08-31,21.24365997314453,40670300,4.9219,83.62999725341797,115742.0,54.936405181884766
2023-09-01,21.427827835083008,32342640,4.9318,85.55000305175781,117893.0,56.1230354309082
2023-09-05,20.91634750366211,22719730,4.9705,86.69000244140625,117331.0,55.72749328613281
2023-09-06,20.714859008789062,21139580,4.9762,87.54000091552734,115985.0,55.64838409423828
2023-09-08,20.745861053466797,24982650,4.9835,87.51000213623047,115313.0,53.811309814453125
2023-09-11,21.272829055786133,30384860,4.9366,87.29000091552734,116883.0,55.622013092041016
2023-09-12,21.396831512451172,18129760,4.9505,88.83999633789062,117968.0,55.54290771484375
2023-09-13,21.505319595336914,25432220,4.9171,88.5199966430664,118176.0,55.47258758544922
2023-09-14,21.420074462890625,33269610,4.8751,90.16000366210938,119392.0,58.03921890258789
2023-09-15,21.373580932617188,39545330,4.8689,90.7699966430664,118758.0,57.88099670410156
2023-09-18,21.319332122802734,15762780,4.8535,91.4800033569336,118288.0,57.37118911743164
2023-09-19,21.25617027282715,20849290,4.8575,91.19999694824219,117846.0,57.4942512512207
2023-09-20,21.616182327270508,27055710,4.8487,90.27999877929688,118695.0,57.59093475341797
2023-09-21,21.12312889099121,24646490,4.9229,89.62999725341797,116145.0,56.026344299316406
2023-09-22,21.068336486816406,17999080,4.9131,90.02999877929688,116009.0,56.31641387939453
2023-09-25,21.130950927734375,15595800,4.9606,89.68000030517578,115925.0,55.43743133544922
2023-09-26,20.817901611328125,26669720,4.9717,90.38999938964844,114193.0,54.50570297241211
2023-09-27,20.778770446777344,25293510,5.0289,93.68000030517578,114327.0,54.77819061279297
2023-09-28,21.326608657836914,31518190,5.0475,91.70999908447266,115731.0,56.07029724121094
2023-09-29,21.295305252075195,19387720,5.0076,90.79000091552734,116565.0,55.93844985961914
2023-10-02,21.09768295288086,13873200,5.0679,88.81999969482422,115057.0,55.112205505371094
2023-10-03,20.831409454345703,23494130,5.11,89.2300033569336,113419.0,53.96073913574219
2023-10-04,21.309125900268555,26187480,5.1526,84.22000122070312,113607.0,53.160865783691406
2023-10-05,21.6458683013916,31498940,5.1713,82.30999755859375,113284.0,53.53003692626953
2023-10-06,21.8494873046875,48554660,5.1918,82.79000091552734,114170.0,54.496917724609375
2023-10-09,21.661535263061523,16062750,5.1666,86.37999725341797,115156.0,53.872840881347656
2023-10-10,21.638038635253906,27037670,5.0862,85.97000122070312,116737.0,54.95398712158203
2023-10-11,21.91213607788086,17470640,5.0496,83.48999786376953,117051.0,55.34074020385742
2023-10-13,21.685029983520508,24503050,5.0625,87.69000244140625,115754.0,54.8309326171875
2023-10-16,21.716354370117188,12585430,5.0618,86.66000366210938,116534.0,56.3779411315918
2023-10-17,21.3952693939209,29497930,5.0384,86.66000366210938,115908.0,56.580108642578125
2023-10-18,20.948884963989258,61449300,5.0568,88.31999969482422,114060.0,54.8660888671875
2023-10-19,21.191659927368164,25481280,5.054,89.37000274658203,114004.0,54.409019470214844
2023-10-20,21.113344192504883,26230930,5.0528,88.75,113155.0,53.23118209838867
2023-10-23,21.1368350982666,17657970,5.0164,85.48999786376953,112785.0,53.055389404296875
2023-10-24,21.1368350982666,17435110,5.0065,83.73999786376953,113762.0,54.8660888671875
2023-10-25,21.17599105834961,28121610,4.9981,85.38999938964844,112830.0,55.47258758544922
2023-10-26,21.700693130493164,31643260,5.0055,83.20999908447266,114777.0,55.45500946044922
2023-10-27,21.37961196899414,33193600,4.948,85.54000091552734,113301.0,56.03513717651367
2023-10-30,21.207317352294922,16621220,5.0074,82.30999755859375,112532.0,56.43946838378906
2023-10-31,21.003704071044922,27932080,5.0575,81.0199966430664,113144.0,56.553733825683594
2023-11-01,21.29964828491211,28838700,5.0194,80.44000244140625,115053.0,57.204185485839844
2023-11-03,21.887386322021484,38849250,4.891,80.51000213623047,118160.0,58.27654266357422
2023-11-06,22.09113883972168,19825740,4.8999,80.81999969482422,118487.0,58.61055374145508
2023-11-07,22.71021842956543,66851730,4.867,77.37000274658203,119268.0,56.87016677856445
2023-11-08,22.812095642089844,26066920,4.8855,75.33000183105469,119099.0,56.77347946166992
2023-11-09,22.913970947265625,28414320,4.9007,75.73999786376953,119012.0,56.65921401977539
2023-11-10,23.18824577331543,26948900,4.9219,77.16999816894531,120636.0,57.5381965637207
2023-11-13,23.03151512145996,16518150,4.9247,78.26000213623047,120376.0,57.6436767578125
2023-11-14,23.376327514648438,46009150,4.8682,78.26000213623047,123328.0,59.60380554199219
2023-11-16,23.752479553222656,45361470,4.8575,72.9000015258789,124576.0,59.46316909790039
2023-11-17,23.862192153930664,27072210,4.8849,75.88999938964844,125062.0,59.937828063964844
2023-11-20,24.097288131713867,25736040,4.8723,77.5999984741211,126095.0,60.85196304321289
2023-11-21,24.0580997467041,18258020,4.8806,77.7699966430664,125607.0,61.73973083496094
2023-11-22,24.20699691772461,42893950,4.8968,77.0999984741211,126035.0,61.39692687988281
2023-11-24,24.04242706298828,22539880,4.8927,75.54000091552734,125542.0,61.28266906738281
2023-11-27,23.979738235473633,19876340,4.8951,74.86000061035156,125683.0,60.6761589050293
2023-11-28,24.214832305908203,22699710,4.8867,76.41000366210938,126538.0,61.02775955200195
2023-11-29,24.37940216064453,24806980,4.8933,77.86000061035156,126101.0,60.5355339050293
2023-11-30,24.755552291870117,47406480,4.9355,75.95999908447266,127331.0,60.72890090942383
2023-12-01,24.698822021484375,33572440,4.9191,74.06999969482422,128103.0,62.54840087890625
2023-12-04,24.730192184448242,14284490,4.9091,73.04000091552734,126803.0,60.69374465942383
2023-12-05,24.934053421020508,28568210,4.9522,72.31999969482422,126903.0,60.201515197753906
2023-12-06,24.714502334594727,25616910,4.9031,69.37999725341797,125623.0,60.64100646972656
2023-12-07,24.988929748535156,22120340,4.8949,69.33999633789062,126010.0,61.91554260253906
2023-12-08,25.305038452148438,20371230,4.9158,71.2300033569336,127094.0,61.678199768066406
2023-12-11,25.13117790222168,21355840,4.944,71.31999969482422,126916.0,60.781646728515625
2023-12-12,25.004728317260742,16335220,4.9476,68.61000061035156,126403.0,61.03654861450195
2023-12-13,25.763402938842773,51948930,4.958,69.47000122070312,129465.0,61.933109283447266
2023-12-14,25.976783752441406,46830410,4.8912,71.58000183105469,130842.0,63.44496536254883
2023-12-15,25.866146087646484,30761830,4.9397,71.43000030517578,130197.0,63.68227767944336
2023-12-18,25.992591857910156,30603870,4.9399,72.47000122070312,131084.0,64.01630401611328
2023-12-19,26.00839614868164,26301220,4.8663,73.44000244140625,131851.0,64.86012268066406
2023-12-20,25.739700317382812,25073290,4.8766,74.22000122070312,130804.0,63.69107437133789
2023-12-21,25.913558959960938,23994300,4.8755,73.88999938964844,132182.0,65.04470825195312
2023-12-22,26.324512481689453,35915550,4.8619,73.55999755859375,132753.0,64.89527893066406
2023-12-26,26.593210220336914,25448940,4.8368,75.56999969482422,133533.0,65.20292663574219
2023-12-27,26.774978637695312,19994150,4.8306,74.11000061035156,134194.0,65.72151947021484
2023-12-28,26.846107482910156,13810830,4.8413,71.7699966430664,134185.0,65.51936340332031
2024-01-02,26.504243850708008,20843020,4.8916,70.37999725341797,132697.0,65.27325439453125
2024-01-03,26.211687088012695,20383990,4.9212,72.69999694824219,132834.0,64.64917755126953
2024-01-04,26.037731170654297,29243720,4.9188,72.19000244140625,131226.0,64.20088195800781
2024-01-05,26.64657211303711,30499040,4.8899,73.80999755859375,132023.0,63.84929275512695
2024-01-08,26.361919403076172,12991770,4.885,70.7699966430664,132427.0,64.02508544921875
2024-01-09,26.346107482910156,20833890,4.8937,72.23999786376953,131447.0,62.28470230102539
2024-01-10,26.322383880615234,11089760,4.8901,71.37000274658203,130841.0,61.8012580871582
2024-01-11,26.369829177856445,22441320,4.8794,72.0199966430664,130649.0,61.581520080566406
2024-01-12,26.401451110839844,26804250,4.8543,72.68000030517578,130988.0,61.686988830566406
2024-01-16,26.077260971069336,39054620,4.9038,72.4000015258789,129294.0,60.72890090942383
2024-01-17,26.093080520629883,29703740,4.9346,72.55999755859375,128524.0,59.94660949707031
2024-01-18,25.982385635375977,24867920,4.9403,74.08000183105469,127316.0,60.799224853515625
2024-01-19,26.045639038085938,35015640,4.9223,73.41000366210938,127636.0,60.43004608154297
2024-01-22,25.6186580657959,39954530,4.949,75.19000244140625,126602.0,59.137939453125
2024-01-23,25.737274169921875,23634490,4.9715,74.37000274658203,128263.0,60.42125701904297
2024-01-24,25.6186580657959,25856490,4.9192,75.08999633789062,127816.0,61.133235931396484
2024-01-25,25.563310623168945,16893140,4.9232,77.36000061035156,128169.0,61.616676330566406
2024-01-26,25.94284439086914,15915900,4.9125,78.01000213623047,128967.0,62.205596923828125
2024-01-29,25.808429718017578,9666140,4.9225,76.77999877929688,128503.0,62.451717376708984
2024-01-30,25.642383575439453,23129480,4.9638,77.81999969482422,127402.0,61.704566955566406
2024-01-31,25.91912841796875,26236760,4.9535,75.8499984741211,127752.0,60.887115478515625
2024-02-01,25.86188316345215,25535400,4.935,73.81999969482422,128481.0,61.63425827026367
2024-02-02,25.901447296142578,24600840,4.9471,72.27999877929688,127182.0,60.19272994995117
2024-02-05,26.391942977905273,20523690,5.0053,72.77999877929688,127593.0,59.33132553100586
2024-02-06,27.52325439453125,73995350,4.9687,73.30999755859375,130416.0,60.05208206176758
2024-02-07,27.32546615600586,51866100,4.9608,73.86000061035156,129608.0,60.227882385253906
2024-02-08,26.78750228881836,53632260,4.9804,76.22000122070312,128217.0,59.86750030517578
2024-02-09,27.127689361572266,29669970,4.9717,76.83999633789062,128026.0,59.700496673583984
2024-02-14,27.127689361572266,13896520,4.9723,76.63999938964844,127018.0,58.96215057373047
2024-02-15,27.357120513916016,31357920,4.971,78.02999877929688,127804.0,59.36648178100586
2024-02-16,27.32546615600586,25125760,4.9761,79.19000244140625,128726.0,60.75527572631836
2024-02-20,28.22734832763672,60527940,4.9408,78.18000030517578,129916.0,57.942527770996094
2024-02-21,28.069122314453125,31247810,4.9303,77.91000366210938,130032.0,57.555782318115234
2024-02-22,27.909908294677734,23606770,4.9419,78.61000061035156,130241.0,57.7403678894043
2024-02-23,27.99161720275879,24976050,4.9851,76.48999786376953,129419.0,57.995269775390625
2024-02-26,28.073312759399414,14909070,4.9819,77.58000183105469,129609.0,56.82622528076172
2024-02-27,28.41646957397461,17283750,4.9575,78.87000274658203,131689.0,57.11628723144531
2024-02-28,28.432809829711914,14681260,4.9557,78.54000091552734,130155.0,56.219722747802734
2024-02-29,27.730167388916016,46677840,4.9833,78.26000213623047,129020.0,56.720741271972656
2024-03-01,27.85085678100586,16039430,4.9596,79.97000122070312,129180.0,57.25692367553711
2024-03-04,27.638317108154297,17159450,4.9475,78.73999786376953,128341.0,57.00201416015625
2024-03-05,27.613792419433594,19944100,4.9488,78.1500015258789,128098.0,56.07908248901367
2024-03-06,27.916255950927734,35539790,4.9398,79.12999725341797,128890.0,57.00201416015625
2024-03-07,27.621971130371094,18183550,4.9364,78.93000030517578,128340.0,58.2835807800293
2024-03-08,27.875375747680664,19058380,4.9751,78.01000213623047,127071.0,57.3864860534668
2024-03-11,28.01435089111328,22199430,4.9777,77.93000030517578,126124.0,56.754859924316406
2024-03-12,28.128799438476562,23722820,4.9813,77.55999755859375,127668.0,57.4139518737793
2024-03-13,28.406736373901367,29334910,4.9803,79.72000122070312,128006.0,57.82588195800781
2024-03-14,28.3903865814209,31440530,4.9768,81.26000213623047,127690.0,56.80063247680664
2024-03-15,28.235063552856445,41337340,4.9937,81.04000091552734,126742.0,56.91963195800781
2024-03-18,28.349506378173828,14244670,5.0124,82.72000122070312,126954.0,57.00202178955078
2024-03-19,28.3903865814209,11586630,5.0352,83.47000122070312,127529.0,57.496337890625
2024-03-20,28.447599411010742,19183670,5.012,81.68000030517578,129125.0,58.46665954589844
2024-03-21,28.1533145904541,36926560,4.9807,81.06999969482422,128159.0,58.70466232299805
2024-03-22,27.7596435546875,12761980,4.9897,80.62999725341797,127027.0,57.670265197753906
2024-03-25,27.7596435546875,13441450,4.9869,81.94999694824219,126931.0,58.04557418823242
2024-03-26,28.311214447021484,18701760,4.987,81.62000274658203,126863.0,56.91047668457031
2024-03-27,28.46763038635254,18833760,4.9856,81.3499984741211,127691.0,58.091346740722656
2024-03-28,28.517026901245117,18362630,4.9962,83.16999816894531,128106.0,58.34765625
2024-04-01,27.543169021606445,34568160,5.0532,83.70999908447266,126990.0,58.75043869018555
2024-04-02,27.57611656188965,19894820,5.0476,85.1500015258789,127549.0,59.58344650268555
2024-04-03,27.37020492553711,32791660,5.0724,85.43000030517578,127318.0,59.13490295410156
2024-04-04,27.007787704467773,52541060,5.0237,86.58999633789062,127428.0,57.944881439208984
2024-04-05,26.9583740234375,27437960,5.052,86.91000366210938,126795.0,57.670265197753906
2024-04-08,27.361967086791992,18734870,5.0421,86.43000030517578,128857.0,60.48970413208008
2024-04-09,27.65024185180664,19590890,5.008,85.2300033569336,129890.0,61.56986999511719
2024-04-10,27.065446853637695,30345040,5.0654,86.20999908447266,128054.0,60.88331985473633
2024-04-11,27.01603126525879,20085560,5.0765,85.0199966430664,127396.0,60.66361618041992
2024-04-12,26.735986709594727,25088580,5.1364,85.66000366210938,125946.0,60.407310485839844
2024-04-15,26.282970428466797,34782220,5.1746,85.41000366210938,125334.0,61.12132263183594
2024-04-16,26.085296630859375,33859870,5.2635,85.36000061035156,124389.0,60.132694244384766
2024-04-17,26.101762771606445,27870040,5.2469,82.69000244140625,124171.0,61.13047790527344
2024-04-18,26.134716033935547,23867580,5.2512,82.7300033569336,124196.0,61.038936614990234
2024-04-19,25.986454010009766,29608700,5.2269,83.13999938964844,125124.0,61.304405212402344
2024-04-22,25.969980239868164,23887160,5.2043,82.8499984741211,125573.0,61.514949798583984
2024-04-23,26.35710334777832,51560300,5.1626,83.36000061035156,125148.0,61.0023193359375
2024-04-24,26.241788864135742,26589750,5.1592,82.80999755859375,124741.0,62.375423431396484
2024-04-25,26.093530654907227,22404250,5.1679,83.56999969482422,124646.0,62.04587936401367
2024-04-26,26.53006935119629,29866980,5.1184,83.8499984741211,126526.0,62.46696853637695
2024-04-29,26.324155807495117,24291630,5.1155,82.62999725341797,127352.0,63.17182540893555
2024-04-30,25.829959869384766,51595610,5.1718,81.93000030517578,125924.0,62.091651916503906
2024-05-02,26.207117080688477,30730150,5.1184,78.94999694824219,127122.0,62.503578186035156
2024-05-03,26.536767959594727,31811340,5.0668,78.11000061035156,128509.0,63.10774612426758
2024-05-06,26.701589584350586,20485740,5.0727,78.4800033569336,128466.0,63.913299560546875
2024-05-07,27.25375747680664,42333390,5.061,78.37999725341797,129210.0,64.11469268798828
2024-05-08,27.42681884765625,26914030,5.0887,78.98999786376953,129481.0,63.18097686767578
2024-05-09,26.602691650390625,30909890,5.1577,79.26000213623047,128188.0,64.07807159423828
2024-05-10,26.907625198364258,25673010,5.1464,78.26000213623047,127600.0,63.89499282836914
2024-05-13,27.237272262573242,25889710,5.1412,79.12000274658203,128155.0,63.931602478027344
2024-05-14,27.53395652770996,33492580,5.1356,78.0199966430664,128515.0,63.7943000793457
2024-05-15,27.459779739379883,23172490,5.1423,78.62999725341797,128028.0,64.38015747070312
2024-05-16,27.37737464904785,19683840,5.127,79.2300033569336,128284.0,65.82648468017578
2024-05-17,27.3856143951416,20451640,5.1157,80.05999755859375,128151.0,67.38267517089844
2024-05-20,27.303199768066406,17237990,5.1085,79.80000305175781,127751.0,67.1812744140625
2024-05-21,27.163103103637695,18149780,5.1037,79.26000213623047,127412.0,67.26366424560547
2024-05-22,26.742795944213867,23093950,5.1502,77.56999969482422,125650.0,66.11026000976562
2024-05-23,26.50380516052246,21157620,5.1443,76.87000274658203,124729.0,65.37794494628906
2024-05-24,26.248319625854492,22755370,5.1508,77.72000122070312,124306.0,65.77156066894531
2024-05-28,26.017578125,27612090,5.1538,79.83000183105469,123780.0,64.86531066894531
2024-05-29,25.836261749267578,27328840,5.1972,79.2300033569336,122707.0,63.6478271484375
2024-05-31,25.572542190551758,37694910,5.2416,76.98999786376953,122098.0,64.16960906982422
2024-06-03,25.933425903320312,25000250,5.2373,74.22000122070312,122032.0,63.54713439941406
2024-06-04,26.024131774902344,24430780,5.2687,73.25,121802.0,62.53103256225586
2024-06-05,25.974653244018555,24552220,5.2841,74.06999969482422,121407.0,62.320499420166016
2024-06-06,26.304494857788086,14182520,5.2681,75.55000305175781,122899.0,63.34574890136719
2024-06-07,25.933425903320312,25564330,5.2802,75.52999877929688,120767.0,62.24726104736328
2024-06-10,25.727279663085938,22389400,5.3666,77.73999786376953,120760.0,62.47611618041992
2024-06-11,26.015886306762695,16317510,5.3524,77.9000015258789,121635.0,61.49664306640625
2024-06-12,25.974653244018555,38209380,5.3891,78.5,119936.0,61.40509796142578
2024-06-13,25.702539443969727,22422290,5.3974,78.62000274658203,119568.0,61.258628845214844
2024-06-14,25.677806854248047,16969040,5.363,78.44999694824219,119662.0,60.88331985473633
2024-06-17,26.304494857788086,29592640,5.413,80.33000183105469,119138.0,60.407310485839844
2024-06-18,26.28799819946289,23872530,5.4074,81.56999969482422,119630.0,60.65446853637695
2024-06-20,26.312740325927734,22467610,5.4254,82.16999816894531,120446.0,61.258628845214844
2024-06-21,26.496416091918945,56945680,5.4416,80.7300033569336,121341.0,60.782630920410156
2024-06-24,26.878738403320312,35736580,5.4,81.62999725341797,122637.0,60.828392028808594
2024-06-25,26.96185302734375,26370960,5.429,80.83000183105469,122331.0,60.8924674987793
2024-06-26,26.911983489990234,25996630,5.5097,80.9000015258789,122641.0,61.1487922668457
2024-06-27,26.96185302734375,16517160,5.5229,81.73999786376953,124308.0,60.25168991088867
2024-06-28,26.936920166015625,31891310,5.5589,81.54000091552734,123907.0,60.352386474609375
2024-07-01,26.810226440429688,17178810,5.5893,83.37999725341797,124718.0,60.79178237915039
2024-07-02,27.15949058532715,33492580,5.6677,82.80999755859375,124787.0,60.425621032714844
2024-07-03,27.3258056640625,27756190,5.5863,83.87999725341797,125662.0,62.155731201171875
2024-07-05,27.384017944335938,18508050,5.497,83.16000366210938,126267.0,61.917720794677734
2024-07-08,27.334123611450195,19134170,5.472,82.33000183105469,126548.0,61.487483978271484
2024-07-09,27.525388717651367,18473510,5.4387,81.41000366210938,127108.0,61.313560485839844
2024-07-10,27.816442489624023,37802160,5.3967,82.0999984741211,127218.0,61.78041458129883
2024-07-11,27.982755661010742,21573090,5.41,82.62000274658203,128294.0,62.320499420166016
2024-07-12,27.824758529663086,24264020,5.4529,82.20999908447266,128897.0,62.72327423095703
2024-07-15,27.932863235473633,21685840,5.4563,81.91000366210938,129321.0,61.83534240722656
2024-07-16,28.099178314208984,21419090,5.4274,80.76000213623047,129110.0,60.70939254760742
2024-07-17,28.40686798095703,17961900,5.467,82.8499984741211,129450.0,60.20592498779297
2024-07-18,28.273805618286133,17257240,5.5426,82.81999969482422,127652.0,58.92436218261719
2024-07-19,28.490022659301758,26157780,5.5543,80.12999725341797,127616.0,58.384273529052734
2024-07-22,28.473390579223633,13636920,5.5598,79.77999877929688,127860.0,58.57651138305664
2024-07-23,28.431808471679688,18612990,5.5807,76.95999908447266,126590.0,58.155426025390625
2024-07-24,28.390233993530273,17353160,5.6346,77.58999633789062,126423.0,58.118812561035156
2024-07-25,28.2654972076416,21807720,5.6402,78.27999877929688,125954.0,58.88774871826172
2024-07-26,28.473390579223633,12299650,5.6465,77.16000366210938,127492.0,59.55598449707031
2024-07-29,28.681289672851562,16647950,5.6479,75.80999755859375,126954.0,59.2264404296875
2024-07-30,28.573177337646484,19390580,5.6532,74.7300033569336,126139.0,58.155426025390625
2024-07-31,28.17402458190918,27832640,5.6621,77.91000366210938,127652.0,59.64753341674805
2024-08-01,27.76437759399414,24897290,5.6681,76.30999755859375,127395.0,58.118812561035156
2024-08-02,27.41493034362793,26558070,5.7366,73.5199966430664,125854.0,58.2835807800293
2024-08-05,27.41493034362793,29161880,5.7646,72.94000244140625,125270.0,57.64280319213867
2024-08-06,28.022302627563477,28393200,5.6528,73.19999694824219,126267.0,57.725189208984375
2024-08-07,28.097185134887695,44724790,5.6093,75.2300033569336,127514.0,57.24917984008789
2024-08-08,27.997343063354492,21587830,5.6172,76.19000244140625,128661.0,57.59702682495117
2024-08-09,28.75447654724121,26553560,5.5115,76.83999633789062,130615.0,57.889957427978516
2024-08-12,28.796077728271484,23061940,5.4911,80.05999755859375,131116.0,57.954036712646484
2024-08-13,29.611452102661133,43492790,5.4875,78.3499984741211,132398.0,58.3568115234375
2024-08-14,30.3436279296875,59664550,5.4502,76.9800033569336,133318.0,57.15763473510742
2024-08-15,30.826196670532227,35899490,5.4651,78.16000366210938,134153.0,57.44141387939453
2024-08-16,30.56827163696289,37931080,5.4632,76.6500015258789,133953.0,57.724002838134766
2024-08-19,30.751317977905273,24492930,5.4237,74.37000274658203,135778.0,58.854366302490234
2024-08-20,30.975955963134766,17336440,5.4547,74.04000091552734,136087.0,58.4022216796875
2024-08-21,30.851158142089844,15546080,5.4707,71.93000030517578,136464.0,59.71156311035156
2024-08-22,30.56827163696289,23606990,5.5524,73.01000213623047,135173.0,59.09928512573242
2024-08-23,30.335308074951172,23927860,5.5263,74.83000183105469,135608.0,59.363033294677734
2024-08-26,30.401874542236328,15839010,5.4921,77.41999816894531,136889.0,60.02241516113281
2024-08-27,30.435144424438477,16103670,5.4969,75.52999877929688,136776.0,60.28616714477539
2024-08-28,31.092445373535156,35069430,5.5315,74.5199966430664,137344.0,59.34419631958008
2024-08-29,30.751317977905273,24443320,5.6358,75.91000366210938,136041.0,59.645626068115234
2024-08-30,30.534988403320312,67812030,5.6562,73.55000305175781,136004.0,59.59852600097656
2024-09-03,30.782756805419922,17309930,5.6224,70.33999633789062,134353.0,56.83855056762695
2024-09-04,30.999191284179688,22342430,5.6359,69.19999694824219,136111.0,56.603057861328125
2024-09-05,31.1989688873291,12720730,5.6049,69.1500015258789,136502.0,56.88564682006836
2024-09-06,30.757780075073242,17542030,5.5702,67.66999816894531,134572.0,56.24510955810547
2024-09-09,31.057458877563477,15033370,5.6097,68.70999908447266,134737.0,56.5276985168457
2024-09-10,31.057458877563477,14660140,5.6254,65.75,134320.0,56.30162811279297
2024-09-11,31.115726470947266,21633260,5.6387,67.30999755859375,134677.0,57.65806579589844
2024-09-12,30.774431228637695,15834390,5.6554,68.97000122070312,134029.0,58.317447662353516
2024-09-13,30.8077335357666,22242440,5.5717,68.6500015258789,134882.0,58.92030715942383
2024-09-16,30.799409866333008,11895950,5.5207,70.08999633789062,135118.0,59.523170471191406
2024-09-17,30.724491119384766,19399710,5.501,71.19000244140625,134960.0,59.26883316040039
2024-09-18,30.549680709838867,18159020,5.4767,70.91000366210938,133748.0,59.25941848754883
2024-09-19,30.466442108154297,26225760,5.4189,71.94999694824219,133123.0,61.39768981933594
2024-09-20,30.133468627929688,33720060,5.4775,71.91999816894531,131065.0,59.8811149597168
2024-09-23,29.957355499267578,16867180,5.5446,70.37000274658203,130568.0,60.83251190185547
2024-09-24,29.948963165283203,26415840,5.4702,71.55999755859375,132156.0,63.50770568847656
2024-09-25,30.32636833190918,23866590,5.4736,69.69000244140625,131586.0,63.74319839477539
2024-09-26,30.712158203125,41358680,5.4412,67.66999816894531,133010.0,66.64447784423828
2024-09-27,30.82956886291504,30496290,5.4431,68.18000030517578,132730.0,67.09661865234375
2024-09-30,30.284433364868164,27661920,5.4481,68.16999816894531,131816.0,67.04010009765625
2024-10-01,29.78740119934082,29266930,5.4521,69.83000183105469,132495.0,67.03068542480469
2024-10-02,29.972003936767578,22845020,5.4305,70.0999984741211,133515.0,66.71040344238281
2024-10-03,29.23360824584961,34660670,5.485,73.70999908447266,131672.0,65.77786254882812
2024-10-04,29.292343139648438,17030640,5.4686,74.37999725341797,131792.0,65.65540313720703
2024-10-07,29.485334396362305,25641440,5.4626,77.13999938964844,132018.0,65.58004760742188
2024-10-08,29.661540985107422,25413740,5.5197,73.56999969482422,131512.0,62.791812896728516
2024-10-09,29.116134643554688,23016510,5.5737,73.23999786376953,129962.0,62.49979782104492
2024-10-10,29.275562286376953,22535810,5.5819,75.8499984741211,130353.0,62.96136474609375
2024-10-11,29.057397842407227,18665350,5.6263,75.55999755859375,129992.0,63.328731536865234
2024-10-14,29.24199867248535,15879710,5.6045,73.83000183105469,131005.0,63.771453857421875
2024-10-15,29.5776309967041,31681430,5.6378,70.58000183105469,131043.0,62.61283874511719
2024-10-16,29.401426315307617,38487570,5.6749,70.38999938964844,131750.0,62.12300491333008
2024-10-17,29.460163116455078,21660980,5.6758,70.66999816894531,130793.0,61.31291198730469
2024-10-18,29.602802276611328,17187500,5.6672,69.22000122070312,130499.0,61.56724548339844
2024-10-21,29.451766967773438,16381640,5.7068,70.55999755859375,130362.0,61.18103790283203
2024-10-22,29.502117156982422,24126740,5.6958,72.08999633789062,129721.0,61.6802864074707
2024-10-23,29.686710357666016,16888740,5.7149,70.7699966430664,129233.0,60.74773025512695
2024-10-24,29.95522117614746,23530870,5.7087,70.19000244140625,130067.0,60.86077117919922
2024-10-25,29.619585037231445,16874000,5.6969,71.77999877929688,129893.0,61.49188995361328
2024-10-28,29.98039436340332,11586300,5.6988,67.37999725341797,131213.0,62.33966064453125
2024-10-29,29.661540985107422,12840080,5.714,67.20999908447266,130730.0,62.71644973754883
2024-10-30,29.5776309967041,11729190,5.7801,68.61000061035156,130639.0,62.07591247558594
2024-10-31,29.384639739990234,22085580,5.7779,69.26000213623047,129713.0,61.12451934814453
2024-11-01,29.223163604736328,25026760,5.8073,69.48999786376953,128121.0,61.53899002075195
2024-11-04,29.61773109436035,22549890,5.7898,71.47000122070312,130515.0,61.23755645751953
2024-11-05,30.50760269165039,57777280,5.7846,71.98999786376953,130661.0,61.69912338256836
2024-11-06,30.36488914489746,42775700,5.7648,71.69000244140625,130341.0,61.53899002075195
2024-11-07,29.919958114624023,16326530,5.6624,72.36000061035156,129682.0,63.5548095703125
2024-11-08,29.449831008911133,25483480,5.7648,70.37999725341797,127830.0,60.69121551513672
2024-11-11,29.483409881591797,20075440,5.798,68.04000091552734,127874.0,58.967403411865234
2024-11-12,29.130817413330078,25816780,5.7694,68.12000274658203,127698.0,57.64864730834961
2024-11-13,28.97970962524414,28840790,5.7713,68.43000030517578,127734.0,57.10230255126953
2024-11-14,28.895753860473633,33993850,5.7885,68.69999694824219,127792.0,56.9233283996582
2024-11-18,28.795015335083008,20352420,5.7603,69.16000366210938,127768.0,58.5152587890625
2024-11-19,29.055259704589844,17494950,5.7743,69.38999938964844,128197.0,58.807273864746094
2024-11-21,28.55155372619629,27890720,5.8173,70.0999984741211,126922.0,58.93914794921875
2024-11-22,28.635507583618164,14178780,5.8124,71.23999786376953,129126.0,58.731910705566406
2024-11-25,28.62711524963379,26230380,5.8002,68.94000244140625,129036.0,59.325355529785156
2024-11-26,29.17279052734375,29383420,5.799,68.7699966430664,129922.0,58.43048095703125
2024-11-27,28.459213256835938,26035020,5.8291,68.72000122070312,127669.0,58.703651428222656
2024-11-29,27.367856979370117,40506290,6.0535,68.0,125668.0,59.193477630615234
2024-12-02,26.97949981689453,24295370,6.0634,68.0999984741211,125236.0,59.59852600097656
2024-12-03,27.281883239746094,22677160,6.0707,69.94000244140625,126139.0,59.82460021972656
2024-12-04,27.44987678527832,24381610,6.0581,68.54000091552734,126087.0,59.71156311035156
2024-12-05,28.0378475189209,35871110,5.9849,68.30000305175781,127858.0,59.834022521972656
2024-12-06,27.4666805267334,23530540,6.0293,67.19999694824219,125946.0,58.50584411621094
2024-12-09,27.601070404052734,17790300,6.057,68.37000274658203,127210.0,61.12451934814453
2024-12-10,27.97465705871582,20823220,6.0529,68.58999633789062,128228.0,61.0585823059082
2024-12-11,28.24600601196289,34937540,6.032,70.29000091552734,129593.0,61.20930099487305
2024-12-12,27.542186737060547,26679180,5.9408,70.0199966430664,126042.0,59.76808166503906
2024-12-13,27.1860408782959,27182870,6.04,71.29000091552734,124612.0,58.60003662109375
2024-12-16,26.889249801635742,36324860,6.0509,70.70999908447266,123560.0,57.705162048339844
2024-12-17,27.033403396606445,44123970,6.1685,70.08000183105469,124698.0,57.893558502197266
2024-12-18,26.261747360229492,56468060,6.1624,70.58000183105469,120772.0,55.89657974243164
2024-12-19,26.405900955200195,51735310,6.1841,69.91000366210938,121188.0,55.32197570800781
2024-12-20,26.71117401123047,58456420,6.078,69.45999908447266,122102.0,55.23719787597656
2024-12-23,26.19390869140625,30510150,6.1612,69.23999786376953,120767.0,55.792964935302734
2024-12-26,26.36350440979004,22600270,6.1656,69.62000274658203,121078.0,55.81180191040039
2024-12-27,26.100631713867188,14969460,6.1991,70.5999984741211,120269.0,55.58572769165039
2024-12-30,26.058231353759766,31215030,6.1923,70.98999786376953,120283.0,55.190101623535156
2025-01-02,25.937454223632812,28207740,6.2086,73.12999725341797,120125.0,55.359657287597656
2025-01-03,25.301109313964844,38873010,6.1563,73.95999908447266,118533.0,55.199520111083984
2025-01-06,26.438047409057617,34081630,6.1119,73.55999755859375,120022.0,54.992286682128906
2025-01-07,26.72652244567871,27790620,6.0741,74.25,121163.0,54.81330871582031
2025-01-08,26.29380989074707,21148710,6.1321,73.31999969482422,119625.0,55.227779388427734
2025-01-10,25.996845245361328,21217130,6.0965,76.56999969482422,118856.0,55.425594329833984
2025-01-13,26.183507919311523,17025030,6.1079,78.81999969482422,119007.0,56.06613540649414
2025-01-14,26.20047950744629,22260700,6.0671,77.5,119299.0,56.87622833251953
2025-01-15,27.33741569519043,39134260,6.0377,80.04000091552734,122650.0,56.95158767700195
2025-01-16,27.252567291259766,24043910,6.0322,78.68000030517578,121234.0,56.320465087890625
2025-01-17,27.447715759277344,22939620,6.0609,77.87999725341797,122350.0,57.554447174072266
2025-01-21,27.770132064819336,15454780,6.044,75.88999938964844,123338.0,58.147891998291016
2025-01-22,27.668317794799805,23141690,5.9674,75.44000244140625,122972.0,57.57328796386719
2025-01-23,27.608922958374023,22246400,5.9399,74.62000274658203,122483.0,57.98775863647461
2025-01-24,27.541046142578125,9620600,5.8925,74.66000366210938,122447.0,58.487003326416016
2025-01-27,28.202844619750977,22250470,5.9272,73.16999816894531,124862.0,58.37396240234375
2025-01-28,28.25374984741211,15771360,5.893,73.7699966430664,124056.0,56.4240837097168
2025-01-29,28.185876846313477,13258190,5.8596,72.62000274658203,123432.0,56.25453186035156
2025-01-30,28.87312889099121,28844530,5.9006,72.7300033569336,126913.0,57.37547302246094
2025-01-31,28.68646812438965,19837840,5.8301,72.52999877929688,126135.0,56.90448760986328
2025-02-03,28.42131233215332,24929520,5.8687,73.16000366210938,125970.0,56.376983642578125
2025-02-04,28.523181915283203,22480260,5.7927,72.69999694824219,125147.0,57.64864730834961
2025-02-05,28.95612144470215,44027830,5.7997,71.02999877929688,125534.0,57.808780670166016
2025-02-06,29.007057189941406,42761730,5.7856,70.61000061035156,126225.0,58.58119583129883
2025-02-07,28.794828414916992,38916130,5.7557,71.0,124619.0,58.355125427246094
2025-02-10,29.108924865722656,41443710,5.7808,72.31999969482422,125572.0,58.637718200683594
2025-02-11,29.414533615112305,34478070,5.7788,73.31999969482422,126522.0,58.072532653808594
2025-02-12,28.59958267211914,33312180,5.7711,71.37000274658203,124380.0,58.439903259277344
2025-02-13,28.75238609313965,14727020,5.7788,71.29000091552734,124850.0,59.617366790771484
2025-02-14,29.516399383544922,32569020,5.7283,70.73999786376953,128219.0,59.68330764770508
2025-02-18,29.526348114013672,33658570,5.6979,71.8499984741211,128532.0,60.45572280883789
2025-02-19,29.25065040588379,24754290,5.7087,72.25,127309.0,59.11811828613281
2025-02-20,29.170608520507812,17423670,5.7019,72.56999969482422,127601.0,60.5593376159668
2025-02-21,29.0816707611084,33361460,5.7027,70.4000015258789,127128.0,59.843441009521484
2025-02-24,28.92159080505371,28174190,5.7258,70.69999694824219,125401.0,59.09928512573242
2025-02-25,29.215076446533203,28803280,5.7779,68.93000030517578,125980.0,58.50584411621094
2025-02-26,29.143930435180664,23773750,5.7757,68.62000274658203,124769.0,58.006595611572266
2025-02-27,29.11724853515625,22801350,5.8228,70.3499984741211,124799.0,57.187076568603516
2025-02-28,28.405771255493164,38851120,5.8488,69.76000213623047,122799.0,57.04578399658203
2025-03-05,28.830801010131836,28547750,5.7914,66.30999755859375,123047.0,60.0506706237793
2025-03-06,28.884191513061523,20467590,5.7489,66.36000061035156,123358.0,60.229644775390625
2025-03-07,29.00876808166504,22710490,5.7688,67.04000091552734,125035.0,60.8349723815918
2025-03-10,29.266822814941406,30448440,5.793,66.02999877929688,124519.0,60.73733901977539
2025-03-11,29.00876808166504,20393450,5.8346,66.25,123507.0,60.385860443115234
2025-03-12,29.097753524780273,19709470,5.8268,67.68000030517578,123864.0,59.341190338134766
2025-03-13,29.569368362426758,31729170,5.8131,66.55000305175781,125637.0,59.751251220703125
2025-03-14,30.5303955078125,34804110,5.7419,67.18000030517578,128957.0,61.547691345214844
2025-03-17,31.446929931640625,29819240,5.7082,67.58000183105469,130834.0,61.96751403808594
2025-03-18,31.615999221801758,29878800,5.6852,66.9000015258789,131475.0,62.62165069580078
2025-03-19,31.694307327270508,24673900,5.6657,67.16000366210938,132508.0,62.34828186035156
2025-03-20,31.40066146850586,31200500,5.6628,68.26000213623047,131955.0,61.4305305480957
2025-03-21,31.46917724609375,47612800,5.7241,68.27999877929688,132345.0,60.52254867553711
2025-03-24,31.4985408782959,31882100,5.7403,69.11000061035156,131321.0,60.69828414916992
2025-03-25,31.753034591674805,19003900,5.6992,69.0,132068.0,61.32313919067383
2025-03-26,31.410444259643555,31903000,5.7298,69.6500015258789,132520.0,61.3817138671875
2025-03-27,31.44959831237793,28518400,5.7474,69.91999816894531,133149.0,60.864261627197266
2025-03-28,31.0189151763916,22271700,5.766,69.36000061035156,131902.0,59.58527374267578
2025-03-31,30.74484634399414,25378000,5.7422,71.4800033569336,130260.0,58.65776443481445
2025-04-01,30.752338409423828,12377800,5.7051,71.19999694824219,131147.0,58.8042106628418
2025-04-02,30.762134552001953,11794000,5.6923,71.70999908447266,131190.0,58.482025146484375
2025-04-03,31.310579299926758,31919100,5.6067,66.94999694824219,131141.0,57.04682159423828
2025-04-04,30.49770164489746,31636200,5.7777,61.9900016784668,127256.0,53.37582778930664
2025-04-07,30.556467056274414,32292300,5.8877,60.70000076293945,125588.0,53.268436431884766
2025-04-08,30.56625747680664,36022000,5.9368,59.58000183105469,123932.0,51.081459045410156
2025-04-09,31.124502182006836,36802300,6.0605,62.349998474121094,127796.0,54.2935791015625
2025-04-10,30.997182846069336,35288600,5.9115,60.06999969482422,126355.0,53.57109451293945
2025-04-11,31.153884887695312,27525100,5.8737,61.5,127682.0,55.51398849487305
2025-04-14,31.66316032409668,26240000,5.8425,61.529998779296875,129454.0,55.66043472290039
2025-04-15,32.064701080322266,24967200,5.8707,61.33000183105469,129245.0,55.904518127441406
2025-04-16,32.01573181152344,31486700,5.8808,62.470001220703125,128317.0,55.806884765625
2025-04-17,32.074493408203125,19905200,5.8559,64.68000030517578,129650.0,56.79297637939453
2025-04-22,32.7012939453125,20994900,5.7496,64.30999755859375,130464.0,58.208648681640625
2025-04-23,33.3868522644043,27257100,5.688,62.27000045776367,132216.0,58.77492141723633
2025-04-24,34.033241271972656,26895100,5.6738,62.790000915527344,134580.0,60.22964859008789
2025-04-25,33.905921936035156,31763200,5.6846,63.02000045776367,134739.0,59.126399993896484
2025-04-28,34.26829528808594,15208100,5.6681,62.04999923706055,135016.0,59.42905807495117
2025-04-29,34.54251480102539,24481400,5.6467,60.41999816894531,135093.0,59.43882369995117
2025-04-30,34.84612274169922,31480200,5.6608,58.209999084472656,135067.0,57.99386215209961
2025-05-02,34.755638122558594,38043100,5.6394,58.290000915527344,135134.0,58.28675842285156
2025-05-05,34.13832092285156,27611800,5.652,57.130001068115234,133491.0,58.15983581542969
2025-05-06,33.961952209472656,17255400,5.721,59.09000015258789,133516.0,58.3843879699707
2025-05-07,34.33429718017578,13397900,5.7375,58.06999969482422,133398.0,58.59918212890625
2025-05-08,34.6086540222168,33186100,5.686,59.90999984741211,136232.0,57.77906799316406
2025-05-09,36.48018264770508,58004600,5.6511,61.02000045776367,136512.0,58.56012725830078
2025-05-12,35.74529266357422,26894900,5.6822,61.95000076293945,136563.0,59.956275939941406
2025-05-13,36.18622970581055,24635200,5.6262,63.66999816894531,138963.0,60.795921325683594
2025-05-14,36.431190490722656,17869500,5.61,63.150001525878906,138423.0,60.56159973144531
2025-05-15,36.92112350463867,26350700,5.6328,61.619998931884766,139334.0,61.264556884765625
2025-05-16,37.136695861816406,29635800,5.6925,62.4900016784668,139187.0,61.157161712646484
2025-05-19,37.57763671875,24323000,5.6591,62.689998626708984,139636.0,60.91307830810547
2025-05-20,37.52864074707031,17978200,5.662,62.560001373291016,140110.0,60.766632080078125
2025-05-21,36.774139404296875,20216400,5.6571,61.56999969482422,137881.0,60.51278305053711
2025-05-22,36.519378662109375,22889800,5.639,61.20000076293945,137273.0,59.67314147949219
2025-05-23,36.96031951904297,20125900,5.6932,61.529998779296875,137824.0,60.12225341796875
2025-05-27,37.332664489746094,14716300,5.6539,60.88999938964844,139541.0,59.3607177734375
2025-05-28,37.028907775878906,14548200,5.6936,61.84000015258789,138888.0,58.53084182739258
2025-05-29,36.734947204589844,17515300,5.6559,60.939998626708984,138534.0,58.77492141723633
2025-05-30,36.6761589050293,31193800,5.7087,60.790000915527344,137027.0,58.02314758300781
2025-06-02,36.41897201538086,23075800,5.6937,62.52000045776367,136787.0,58.16960144042969
2025-06-03,36.30133056640625,23511000,5.6694,63.40999984741211,137546.0,57.456878662109375
2025-06-04,36.21310043334961,17266700,5.6332,62.849998474121094,137002.0,57.163978576660156
2025-06-05,35.77195739746094,24798200,5.5969,63.369998931884766,136236.0,57.837650299072266
2025-06-06,35.860191345214844,18187900,5.5947,64.58000183105469,136102.0,57.63261795043945
2025-06-09,35.673927307128906,23946500,5.576,65.29000091552734,135699.0,57.90599060058594
2025-06-10,35.61861801147461,20363600,5.5557,64.9800033569336,136436.0,58.06220245361328
2025-06-11,35.945125579833984,16180000,5.539,68.1500015258789,137128.0,57.437355041503906
2025-06-12,36.2221565246582,21869400,5.5388,68.04000091552734,137800.0,57.2909049987793
2025-06-13,35.78681182861328,14389900,5.5652,72.9800033569336,137213.0,56.62699890136719
2025-06-16,36.43982696533203,17353400,5.5123,71.7699966430664,139256.0,56.929664611816406
2025-06-17,36.657493591308594,19547100,5.4773,74.83999633789062,138840.0,55.66043472290039
2025-06-18,36.43982696533203,19694400,5.4879,75.13999938964844,138717.0,55.59209060668945
2025-06-20,36.251834869384766,21205800,5.4957,74.93000030517578,137116.0,54.56694793701172
2025-06-23,36.17268753051758,14282900,5.5213,68.51000213623047,136551.0,55.73854446411133
2025-06-24,36.85537338256836,20137900,5.4938,64.37000274658203,137165.0,55.83617401123047
2025-06-25,36.19247817993164,19790900,5.5427,64.91999816894531,135767.0,55.36753845214844
2025-06-26,35.92533493041992,23026900,5.5145,65.23999786376953,137114.0,57.19327163696289
2025-06-27,35.88575744628906,13825500,5.4759,65.5199966430664,136866.0,57.349483489990234
2025-06-30,36.558555603027344,29818100,5.4571,65.11000061035156,138855.0,56.94919204711914
2025-07-01,36.72450637817383,18167000,5.4511,65.44999694824219,139549.0,56.919898986816406
2025-07-02,36.42754364013672,19739300,5.4512,67.44999694824219,139051.0,58.755393981933594
2025-07-03,37.328330993652344,13539000,5.4208,67.0,140928.0,57.62285614013672
2025-07-07,36.85319137573242,13480700,5.4552,67.93000030517578,139490.0,56.295047760009766
2025-07-08,36.764102935791016,20899600,5.4571,68.33000183105469,139303.0,57.339717864990234
2025-07-09,36.001895904541016,15624400,5.4626,68.37999725341797,137481.0,57.320194244384766
2025-07-10,34.89323043823242,38419300,5.5433,66.56999969482422,136743.0,58.67728805541992
2025-07-11,34.60616683959961,41882800,5.5722,68.44999694824219,136187.0,59.65361404418945
2025-07-14,34.546775817871094,25888400,5.5595,66.9800033569336,135299.0,58.40391540527344
2025-07-15,34.665557861328125,26559500,5.5576,66.5199966430664,135250.0,57.08587646484375
2025-07-16,34.833839416503906,26849800,5.5722,66.37999725341797,135511.0,58.3062858581543
2025-07-17,35.35847473144531,24842500,5.5737,67.54000091552734,135565.0,58.608943939208984
2025-07-18,34.715049743652344,31288500,5.5466,67.33999633789062,133382.0,59.10687255859375
2025-07-21,35.12090301513672,11994700,5.5625,67.19999694824219,134167.0,60.58112716674805
2025-07-22,34.6457633972168,22650800,5.5709,66.20999908447266,134036.0,62.80715560913086
2025-07-23,35.03181457519531,12885400,5.5537,65.25,135368.0,63.090293884277344
2025-07-24,34.70515823364258,11126300,5.5239,66.02999877929688,133808.0,62.318992614746094
2025-07-25,34.853633880615234,17978700,5.5426,65.16000366210938,133524.0,61.60626983642578
2025-07-28,34.12112808227539,17329500,5.5877,66.70999908447266,132129.0,60.717811584472656
2025-07-29,34.31909942626953,16170700,5.5764,69.20999908447266,132726.0,60.795921325683594
2025-07-30,34.715049743652344,18962900,5.6034,70.0,133990.0,58.081729888916016
2025-07-31,34.804141998291016,21361000,5.6021,69.26000213623047,133071.0,58.3551025390625
2025-08-01,34.59383773803711,16018100,5.5436,67.33000183105469,132437.0,58.23794174194336
